"origin","destination","distance","time"
"52.4217521123911, 13.1635022141726","52.5075075, 13.3903737",23439,3307
"52.4217521123911, 13.1635022141726","52.5542753, 13.3785425",28241,3836
"52.4217521123911, 13.1635022141726","52.5063, 13.3840159",20367,3096
"52.4217521123911, 13.1635022141726","52.5206458, 13.2932877",15771,2698
"52.4217521123911, 13.1635022141726","52.5239216, 13.3888786",21914,2876
"52.4217521123911, 13.1635022141726","52.5168416, 13.3816742",21804,3065
"52.4217521123911, 13.1635022141726","52.5040556, 13.3379413",16970,2483
"52.4217521123911, 13.1635022141726","52.5090125, 13.3792937",20923,3065
"52.4217521123911, 13.1635022141726","52.4983661, 13.3605076",19008,2892
"52.4217521123911, 13.1635022141726","52.5478117, 13.3892456",23917,3229
"52.4217521123911, 13.1635022141726","52.5046782, 13.4490212",26735,3325
"52.4217521123911, 13.1635022141726","52.5136642, 13.4727613",29751,3696
"52.4217521123911, 13.1635022141726","52.5016098, 13.381181",20066,2855
"52.4217521123911, 13.1635022141726","52.5214137, 13.4034811",22754,2799
"52.4217521123911, 13.1635022141726","52.5176913, 13.4419715",26023,3927
"52.4217521123911, 13.1635022141726","52.517699, 13.3970326",23390,3299
"52.4217521123911, 13.1635022141726","52.5303108, 13.3186121",20220,3160
"52.4217521123911, 13.1635022141726","52.5146378, 13.3905283",22332,3021
"52.4217521123911, 13.1635022141726","52.5145186, 13.487322",31517,4628
"52.4217521123911, 13.1635022141726","52.5170316, 13.4012274",23355,3300
"52.4217521123911, 13.1635022141726","52.5207714, 13.3889021",21581,2613
"52.4217521123911, 13.1635022141726","52.5027268, 13.4453492",27135,3659
"52.4217521123911, 13.1635022141726","52.5284267, 13.3720175",20718,2655
"52.4217521123911, 13.1635022141726","52.5209131, 13.3871461",21680,2472
"52.4217521123911, 13.1635022141726","52.5304903, 13.3791152",21225,3032
"52.4217521123911, 13.1635022141726","52.4864896, 13.4217418",25592,3562
"52.4217521123911, 13.1635022141726","52.5215057, 13.4069139",23673,2883
"52.4217521123911, 13.1635022141726","52.5174377, 13.3898033",21874,2852
"52.4217521123911, 13.1635022141726","52.5111669, 13.4430356",26499,3592
"52.4217521123911, 13.1635022141726","52.5076615, 13.454537",27080,3595
"52.4217521123911, 13.1635022141726","52.5121441, 13.3083771",15513,2509
"52.4217521123911, 13.1635022141726","52.5087884, 13.378434",20860,3033
"52.4217521123911, 13.1635022141726","52.5019061, 13.3308361",16901,2421
"52.4217521123911, 13.1635022141726","52.5088651, 13.2707514",14632,2823
"52.4217521123911, 13.1635022141726","52.5264743, 13.39691",23406,3317
"52.4217521123911, 13.1635022141726","52.5106807, 13.419484",24936,3424
"52.4217521123911, 13.1635022141726","52.4602228, 13.5056519",35982,4460
"52.4217521123911, 13.1635022141726","52.474199, 13.141735",36391,6228
"52.4217521123911, 13.1635022141726","52.5021802, 13.364582",19395,3205
"52.4217521123911, 13.1635022141726","52.5205791, 13.4089041",23567,2775
"52.4217521123911, 13.1635022141726","52.4986678, 13.3566505",18474,2893
"52.4217521123911, 13.1635022141726","52.520848, 13.4084747",23570,2777
"52.4217521123911, 13.1635022141726","52.49694, 13.4540533",27525,4254
"52.4217521123911, 13.1635022141726","52.4840199, 13.4053429",20763,3958
"52.4217521123911, 13.1635022141726","52.5049039, 13.4431471",27147,3656
"52.4217521123911, 13.1635022141726","52.524042, 13.402083",22759,2796
"52.4217521123911, 13.1635022141726","52.5071871, 13.390676",23401,3277
"52.4217521123911, 13.1635022141726","52.4583565, 13.2889441",12432,3150
"52.4217521123911, 13.1635022141726","52.5112074, 13.4169157",24663,3198
"52.4217521123911, 13.1635022141726","52.440493, 13.3911183",20291,3839
"52.4200898687858, 13.176303161968","52.5075075, 13.3903737",22139,2535
"52.4200898687858, 13.176303161968","52.5542753, 13.3785425",22832,3135
"52.4200898687858, 13.176303161968","52.5063, 13.3840159",19372,2621
"52.4200898687858, 13.176303161968","52.5206458, 13.2932877",16836,2505
"52.4200898687858, 13.176303161968","52.5239216, 13.3888786",20800,2249
"52.4200898687858, 13.176303161968","52.5168416, 13.3816742",20809,2590
"52.4200898687858, 13.176303161968","52.5040556, 13.3379413",16033,1800
"52.4200898687858, 13.176303161968","52.5090125, 13.3792937",19928,2590
"52.4200898687858, 13.176303161968","52.4983661, 13.3605076",18109,2180
"52.4200898687858, 13.176303161968","52.5478117, 13.3892456",24729,2889
"52.4200898687858, 13.176303161968","52.5046782, 13.4490212",25740,2928
"52.4200898687858, 13.176303161968","52.5136642, 13.4727613",26801,3425
"52.4200898687858, 13.176303161968","52.5016098, 13.381181",19071,2380
"52.4200898687858, 13.176303161968","52.5214137, 13.4034811",21759,2402
"52.4200898687858, 13.176303161968","52.5176913, 13.4419715",24723,3215
"52.4200898687858, 13.176303161968","52.517699, 13.3970326",21241,2599
"52.4200898687858, 13.176303161968","52.5303108, 13.3186121",19225,2763
"52.4200898687858, 13.176303161968","52.5146378, 13.3905283",21032,2453
"52.4200898687858, 13.176303161968","52.5145186, 13.487322",27977,3856
"52.4200898687858, 13.176303161968","52.5170316, 13.4012274",21709,2771
"52.4200898687858, 13.176303161968","52.5207714, 13.3889021",20473,1982
"52.4200898687858, 13.176303161968","52.5027268, 13.4453492",26140,3262
"52.4200898687858, 13.176303161968","52.5284267, 13.3720175",19418,2081
"52.4200898687858, 13.176303161968","52.5209131, 13.3871461",20380,1904
"52.4200898687858, 13.176303161968","52.5304903, 13.3791152",22109,2538
"52.4200898687858, 13.176303161968","52.4864896, 13.4217418",26989,3150
"52.4200898687858, 13.176303161968","52.5215057, 13.4069139",22373,2333
"52.4200898687858, 13.176303161968","52.5174377, 13.3898033",20750,2202
"52.4200898687858, 13.176303161968","52.5111669, 13.4430356",25199,3138
"52.4200898687858, 13.176303161968","52.5076615, 13.454537",26085,3198
"52.4200898687858, 13.176303161968","52.5121441, 13.3083771",17566,2175
"52.4200898687858, 13.176303161968","52.5087884, 13.378434",19865,2558
"52.4200898687858, 13.176303161968","52.5019061, 13.3308361",16040,1816
"52.4200898687858, 13.176303161968","52.5088651, 13.2707514",20274,2665
"52.4200898687858, 13.176303161968","52.5264743, 13.39691",21653,2795
"52.4200898687858, 13.176303161968","52.5106807, 13.419484",23799,2750
"52.4200898687858, 13.176303161968","52.4602228, 13.5056519",34682,3952
"52.4200898687858, 13.176303161968","52.474199, 13.141735",28638,5231
"52.4200898687858, 13.176303161968","52.5021802, 13.364582",18496,2493
"52.4200898687858, 13.176303161968","52.5205791, 13.4089041",22267,2225
"52.4200898687858, 13.176303161968","52.4986678, 13.3566505",17575,2181
"52.4200898687858, 13.176303161968","52.520848, 13.4084747",22270,2227
"52.4200898687858, 13.176303161968","52.49694, 13.4540533",28784,3670
"52.4200898687858, 13.176303161968","52.4840199, 13.4053429",19768,3483
"52.4200898687858, 13.176303161968","52.5049039, 13.4431471",26152,3259
"52.4200898687858, 13.176303161968","52.524042, 13.402083",21764,2399
"52.4200898687858, 13.176303161968","52.5071871, 13.390676",22101,2505
"52.4200898687858, 13.176303161968","52.4583565, 13.2889441",11580,2279
"52.4200898687858, 13.176303161968","52.5112074, 13.4169157",23634,2610
"52.4200898687858, 13.176303161968","52.440493, 13.3911183",19296,3364
"52.4051070001368, 13.134430863293","52.5075075, 13.3903737",24080,4073
"52.4051070001368, 13.134430863293","52.5542753, 13.3785425",31432,4463
"52.4051070001368, 13.134430863293","52.5063, 13.3840159",23559,3723
"52.4051070001368, 13.134430863293","52.5206458, 13.2932877",22516,4105
"52.4051070001368, 13.134430863293","52.5239216, 13.3888786",25291,3444
"52.4051070001368, 13.134430863293","52.5168416, 13.3816742",24996,3692
"52.4051070001368, 13.134430863293","52.5040556, 13.3379413",20524,3043
"52.4051070001368, 13.134430863293","52.5090125, 13.3792937",24115,3692
"52.4051070001368, 13.134430863293","52.4983661, 13.3605076",22610,3764
"52.4051070001368, 13.134430863293","52.5478117, 13.3892456",27109,4216
"52.4051070001368, 13.134430863293","52.5046782, 13.4490212",33480,4732
"52.4051070001368, 13.134430863293","52.5136642, 13.4727613",32942,4383
"52.4051070001368, 13.134430863293","52.5016098, 13.381181",23258,3482
"52.4051070001368, 13.134430863293","52.5214137, 13.4034811",29499,4206
"52.4051070001368, 13.134430863293","52.5176913, 13.4419715",29214,4554
"52.4051070001368, 13.134430863293","52.517699, 13.3970326",25732,3794
"52.4051070001368, 13.134430863293","52.5303108, 13.3186121",26965,4567
"52.4051070001368, 13.134430863293","52.5146378, 13.3905283",25523,3648
"52.4051070001368, 13.134430863293","52.5145186, 13.487322",32468,5195
"52.4051070001368, 13.134430863293","52.5170316, 13.4012274",28106,3930
"52.4051070001368, 13.134430863293","52.5207714, 13.3889021",24964,3177
"52.4051070001368, 13.134430863293","52.5027268, 13.4453492",33880,5066
"52.4051070001368, 13.134430863293","52.5284267, 13.3720175",23909,3282
"52.4051070001368, 13.134430863293","52.5209131, 13.3871461",24871,3099
"52.4051070001368, 13.134430863293","52.5304903, 13.3791152",26600,3877
"52.4051070001368, 13.134430863293","52.4864896, 13.4217418",31480,4489
"52.4051070001368, 13.134430863293","52.5215057, 13.4069139",26864,3510
"52.4051070001368, 13.134430863293","52.5174377, 13.3898033",25241,3397
"52.4051070001368, 13.134430863293","52.5111669, 13.4430356",29690,4279
"52.4051070001368, 13.134430863293","52.5076615, 13.454537",33825,5002
"52.4051070001368, 13.134430863293","52.5121441, 13.3083771",22057,3274
"52.4051070001368, 13.134430863293","52.5087884, 13.378434",24052,3660
"52.4051070001368, 13.134430863293","52.5019061, 13.3308361",20531,3059
"52.4051070001368, 13.134430863293","52.5088651, 13.2707514",20569,3837
"52.4051070001368, 13.134430863293","52.5264743, 13.39691",26767,4284
"52.4051070001368, 13.134430863293","52.5106807, 13.419484",31680,4831
"52.4051070001368, 13.134430863293","52.4602228, 13.5056519",39684,6242
"52.4051070001368, 13.134430863293","52.474199, 13.141735",29858,6435
"52.4051070001368, 13.134430863293","52.5021802, 13.364582",25364,4444
"52.4051070001368, 13.134430863293","52.5205791, 13.4089041",26758,3402
"52.4051070001368, 13.134430863293","52.4986678, 13.3566505",22066,3520
"52.4051070001368, 13.134430863293","52.520848, 13.4084747",26761,3404
"52.4051070001368, 13.134430863293","52.49694, 13.4540533",33275,4829
"52.4051070001368, 13.134430863293","52.4840199, 13.4053429",23955,4645
"52.4051070001368, 13.134430863293","52.5049039, 13.4431471",33892,5063
"52.4051070001368, 13.134430863293","52.524042, 13.402083",29504,4203
"52.4051070001368, 13.134430863293","52.5071871, 13.390676",24043,4045
"52.4051070001368, 13.134430863293","52.4583565, 13.2889441",15624,3777
"52.4051070001368, 13.134430863293","52.5112074, 13.4169157",31407,4605
"52.4051070001368, 13.134430863293","52.440493, 13.3911183",23483,4466
"52.4028713045399, 13.2562057487655","52.5075075, 13.3903737",17705,2714
"52.4028713045399, 13.2562057487655","52.5542753, 13.3785425",24437,3704
"52.4028713045399, 13.2562057487655","52.5063, 13.3840159",17184,2532
"52.4028713045399, 13.2562057487655","52.5206458, 13.2932877",23137,3826
"52.4028713045399, 13.2562057487655","52.5239216, 13.3888786",19548,2831
"52.4028713045399, 13.2562057487655","52.5168416, 13.3816742",18624,2483
"52.4028713045399, 13.2562057487655","52.5040556, 13.3379413",18286,3391
"52.4028713045399, 13.2562057487655","52.5090125, 13.3792937",17743,2483
"52.4028713045399, 13.2562057487655","52.4983661, 13.3605076",16490,3005
"52.4028713045399, 13.2562057487655","52.5478117, 13.3892456",23471,3175
"52.4028713045399, 13.2562057487655","52.5046782, 13.4490212",24496,3643
"52.4028713045399, 13.2562057487655","52.5136642, 13.4727613",25344,3564
"52.4028713045399, 13.2562057487655","52.5016098, 13.381181",16883,2291
"52.4028713045399, 13.2562057487655","52.5214137, 13.4034811",20515,3117
"52.4028713045399, 13.2562057487655","52.5176913, 13.4419715",23253,3795
"52.4028713045399, 13.2562057487655","52.517699, 13.3970326",19773,3337
"52.4028713045399, 13.2562057487655","52.5303108, 13.3186121",27585,4288
"52.4028713045399, 13.2562057487655","52.5146378, 13.3905283",19119,3021
"52.4028713045399, 13.2562057487655","52.5145186, 13.487322",26507,4436
"52.4028713045399, 13.2562057487655","52.5170316, 13.4012274",20232,3289
"52.4028713045399, 13.2562057487655","52.5207714, 13.3889021",19293,2643
"52.4028713045399, 13.2562057487655","52.5027268, 13.4453492",24896,3977
"52.4028713045399, 13.2562057487655","52.5284267, 13.3720175",20898,3302
"52.4028713045399, 13.2562057487655","52.5209131, 13.3871461",19161,2547
"52.4028713045399, 13.2562057487655","52.5304903, 13.3791152",21527,3345
"52.4028713045399, 13.2562057487655","52.4864896, 13.4217418",20188,3430
"52.4028713045399, 13.2562057487655","52.5215057, 13.4069139",21272,3339
"52.4028713045399, 13.2562057487655","52.5174377, 13.3898033",18979,2836
"52.4028713045399, 13.2562057487655","52.5111669, 13.4430356",25151,4178
"52.4028713045399, 13.2562057487655","52.5076615, 13.454537",24841,3913
"52.4028713045399, 13.2562057487655","52.5121441, 13.3083771",22294,3577
"52.4028713045399, 13.2562057487655","52.5087884, 13.378434",17680,2451
"52.4028713045399, 13.2562057487655","52.5019061, 13.3308361",15828,2641
"52.4028713045399, 13.2562057487655","52.5088651, 13.2707514",26832,4205
"52.4028713045399, 13.2562057487655","52.5264743, 13.39691",20395,3075
"52.4028713045399, 13.2562057487655","52.5106807, 13.419484",22696,3742
"52.4028713045399, 13.2562057487655","52.4602228, 13.5056519",33664,4499
"52.4028713045399, 13.2562057487655","52.474199, 13.141735",44779,7476
"52.4028713045399, 13.2562057487655","52.5021802, 13.364582",18992,3325
"52.4028713045399, 13.2562057487655","52.5205791, 13.4089041",21166,3231
"52.4028713045399, 13.2562057487655","52.4986678, 13.3566505",16771,3255
"52.4028713045399, 13.2562057487655","52.520848, 13.4084747",21169,3233
"52.4028713045399, 13.2562057487655","52.49694, 13.4540533",23291,3804
"52.4028713045399, 13.2562057487655","52.4840199, 13.4053429",17067,3582
"52.4028713045399, 13.2562057487655","52.5049039, 13.4431471",24908,3974
"52.4028713045399, 13.2562057487655","52.524042, 13.402083",20520,3114
"52.4028713045399, 13.2562057487655","52.5071871, 13.390676",17668,2686
"52.4028713045399, 13.2562057487655","52.4583565, 13.2889441",14488,3078
"52.4028713045399, 13.2562057487655","52.5112074, 13.4169157",22423,3516
"52.4028713045399, 13.2562057487655","52.440493, 13.3911183",12894,3267
"52.4489179245087, 13.1638728947828","52.5075075, 13.3903737",31520,8666
"52.4489179245087, 13.1638728947828","52.5542753, 13.3785425",36322,8865
"52.4489179245087, 13.1638728947828","52.5063, 13.3840159",28449,8725
"52.4489179245087, 13.1638728947828","52.5206458, 13.2932877",28422,8486
"52.4489179245087, 13.1638728947828","52.5239216, 13.3888786",30181,7846
"52.4489179245087, 13.1638728947828","52.5168416, 13.3816742",30428,8056
"52.4489179245087, 13.1638728947828","52.5040556, 13.3379413",25414,7445
"52.4489179245087, 13.1638728947828","52.5090125, 13.3792937",29005,8694
"52.4489179245087, 13.1638728947828","52.4983661, 13.3605076",27490,7921
"52.4489179245087, 13.1638728947828","52.5478117, 13.3892456",32680,8056
"52.4489179245087, 13.1638728947828","52.5046782, 13.4490212",34817,8954
"52.4489179245087, 13.1638728947828","52.5136642, 13.4727613",37832,8785
"52.4489179245087, 13.1638728947828","52.5016098, 13.381181",28148,8484
"52.4489179245087, 13.1638728947828","52.5214137, 13.4034811",30836,8428
"52.4489179245087, 13.1638728947828","52.5176913, 13.4419715",34104,8956
"52.4489179245087, 13.1638728947828","52.517699, 13.3970326",30622,8196
"52.4489179245087, 13.1638728947828","52.5303108, 13.3186121",28302,8789
"52.4489179245087, 13.1638728947828","52.5146378, 13.3905283",30413,8050
"52.4489179245087, 13.1638728947828","52.5145186, 13.487322",37358,9597
"52.4489179245087, 13.1638728947828","52.5170316, 13.4012274",32996,8332
"52.4489179245087, 13.1638728947828","52.5207714, 13.3889021",29854,7579
"52.4489179245087, 13.1638728947828","52.5027268, 13.4453492",35217,9288
"52.4489179245087, 13.1638728947828","52.5284267, 13.3720175",28787,7684
"52.4489179245087, 13.1638728947828","52.5209131, 13.3871461",29761,7501
"52.4489179245087, 13.1638728947828","52.5304903, 13.3791152",29344,8001
"52.4489179245087, 13.1638728947828","52.4864896, 13.4217418",36370,8891
"52.4489179245087, 13.1638728947828","52.5215057, 13.4069139",31754,7912
"52.4489179245087, 13.1638728947828","52.5174377, 13.3898033",30131,7799
"52.4489179245087, 13.1638728947828","52.5111669, 13.4430356",34580,8681
"52.4489179245087, 13.1638728947828","52.5076615, 13.454537",35162,9224
"52.4489179245087, 13.1638728947828","52.5121441, 13.3083771",26947,7676
"52.4489179245087, 13.1638728947828","52.5087884, 13.378434",28942,8662
"52.4489179245087, 13.1638728947828","52.5019061, 13.3308361",25421,7461
"52.4489179245087, 13.1638728947828","52.5088651, 13.2707514",29655,8166
"52.4489179245087, 13.1638728947828","52.5264743, 13.39691",31034,8536
"52.4489179245087, 13.1638728947828","52.5106807, 13.419484",33180,8491
"52.4489179245087, 13.1638728947828","52.4602228, 13.5056519",44574,10644
"52.4489179245087, 13.1638728947828","52.474199, 13.141735",48020,10777
"52.4489179245087, 13.1638728947828","52.5021802, 13.364582",27877,8234
"52.4489179245087, 13.1638728947828","52.5205791, 13.4089041",31648,7804
"52.4489179245087, 13.1638728947828","52.4986678, 13.3566505",26956,7922
"52.4489179245087, 13.1638728947828","52.520848, 13.4084747",31651,7806
"52.4489179245087, 13.1638728947828","52.49694, 13.4540533",38165,9411
"52.4489179245087, 13.1638728947828","52.4840199, 13.4053429",28845,9647
"52.4489179245087, 13.1638728947828","52.5049039, 13.4431471",34607,8720
"52.4489179245087, 13.1638728947828","52.524042, 13.402083",30841,8425
"52.4489179245087, 13.1638728947828","52.5071871, 13.390676",31482,8636
"52.4489179245087, 13.1638728947828","52.4583565, 13.2889441",21325,8779
"52.4489179245087, 13.1638728947828","52.5112074, 13.4169157",33015,8351
"52.4489179245087, 13.1638728947828","52.440493, 13.3911183",28379,9367
"52.4466627803954, 13.285739287855","52.5075075, 13.3903737",11139,2547
"52.4466627803954, 13.285739287855","52.5542753, 13.3785425",17868,3537
"52.4466627803954, 13.285739287855","52.5063, 13.3840159",10618,2197
"52.4466627803954, 13.285739287855","52.5206458, 13.2932877",10971,2585
"52.4466627803954, 13.285739287855","52.5239216, 13.3888786",12979,2514
"52.4466627803954, 13.285739287855","52.5168416, 13.3816742",12055,2166
"52.4466627803954, 13.285739287855","52.5040556, 13.3379413",10503,2589
"52.4466627803954, 13.285739287855","52.5090125, 13.3792937",11175,2166
"52.4466627803954, 13.285739287855","52.4983661, 13.3605076",8693,2139
"52.4466627803954, 13.285739287855","52.5478117, 13.3892456",16902,2852
"52.4466627803954, 13.285739287855","52.5046782, 13.4490212",17927,3476
"52.4466627803954, 13.285739287855","52.5136642, 13.4727613",19980,3362
"52.4466627803954, 13.285739287855","52.5016098, 13.381181",10317,1956
"52.4466627803954, 13.285739287855","52.5214137, 13.4034811",13946,2650
"52.4466627803954, 13.285739287855","52.5176913, 13.4419715",16684,3628
"52.4466627803954, 13.285739287855","52.517699, 13.3970326",13523,2980
"52.4466627803954, 13.285739287855","52.5303108, 13.3186121",12380,3029
"52.4466627803954, 13.285739287855","52.5146378, 13.3905283",13350,2642
"52.4466627803954, 13.285739287855","52.5145186, 13.487322",19938,4269
"52.4466627803954, 13.285739287855","52.5170316, 13.4012274",14383,3005
"52.4466627803954, 13.285739287855","52.5207714, 13.3889021",12724,2326
"52.4466627803954, 13.285739287855","52.5027268, 13.4453492",18327,3810
"52.4466627803954, 13.285739287855","52.5284267, 13.3720175",16440,3018
"52.4466627803954, 13.285739287855","52.5209131, 13.3871461",12592,2230
"52.4466627803954, 13.285739287855","52.5304903, 13.3791152",14959,3028
"52.4466627803954, 13.285739287855","52.4864896, 13.4217418",13579,3228
"52.4466627803954, 13.285739287855","52.5215057, 13.4069139",14703,2872
"52.4466627803954, 13.285739287855","52.5174377, 13.3898033",12410,2519
"52.4466627803954, 13.285739287855","52.5111669, 13.4430356",17546,3676
"52.4466627803954, 13.285739287855","52.5076615, 13.454537",18272,3746
"52.4466627803954, 13.285739287855","52.5121441, 13.3083771",9162,2156
"52.4466627803954, 13.285739287855","52.5087884, 13.378434",11112,2134
"52.4466627803954, 13.285739287855","52.5019061, 13.3308361",8235,1937
"52.4466627803954, 13.285739287855","52.5088651, 13.2707514",11091,2765
"52.4466627803954, 13.285739287855","52.5264743, 13.39691",13826,2758
"52.4466627803954, 13.285739287855","52.5106807, 13.419484",16127,3275
"52.4466627803954, 13.285739287855","52.4602228, 13.5056519",22072,4755
"52.4466627803954, 13.285739287855","52.474199, 13.141735",30089,5875
"52.4466627803954, 13.285739287855","52.5021802, 13.364582",9441,2371
"52.4466627803954, 13.285739287855","52.5205791, 13.4089041",14597,2764
"52.4466627803954, 13.285739287855","52.4986678, 13.3566505",8926,2311
"52.4466627803954, 13.285739287855","52.520848, 13.4084747",14600,2766
"52.4466627803954, 13.285739287855","52.49694, 13.4540533",17927,3602
"52.4466627803954, 13.285739287855","52.4840199, 13.4053429",10800,3024
"52.4466627803954, 13.285739287855","52.5049039, 13.4431471",18339,3807
"52.4466627803954, 13.285739287855","52.524042, 13.402083",13951,2647
"52.4466627803954, 13.285739287855","52.5071871, 13.390676",11102,2519
"52.4466627803954, 13.285739287855","52.4583565, 13.2889441",1896,997
"52.4466627803954, 13.285739287855","52.5112074, 13.4169157",15854,3049
"52.4466627803954, 13.285739287855","52.440493, 13.3911183",12107,2862
"52.4383875316811, 13.1925910431348","52.5075075, 13.3903737",19385,3598
"52.4383875316811, 13.1925910431348","52.5542753, 13.3785425",22226,4066
"52.4383875316811, 13.1925910431348","52.5063, 13.3840159",18864,3248
"52.4383875316811, 13.1925910431348","52.5206458, 13.2932877",14168,2917
"52.4383875316811, 13.1925910431348","52.5239216, 13.3888786",20311,3095
"52.4383875316811, 13.1925910431348","52.5168416, 13.3816742",20301,3217
"52.4383875316811, 13.1925910431348","52.5040556, 13.3379413",15367,2702
"52.4383875316811, 13.1925910431348","52.5090125, 13.3792937",19420,3217
"52.4383875316811, 13.1925910431348","52.4983661, 13.3605076",17405,3111
"52.4383875316811, 13.1925910431348","52.5478117, 13.3892456",22314,3208
"52.4383875316811, 13.1925910431348","52.5046782, 13.4490212",25132,3544
"52.4383875316811, 13.1925910431348","52.5136642, 13.4727613",29834,4012
"52.4383875316811, 13.1925910431348","52.5016098, 13.381181",18563,3007
"52.4383875316811, 13.1925910431348","52.5214137, 13.4034811",21151,3018
"52.4383875316811, 13.1925910431348","52.5176913, 13.4419715",24221,4146
"52.4383875316811, 13.1925910431348","52.517699, 13.3970326",21787,3518
"52.4383875316811, 13.1925910431348","52.5303108, 13.3186121",18617,3379
"52.4383875316811, 13.1925910431348","52.5146378, 13.3905283",20553,3330
"52.4383875316811, 13.1925910431348","52.5145186, 13.487322",29914,4847
"52.4383875316811, 13.1925910431348","52.5170316, 13.4012274",21752,3519
"52.4383875316811, 13.1925910431348","52.5207714, 13.3889021",19978,2832
"52.4383875316811, 13.1925910431348","52.5027268, 13.4453492",25532,3878
"52.4383875316811, 13.1925910431348","52.5284267, 13.3720175",18917,3007
"52.4383875316811, 13.1925910431348","52.5209131, 13.3871461",19847,2775
"52.4383875316811, 13.1925910431348","52.5304903, 13.3791152",21581,3469
"52.4383875316811, 13.1925910431348","52.4864896, 13.4217418",23989,3781
"52.4383875316811, 13.1925910431348","52.5215057, 13.4069139",21908,3240
"52.4383875316811, 13.1925910431348","52.5174377, 13.3898033",20271,3071
"52.4383875316811, 13.1925910431348","52.5111669, 13.4430356",25787,4079
"52.4383875316811, 13.1925910431348","52.5076615, 13.454537",25477,3814
"52.4383875316811, 13.1925910431348","52.5121441, 13.3083771",13910,2728
"52.4383875316811, 13.1925910431348","52.5087884, 13.378434",19357,3185
"52.4383875316811, 13.1925910431348","52.5019061, 13.3308361",15298,2640
"52.4383875316811, 13.1925910431348","52.5088651, 13.2707514",13151,2737
"52.4383875316811, 13.1925910431348","52.5264743, 13.39691",21803,3536
"52.4383875316811, 13.1925910431348","52.5106807, 13.419484",23333,3643
"52.4383875316811, 13.1925910431348","52.4602228, 13.5056519",34148,5398
"52.4383875316811, 13.1925910431348","52.474199, 13.141735",31453,5847
"52.4383875316811, 13.1925910431348","52.5021802, 13.364582",17792,3424
"52.4383875316811, 13.1925910431348","52.5205791, 13.4089041",21802,3132
"52.4383875316811, 13.1925910431348","52.4986678, 13.3566505",16871,3112
"52.4383875316811, 13.1925910431348","52.520848, 13.4084747",21805,3134
"52.4383875316811, 13.1925910431348","52.49694, 13.4540533",28260,4601
"52.4383875316811, 13.1925910431348","52.4840199, 13.4053429",19260,4110
"52.4383875316811, 13.1925910431348","52.5049039, 13.4431471",25544,3875
"52.4383875316811, 13.1925910431348","52.524042, 13.402083",21156,3015
"52.4383875316811, 13.1925910431348","52.5071871, 13.390676",19348,3570
"52.4383875316811, 13.1925910431348","52.4583565, 13.2889441",11740,2942
"52.4383875316811, 13.1925910431348","52.5112074, 13.4169157",23060,3417
"52.4383875316811, 13.1925910431348","52.440493, 13.3911183",18788,3991
"52.5159539270266, 13.1712105248622","52.5075075, 13.3903737",17222,4128
"52.5159539270266, 13.1712105248622","52.5542753, 13.3785425",19773,3770
"52.5159539270266, 13.1712105248622","52.5063, 13.3840159",16717,4112
"52.5159539270266, 13.1712105248622","52.5206458, 13.2932877",10528,2461
"52.5159539270266, 13.1712105248622","52.5239216, 13.3888786",18135,3365
"52.5159539270266, 13.1712105248622","52.5168416, 13.3816742",17707,3775
"52.5159539270266, 13.1712105248622","52.5040556, 13.3379413",12855,2950
"52.5159539270266, 13.1712105248622","52.5090125, 13.3792937",16244,3690
"52.5159539270266, 13.1712105248622","52.4983661, 13.3605076",14753,2931
"52.5159539270266, 13.1712105248622","52.5478117, 13.3892456",18834,3028
"52.5159539270266, 13.1712105248622","52.5046782, 13.4490212",22957,3814
"52.5159539270266, 13.1712105248622","52.5136642, 13.4727613",28371,4335
"52.5159539270266, 13.1712105248622","52.5016098, 13.381181",16460,3377
"52.5159539270266, 13.1712105248622","52.5214137, 13.4034811",18975,3288
"52.5159539270266, 13.1712105248622","52.5176913, 13.4419715",25193,4004
"52.5159539270266, 13.1712105248622","52.517699, 13.3970326",18517,4053
"52.5159539270266, 13.1712105248622","52.5303108, 13.3186121",14131,3459
"52.5159539270266, 13.1712105248622","52.5146378, 13.3905283",18352,3999
"52.5159539270266, 13.1712105248622","52.5145186, 13.487322",28447,4645
"52.5159539270266, 13.1712105248622","52.5170316, 13.4012274",19034,4060
"52.5159539270266, 13.1712105248622","52.5207714, 13.3889021",17802,3102
"52.5159539270266, 13.1712105248622","52.5027268, 13.4453492",23357,4148
"52.5159539270266, 13.1712105248622","52.5284267, 13.3720175",19516,2748
"52.5159539270266, 13.1712105248622","52.5209131, 13.3871461",17671,3045
"52.5159539270266, 13.1712105248622","52.5304903, 13.3791152",20074,3202
"52.5159539270266, 13.1712105248622","52.4864896, 13.4217418",21037,3601
"52.5159539270266, 13.1712105248622","52.5215057, 13.4069139",19732,3510
"52.5159539270266, 13.1712105248622","52.5174377, 13.3898033",18095,3341
"52.5159539270266, 13.1712105248622","52.5111669, 13.4430356",25394,3740
"52.5159539270266, 13.1712105248622","52.5076615, 13.454537",23302,4084
"52.5159539270266, 13.1712105248622","52.5121441, 13.3083771",10800,2572
"52.5159539270266, 13.1712105248622","52.5087884, 13.378434",16212,3664
"52.5159539270266, 13.1712105248622","52.5019061, 13.3308361",12077,2697
"52.5159539270266, 13.1712105248622","52.5088651, 13.2707514",7884,1569
"52.5159539270266, 13.1712105248622","52.5264743, 13.39691",19627,3806
"52.5159539270266, 13.1712105248622","52.5106807, 13.419484",21157,3913
"52.5159539270266, 13.1712105248622","52.4602228, 13.5056519",32500,5654
"52.5159539270266, 13.1712105248622","52.474199, 13.141735",9600,2487
"52.5159539270266, 13.1712105248622","52.5021802, 13.364582",15140,3244
"52.5159539270266, 13.1712105248622","52.5205791, 13.4089041",19626,3402
"52.5159539270266, 13.1712105248622","52.4986678, 13.3566505",14219,2932
"52.5159539270266, 13.1712105248622","52.520848, 13.4084747",19629,3404
"52.5159539270266, 13.1712105248622","52.49694, 13.4540533",26319,4575
"52.5159539270266, 13.1712105248622","52.4840199, 13.4053429",20453,3952
"52.5159539270266, 13.1712105248622","52.5049039, 13.4431471",23369,4145
"52.5159539270266, 13.1712105248622","52.524042, 13.402083",18980,3285
"52.5159539270266, 13.1712105248622","52.5071871, 13.390676",17255,4153
"52.5159539270266, 13.1712105248622","52.4583565, 13.2889441",20113,4042
"52.5159539270266, 13.1712105248622","52.5112074, 13.4169157",20884,3687
"52.5159539270266, 13.1712105248622","52.440493, 13.3911183",25997,4825
"52.469949466586, 13.1064182734073","52.5075075, 13.3903737",30615,5151
"52.469949466586, 13.1064182734073","52.5542753, 13.3785425",25776,4521
"52.469949466586, 13.1064182734073","52.5063, 13.3840159",26212,4798
"52.469949466586, 13.1064182734073","52.5206458, 13.2932877",17343,3669
"52.469949466586, 13.1064182734073","52.5239216, 13.3888786",28693,4611
"52.469949466586, 13.1064182734073","52.5168416, 13.3816742",28949,4817
"52.469949466586, 13.1064182734073","52.5040556, 13.3379413",19546,4136
"52.469949466586, 13.1064182734073","52.5090125, 13.3792937",25735,4369
"52.469949466586, 13.1064182734073","52.4983661, 13.3605076",21444,4177
"52.469949466586, 13.1064182734073","52.5478117, 13.3892456",24773,3869
"52.469949466586, 13.1064182734073","52.5046782, 13.4490212",33515,5060
"52.469949466586, 13.1064182734073","52.5136642, 13.4727613",33045,5078
"52.469949466586, 13.1064182734073","52.5016098, 13.381181",28887,4720
"52.469949466586, 13.1064182734073","52.5214137, 13.4034811",29534,4534
"52.469949466586, 13.1064182734073","52.5176913, 13.4419715",29784,5212
"52.469949466586, 13.1064182734073","52.517699, 13.3970326",26304,4754
"52.469949466586, 13.1064182734073","52.5303108, 13.3186121",20790,4127
"52.469949466586, 13.1064182734073","52.5146378, 13.3905283",28935,4846
"52.469949466586, 13.1064182734073","52.5145186, 13.487322",33038,5853
"52.469949466586, 13.1064182734073","52.5170316, 13.4012274",25725,5306
"52.469949466586, 13.1064182734073","52.5207714, 13.3889021",28360,4348
"52.469949466586, 13.1064182734073","52.5027268, 13.4453492",33915,5394
"52.469949466586, 13.1064182734073","52.5284267, 13.3720175",24107,3896
"52.469949466586, 13.1064182734073","52.5209131, 13.3871461",28229,4291
"52.469949466586, 13.1064182734073","52.5304903, 13.3791152",24665,4350
"52.469949466586, 13.1064182734073","52.4864896, 13.4217418",32067,4847
"52.469949466586, 13.1064182734073","52.5215057, 13.4069139",30290,4756
"52.469949466586, 13.1064182734073","52.5174377, 13.3898033",28653,4587
"52.469949466586, 13.1064182734073","52.5111669, 13.4430356",32479,5368
"52.469949466586, 13.1064182734073","52.5076615, 13.454537",33860,5330
"52.469949466586, 13.1064182734073","52.5121441, 13.3083771",20811,3533
"52.469949466586, 13.1064182734073","52.5087884, 13.378434",25682,4327
"52.469949466586, 13.1064182734073","52.5019061, 13.3308361",18768,3883
"52.469949466586, 13.1064182734073","52.5088651, 13.2707514",14575,2755
"52.469949466586, 13.1064182734073","52.5264743, 13.39691",30186,5052
"52.469949466586, 13.1064182734073","52.5106807, 13.419484",31715,5159
"52.469949466586, 13.1064182734073","52.4602228, 13.5056519",43058,6900
"52.469949466586, 13.1064182734073","52.474199, 13.141735",3767,2259
"52.469949466586, 13.1064182734073","52.5021802, 13.364582",21831,4490
"52.469949466586, 13.1064182734073","52.5205791, 13.4089041",30184,4648
"52.469949466586, 13.1064182734073","52.4986678, 13.3566505",20910,4178
"52.469949466586, 13.1064182734073","52.520848, 13.4084747",30187,4650
"52.469949466586, 13.1064182734073","52.49694, 13.4540533",36261,5847
"52.469949466586, 13.1064182734073","52.4840199, 13.4053429",31483,5198
"52.469949466586, 13.1064182734073","52.5049039, 13.4431471",33927,5391
"52.469949466586, 13.1064182734073","52.524042, 13.402083",29539,4531
"52.469949466586, 13.1064182734073","52.5071871, 13.390676",30577,5121
"52.469949466586, 13.1064182734073","52.4583565, 13.2889441",28103,5185
"52.469949466586, 13.1064182734073","52.5112074, 13.4169157",31442,4933
"52.469949466586, 13.1064182734073","52.440493, 13.3911183",35599,5930
"52.4264684235381, 13.4394329910868","52.5075075, 13.3903737",12910,2790
"52.4264684235381, 13.4394329910868","52.5542753, 13.3785425",16568,3960
"52.4264684235381, 13.4394329910868","52.5063, 13.3840159",16187,3046
"52.4264684235381, 13.4394329910868","52.5206458, 13.2932877",19740,3662
"52.4264684235381, 13.4394329910868","52.5239216, 13.3888786",15153,3094
"52.4264684235381, 13.4394329910868","52.5168416, 13.3816742",17627,2997
"52.4264684235381, 13.4394329910868","52.5040556, 13.3379413",14652,3467
"52.4264684235381, 13.4394329910868","52.5090125, 13.3792937",16746,2997
"52.4264684235381, 13.4394329910868","52.4983661, 13.3605076",15058,3519
"52.4264684235381, 13.4394329910868","52.5478117, 13.3892456",15657,3340
"52.4264684235381, 13.4394329910868","52.5046782, 13.4490212",12052,2957
"52.4264684235381, 13.4394329910868","52.5136642, 13.4727613",12143,2680
"52.4264684235381, 13.4394329910868","52.5016098, 13.381181",15886,2805
"52.4264684235381, 13.4394329910868","52.5214137, 13.4034811",13320,3390
"52.4264684235381, 13.4394329910868","52.5176913, 13.4419715",14471,3571
"52.4264684235381, 13.4394329910868","52.517699, 13.3970326",13169,3413
"52.4264684235381, 13.4394329910868","52.5303108, 13.3186121",24189,4124
"52.4264684235381, 13.4394329910868","52.5146378, 13.3905283",14218,3004
"52.4264684235381, 13.4394329910868","52.5145186, 13.487322",13110,3555
"52.4264684235381, 13.4394329910868","52.5170316, 13.4012274",13276,3427
"52.4264684235381, 13.4394329910868","52.5207714, 13.3889021",18296,3157
"52.4264684235381, 13.4394329910868","52.5027268, 13.4453492",12452,3290
"52.4264684235381, 13.4394329910868","52.5284267, 13.3720175",16308,3215
"52.4264684235381, 13.4394329910868","52.5209131, 13.3871461",18164,3061
"52.4264684235381, 13.4394329910868","52.5304903, 13.3791152",16066,3374
"52.4264684235381, 13.4394329910868","52.4864896, 13.4217418",8572,2048
"52.4264684235381, 13.4394329910868","52.5215057, 13.4069139",12300,3157
"52.4264684235381, 13.4394329910868","52.5174377, 13.3898033",14080,2928
"52.4264684235381, 13.4394329910868","52.5111669, 13.4430356",12694,3458
"52.4264684235381, 13.4394329910868","52.5076615, 13.454537",12383,3193
"52.4264684235381, 13.4394329910868","52.5121441, 13.3083771",20355,3593
"52.4264684235381, 13.4394329910868","52.5087884, 13.378434",16683,2965
"52.4264684235381, 13.4394329910868","52.5019061, 13.3308361",15375,3797
"52.4264684235381, 13.4394329910868","52.5088651, 13.2707514",19204,3842
"52.4264684235381, 13.4394329910868","52.5264743, 13.39691",19397,3589
"52.4264684235381, 13.4394329910868","52.5106807, 13.419484",10745,2776
"52.4264684235381, 13.4394329910868","52.4602228, 13.5056519",9178,2595
"52.4264684235381, 13.4394329910868","52.474199, 13.141735",37337,7132
"52.4264684235381, 13.4394329910868","52.5021802, 13.364582",15622,3471
"52.4264684235381, 13.4394329910868","52.5205791, 13.4089041",12153,3017
"52.4264684235381, 13.4394329910868","52.4986678, 13.3566505",15339,3769
"52.4264684235381, 13.4394329910868","52.520848, 13.4084747",12156,3019
"52.4264684235381, 13.4394329910868","52.49694, 13.4540533",10090,2920
"52.4264684235381, 13.4394329910868","52.4840199, 13.4053429",10302,2639
"52.4264684235381, 13.4394329910868","52.5049039, 13.4431471",12457,3277
"52.4264684235381, 13.4394329910868","52.524042, 13.402083",12925,3116
"52.4264684235381, 13.4394329910868","52.5071871, 13.390676",12872,2760
"52.4264684235381, 13.4394329910868","52.4583565, 13.2889441",14634,2872
"52.4264684235381, 13.4394329910868","52.5112074, 13.4169157",10580,2636
"52.4264684235381, 13.4394329910868","52.440493, 13.3911183",6404,1686
"52.4115727004332, 13.3974591785498","52.5075075, 13.3903737",11248,2541
"52.4115727004332, 13.3974591785498","52.5542753, 13.3785425",20035,3850
"52.4115727004332, 13.3974591785498","52.5063, 13.3840159",12882,2471
"52.4115727004332, 13.3974591785498","52.5206458, 13.2932877",18486,3893
"52.4115727004332, 13.3974591785498","52.5239216, 13.3888786",15246,2770
"52.4115727004332, 13.3974591785498","52.5168416, 13.3816742",14322,2422
"52.4115727004332, 13.3974591785498","52.5040556, 13.3379413",13984,3030
"52.4115727004332, 13.3974591785498","52.5090125, 13.3792937",13441,2422
"52.4115727004332, 13.3974591785498","52.4983661, 13.3605076",12188,2644
"52.4115727004332, 13.3974591785498","52.5478117, 13.3892456",19169,3108
"52.4115727004332, 13.3974591785498","52.5046782, 13.4490212",20194,3432
"52.4115727004332, 13.3974591785498","52.5136642, 13.4727613",16484,3430
"52.4115727004332, 13.3974591785498","52.5016098, 13.381181",12581,2230
"52.4115727004332, 13.3974591785498","52.5214137, 13.4034811",16213,2906
"52.4115727004332, 13.3974591785498","52.5176913, 13.4419715",18951,3434
"52.4115727004332, 13.3974591785498","52.517699, 13.3970326",15471,2976
"52.4115727004332, 13.3974591785498","52.5303108, 13.3186121",22935,4355
"52.4115727004332, 13.3974591785498","52.5146378, 13.3905283",12556,2755
"52.4115727004332, 13.3974591785498","52.5145186, 13.487322",22205,4075
"52.4115727004332, 13.3974591785498","52.5170316, 13.4012274",15567,2990
"52.4115727004332, 13.3974591785498","52.5207714, 13.3889021",14991,2582
"52.4115727004332, 13.3974591785498","52.5027268, 13.4453492",20594,3766
"52.4115727004332, 13.3974591785498","52.5284267, 13.3720175",15395,3198
"52.4115727004332, 13.3974591785498","52.5209131, 13.3871461",14859,2486
"52.4115727004332, 13.3974591785498","52.5304903, 13.3791152",14404,3125
"52.4115727004332, 13.3974591785498","52.4864896, 13.4217418",12170,2559
"52.4115727004332, 13.3974591785498","52.5215057, 13.4069139",16970,3128
"52.4115727004332, 13.3974591785498","52.5174377, 13.3898033",12418,2679
"52.4115727004332, 13.3974591785498","52.5111669, 13.4430356",20849,3967
"52.4115727004332, 13.3974591785498","52.5076615, 13.454537",20539,3702
"52.4115727004332, 13.3974591785498","52.5121441, 13.3083771",19817,3625
"52.4115727004332, 13.3974591785498","52.5087884, 13.378434",13378,2390
"52.4115727004332, 13.3974591785498","52.5019061, 13.3308361",14697,3325
"52.4115727004332, 13.3974591785498","52.5088651, 13.2707514",22530,4444
"52.4115727004332, 13.3974591785498","52.5264743, 13.39691",16092,3014
"52.4115727004332, 13.3974591785498","52.5106807, 13.419484",15086,3586
"52.4115727004332, 13.3974591785498","52.4602228, 13.5056519",12012,2854
"52.4115727004332, 13.3974591785498","52.474199, 13.141735",38802,6515
"52.4115727004332, 13.3974591785498","52.5021802, 13.364582",14505,2964
"52.4115727004332, 13.3974591785498","52.5205791, 13.4089041",16864,3020
"52.4115727004332, 13.3974591785498","52.4986678, 13.3566505",12469,2894
"52.4115727004332, 13.3974591785498","52.520848, 13.4084747",16867,3022
"52.4115727004332, 13.3974591785498","52.49694, 13.4540533",14431,3688
"52.4115727004332, 13.3974591785498","52.4840199, 13.4053429",13900,3150
"52.4115727004332, 13.3974591785498","52.5049039, 13.4431471",20606,3763
"52.4115727004332, 13.3974591785498","52.524042, 13.402083",16218,2903
"52.4115727004332, 13.3974591785498","52.5071871, 13.390676",11210,2511
"52.4115727004332, 13.3974591785498","52.4583565, 13.2889441",11438,2518
"52.4115727004332, 13.3974591785498","52.5112074, 13.4169157",14921,3446
"52.4115727004332, 13.3974591785498","52.440493, 13.3911183",3868,1213
"52.4404390614367, 13.3851162550495","52.5075075, 13.3903737",7917,1329
"52.4404390614367, 13.3851162550495","52.5542753, 13.3785425",14226,2971
"52.4404390614367, 13.3851162550495","52.5063, 13.3840159",8559,2026
"52.4404390614367, 13.3851162550495","52.5206458, 13.2932877",15096,3161
"52.4404390614367, 13.3851162550495","52.5239216, 13.3888786",10160,1633
"52.4404390614367, 13.3851162550495","52.5168416, 13.3816742",9501,1814
"52.4404390614367, 13.3851162550495","52.5040556, 13.3379413",10824,2186
"52.4404390614367, 13.3851162550495","52.5090125, 13.3792937",9523,1917
"52.4404390614367, 13.3851162550495","52.4983661, 13.3605076",9028,1800
"52.4404390614367, 13.3851162550495","52.5478117, 13.3892456",13871,2414
"52.4404390614367, 13.3851162550495","52.5046782, 13.4490212",11544,2438
"52.4404390614367, 13.3851162550495","52.5136642, 13.4727613",14297,2155
"52.4404390614367, 13.3851162550495","52.5016098, 13.381181",9062,1776
"52.4404390614367, 13.3851162550495","52.5214137, 13.4034811",10797,2062
"52.4404390614367, 13.3851162550495","52.5176913, 13.4419715",13235,2590
"52.4404390614367, 13.3851162550495","52.517699, 13.3970326",9517,1828
"52.4404390614367, 13.3851162550495","52.5303108, 13.3186121",16536,3876
"52.4404390614367, 13.3851162550495","52.5146378, 13.3905283",9225,1543
"52.4404390614367, 13.3851162550495","52.5145186, 13.487322",16489,3231
"52.4404390614367, 13.3851162550495","52.5170316, 13.4012274",10121,2084
"52.4404390614367, 13.3851162550495","52.5207714, 13.3889021",9477,1543
"52.4404390614367, 13.3851162550495","52.5027268, 13.4453492",11932,2752
"52.4404390614367, 13.3851162550495","52.5284267, 13.3720175",11631,2361
"52.4404390614367, 13.3851162550495","52.5209131, 13.3871461",9462,1536
"52.4404390614367, 13.3851162550495","52.5304903, 13.3791152",11073,1913
"52.4404390614367, 13.3851162550495","52.4864896, 13.4217418",9400,2015
"52.4404390614367, 13.3851162550495","52.5215057, 13.4069139",10448,2205
"52.4404390614367, 13.3851162550495","52.5174377, 13.3898033",9087,1467
"52.4404390614367, 13.3851162550495","52.5111669, 13.4430356",14396,2975
"52.4404390614367, 13.3851162550495","52.5076615, 13.454537",15123,2858
"52.4404390614367, 13.3851162550495","52.5121441, 13.3083771",15344,2552
"52.4404390614367, 13.3851162550495","52.5087884, 13.378434",9479,1875
"52.4404390614367, 13.3851162550495","52.5019061, 13.3308361",11536,2481
"52.4404390614367, 13.3851162550495","52.5088651, 13.2707514",18455,3240
"52.4404390614367, 13.3851162550495","52.5264743, 13.39691",10998,2320
"52.4404390614367, 13.3851162550495","52.5106807, 13.419484",12978,2687
"52.4404390614367, 13.3851162550495","52.4602228, 13.5056519",11460,3082
"52.4404390614367, 13.3851162550495","52.474199, 13.141735",35203,5671
"52.4404390614367, 13.3851162550495","52.5021802, 13.364582",10988,2658
"52.4404390614367, 13.3851162550495","52.5205791, 13.4089041",11463,2098
"52.4404390614367, 13.3851162550495","52.4986678, 13.3566505",9309,2050
"52.4404390614367, 13.3851162550495","52.520848, 13.4084747",11466,2100
"52.4404390614367, 13.3851162550495","52.49694, 13.4540533",12236,2383
"52.4404390614367, 13.3851162550495","52.4840199, 13.4053429",6832,2017
"52.4404390614367, 13.3851162550495","52.5049039, 13.4431471",12023,2806
"52.4404390614367, 13.3851162550495","52.524042, 13.402083",10802,2059
"52.4404390614367, 13.3851162550495","52.5071871, 13.390676",7879,1299
"52.4404390614367, 13.3851162550495","52.4583565, 13.2889441",9247,2260
"52.4404390614367, 13.3851162550495","52.5112074, 13.4169157",12705,2461
"52.4404390614367, 13.3851162550495","52.440493, 13.3911183",518,447
"52.4187907362777, 13.3943743964297","52.5075075, 13.3903737",11815,2444
"52.4187907362777, 13.3943743964297","52.5542753, 13.3785425",20275,4214
"52.4187907362777, 13.3943743964297","52.5063, 13.3840159",12198,2899
"52.4187907362777, 13.3943743964297","52.5206458, 13.2932877",23447,4276
"52.4187907362777, 13.3943743964297","52.5239216, 13.3888786",14058,2748
"52.4187907362777, 13.3943743964297","52.5168416, 13.3816742",13638,2850
"52.4187907362777, 13.3943743964297","52.5040556, 13.3379413",12833,3278
"52.4187907362777, 13.3943743964297","52.5090125, 13.3792937",12757,2850
"52.4187907362777, 13.3943743964297","52.4983661, 13.3605076",11720,2828
"52.4187907362777, 13.3943743964297","52.5478117, 13.3892456",18485,3536
"52.4187907362777, 13.3943743964297","52.5046782, 13.4490212",15743,3511
"52.4187907362777, 13.3943743964297","52.5136642, 13.4727613",15850,3174
"52.4187907362777, 13.3943743964297","52.5016098, 13.381181",11897,2658
"52.4187907362777, 13.3943743964297","52.5214137, 13.4034811",14695,3177
"52.4187907362777, 13.3943743964297","52.5176913, 13.4419715",17133,3705
"52.4187907362777, 13.3943743964297","52.517699, 13.3970326",13415,2943
"52.4187907362777, 13.3943743964297","52.5303108, 13.3186121",27896,4738
"52.4187907362777, 13.3943743964297","52.5146378, 13.3905283",13123,2658
"52.4187907362777, 13.3943743964297","52.5145186, 13.487322",16817,4049
"52.4187907362777, 13.3943743964297","52.5170316, 13.4012274",13769,3210
"52.4187907362777, 13.3943743964297","52.5207714, 13.3889021",13375,2658
"52.4187907362777, 13.3943743964297","52.5027268, 13.4453492",16506,4066
"52.4187907362777, 13.3943743964297","52.5284267, 13.3720175",15529,3476
"52.4187907362777, 13.3943743964297","52.5209131, 13.3871461",13360,2651
"52.4187907362777, 13.3943743964297","52.5304903, 13.3791152",14971,3028
"52.4187907362777, 13.3943743964297","52.4864896, 13.4217418",12982,2552
"52.4187907362777, 13.3943743964297","52.5215057, 13.4069139",14346,3320
"52.4187907362777, 13.3943743964297","52.5174377, 13.3898033",12985,2582
"52.4187907362777, 13.3943743964297","52.5111669, 13.4430356",16385,4012
"52.4187907362777, 13.3943743964297","52.5076615, 13.454537",16074,3747
"52.4187907362777, 13.3943743964297","52.5121441, 13.3083771",15965,3782
"52.4187907362777, 13.3943743964297","52.5087884, 13.378434",12694,2818
"52.4187907362777, 13.3943743964297","52.5019061, 13.3308361",12942,3223
"52.4187907362777, 13.3943743964297","52.5088651, 13.2707514",18673,4272
"52.4187907362777, 13.3943743964297","52.5264743, 13.39691",15409,3442
"52.4187907362777, 13.3943743964297","52.5106807, 13.419484",14452,3330
"52.4187907362777, 13.3943743964297","52.4602228, 13.5056519",13600,3467
"52.4187907362777, 13.3943743964297","52.474199, 13.141735",38419,6943
"52.4187907362777, 13.3943743964297","52.5021802, 13.364582",12224,3000
"52.4187907362777, 13.3943743964297","52.5205791, 13.4089041",15860,3571
"52.4187907362777, 13.3943743964297","52.4986678, 13.3566505",11953,3000
"52.4187907362777, 13.3943743964297","52.520848, 13.4084747",15863,3573
"52.4187907362777, 13.3943743964297","52.49694, 13.4540533",13797,3432
"52.4187907362777, 13.3943743964297","52.4840199, 13.4053429",14712,3143
"52.4187907362777, 13.3943743964297","52.5049039, 13.4431471",16146,3831
"52.4187907362777, 13.3943743964297","52.524042, 13.402083",14700,3174
"52.4187907362777, 13.3943743964297","52.5071871, 13.390676",11777,2414
"52.4187907362777, 13.3943743964297","52.4583565, 13.2889441",12016,2627
"52.4187907362777, 13.3943743964297","52.5112074, 13.4169157",14287,3190
"52.4187907362777, 13.3943743964297","52.440493, 13.3911183",3065,999
"52.4124672506478, 13.4937372230199","52.5075075, 13.3903737",15286,2548
"52.4124672506478, 13.4937372230199","52.5542753, 13.3785425",20404,3418
"52.4124672506478, 13.4937372230199","52.5063, 13.3840159",15757,3041
"52.4124672506478, 13.4937372230199","52.5206458, 13.2932877",24230,3780
"52.4124672506478, 13.4937372230199","52.5239216, 13.3888786",17528,2852
"52.4124672506478, 13.4937372230199","52.5168416, 13.3816742",19434,3097
"52.4124672506478, 13.4937372230199","52.5040556, 13.3379413",18835,3105
"52.4124672506478, 13.4937372230199","52.5090125, 13.3792937",18553,3097
"52.4124672506478, 13.4937372230199","52.4983661, 13.3605076",17039,2719
"52.4124672506478, 13.4937372230199","52.5478117, 13.3892456",19493,3098
"52.4124672506478, 13.4937372230199","52.5046782, 13.4490212",14860,2715
"52.4124672506478, 13.4937372230199","52.5136642, 13.4727613",14951,2438
"52.4124672506478, 13.4937372230199","52.5016098, 13.381181",15087,2477
"52.4124672506478, 13.4937372230199","52.5214137, 13.4034811",17156,3148
"52.4124672506478, 13.4937372230199","52.5176913, 13.4419715",17279,3329
"52.4124672506478, 13.4937372230199","52.517699, 13.3970326",16885,3047
"52.4124672506478, 13.4937372230199","52.5303108, 13.3186121",25909,4344
"52.4124672506478, 13.4937372230199","52.5146378, 13.3905283",16593,2762
"52.4124672506478, 13.4937372230199","52.5145186, 13.487322",15918,3313
"52.4124672506478, 13.4937372230199","52.5170316, 13.4012274",17112,3185
"52.4124672506478, 13.4937372230199","52.5207714, 13.3889021",16846,2762
"52.4124672506478, 13.4937372230199","52.5027268, 13.4453492",17681,3463
"52.4124672506478, 13.4937372230199","52.5284267, 13.3720175",40904,3750
"52.4124672506478, 13.4937372230199","52.5209131, 13.3871461",16831,2755
"52.4124672506478, 13.4937372230199","52.5304903, 13.3791152",18442,3132
"52.4124672506478, 13.4937372230199","52.4864896, 13.4217418",11229,1764
"52.4124672506478, 13.4937372230199","52.5215057, 13.4069139",16136,2915
"52.4124672506478, 13.4937372230199","52.5174377, 13.3898033",16455,2686
"52.4124672506478, 13.4937372230199","52.5111669, 13.4430356",15502,3216
"52.4124672506478, 13.4937372230199","52.5076615, 13.454537",15191,2951
"52.4124672506478, 13.4937372230199","52.5121441, 13.3083771",22690,3291
"52.4124672506478, 13.4937372230199","52.5087884, 13.378434",18490,3065
"52.4124672506478, 13.4937372230199","52.5019061, 13.3308361",20561,3170
"52.4124672506478, 13.4937372230199","52.5088651, 13.2707514",24893,3919
"52.4124672506478, 13.4937372230199","52.5264743, 13.39691",17330,3331
"52.4124672506478, 13.4937372230199","52.5106807, 13.419484",14581,2534
"52.4124672506478, 13.4937372230199","52.4602228, 13.5056519",7008,2590
"52.4124672506478, 13.4937372230199","52.474199, 13.141735",43617,7130
"52.4124672506478, 13.4937372230199","52.5021802, 13.364582",18279,3187
"52.4124672506478, 13.4937372230199","52.5205791, 13.4089041",15989,2775
"52.4124672506478, 13.4937372230199","52.4986678, 13.3566505",17764,3127
"52.4124672506478, 13.4937372230199","52.520848, 13.4084747",15992,2777
"52.4124672506478, 13.4937372230199","52.49694, 13.4540533",12910,2762
"52.4124672506478, 13.4937372230199","52.4840199, 13.4053429",12960,2355
"52.4124672506478, 13.4937372230199","52.5049039, 13.4431471",17165,3387
"52.4124672506478, 13.4937372230199","52.524042, 13.402083",16761,2874
"52.4124672506478, 13.4937372230199","52.5071871, 13.390676",15248,2518
"52.4124672506478, 13.4937372230199","52.4583565, 13.2889441",20005,3856
"52.4124672506478, 13.4937372230199","52.5112074, 13.4169157",14416,2394
"52.4124672506478, 13.4937372230199","52.440493, 13.3911183",11569,2177
"52.3929144493618, 13.538295019394","52.5075075, 13.3903737",40225,4218
"52.3929144493618, 13.538295019394","52.5542753, 13.3785425",46011,5124
"52.3929144493618, 13.538295019394","52.5063, 13.3840159",39879,3930
"52.3929144493618, 13.538295019394","52.5206458, 13.2932877",45062,4918
"52.3929144493618, 13.538295019394","52.5239216, 13.3888786",42247,4284
"52.3929144493618, 13.538295019394","52.5168416, 13.3816742",40643,3935
"52.3929144493618, 13.538295019394","52.5040556, 13.3379413",40794,4963
"52.3929144493618, 13.538295019394","52.5090125, 13.3792937",39437,3528
"52.3929144493618, 13.538295019394","52.4983661, 13.3605076",41186,4393
"52.3929144493618, 13.538295019394","52.5478117, 13.3892456",45072,4287
"52.3929144493618, 13.538295019394","52.5046782, 13.4490212",18037,3217
"52.3929144493618, 13.538295019394","52.5136642, 13.4727613",18138,3330
"52.3929144493618, 13.538295019394","52.5016098, 13.381181",38902,3743
"52.3929144493618, 13.538295019394","52.5214137, 13.4034811",43413,4269
"52.3929144493618, 13.538295019394","52.5176913, 13.4419715",46743,4947
"52.3929144493618, 13.538295019394","52.517699, 13.3970326",43263,4489
"52.3929144493618, 13.538295019394","52.5303108, 13.3186121",49104,5242
"52.3929144493618, 13.538295019394","52.5146378, 13.3905283",42819,4488
"52.3929144493618, 13.538295019394","52.5145186, 13.487322",19983,4071
"52.3929144493618, 13.538295019394","52.5170316, 13.4012274",43359,4503
"52.3929144493618, 13.538295019394","52.5207714, 13.3889021",42326,4077
"52.3929144493618, 13.538295019394","52.5027268, 13.4453492",17953,4271
"52.3929144493618, 13.538295019394","52.5284267, 13.3720175",41140,3864
"52.3929144493618, 13.538295019394","52.5209131, 13.3871461",42195,4020
"52.3929144493618, 13.538295019394","52.5304903, 13.3791152",41697,4232
"52.3929144493618, 13.538295019394","52.4864896, 13.4217418",17423,3833
"52.3929144493618, 13.538295019394","52.5215057, 13.4069139",21495,3723
"52.3929144493618, 13.538295019394","52.5174377, 13.3898033",42608,4341
"52.3929144493618, 13.538295019394","52.5111669, 13.4430356",18679,3718
"52.3929144493618, 13.538295019394","52.5076615, 13.454537",18368,3453
"52.3929144493618, 13.538295019394","52.5121441, 13.3083771",45702,4867
"52.3929144493618, 13.538295019394","52.5087884, 13.378434",39385,3486
"52.3929144493618, 13.538295019394","52.5019061, 13.3308361",44915,4808
"52.3929144493618, 13.538295019394","52.5088651, 13.2707514",48410,5357
"52.3929144493618, 13.538295019394","52.5264743, 13.39691",42414,4527
"52.3929144493618, 13.538295019394","52.5106807, 13.419484",19571,4407
"52.3929144493618, 13.538295019394","52.4602228, 13.5056519",10447,2426
"52.3929144493618, 13.538295019394","52.474199, 13.141735",64877,7968
"52.3929144493618, 13.538295019394","52.5021802, 13.364582",40425,4177
"52.3929144493618, 13.538295019394","52.5205791, 13.4089041",21389,3615
"52.3929144493618, 13.538295019394","52.4986678, 13.3566505",41419,4565
"52.3929144493618, 13.538295019394","52.520848, 13.4084747",21392,3617
"52.3929144493618, 13.538295019394","52.49694, 13.4540533",17397,4050
"52.3929144493618, 13.538295019394","52.4840199, 13.4053429",19154,4424
"52.3929144493618, 13.538295019394","52.5049039, 13.4431471",18442,3537
"52.3929144493618, 13.538295019394","52.524042, 13.402083",43418,4266
"52.3929144493618, 13.538295019394","52.5071871, 13.390676",40257,4246
"52.3929144493618, 13.538295019394","52.4583565, 13.2889441",43095,4920
"52.3929144493618, 13.538295019394","52.5112074, 13.4169157",19762,4360
"52.3929144493618, 13.538295019394","52.440493, 13.3911183",31418,4518
"52.4269095558446, 13.4875856657863","52.5075075, 13.3903737",14122,2473
"52.4269095558446, 13.4875856657863","52.5542753, 13.3785425",19240,3343
"52.4269095558446, 13.4875856657863","52.5063, 13.3840159",14592,2966
"52.4269095558446, 13.4875856657863","52.5206458, 13.2932877",23066,3705
"52.4269095558446, 13.4875856657863","52.5239216, 13.3888786",16364,2777
"52.4269095558446, 13.4875856657863","52.5168416, 13.3816742",18270,3022
"52.4269095558446, 13.4875856657863","52.5040556, 13.3379413",17671,3030
"52.4269095558446, 13.4875856657863","52.5090125, 13.3792937",17389,3022
"52.4269095558446, 13.4875856657863","52.4983661, 13.3605076",15875,2644
"52.4269095558446, 13.4875856657863","52.5478117, 13.3892456",18329,3023
"52.4269095558446, 13.4875856657863","52.5046782, 13.4490212",18361,3282
"52.4269095558446, 13.4875856657863","52.5136642, 13.4727613",13807,2459
"52.4269095558446, 13.4875856657863","52.5016098, 13.381181",13922,2402
"52.4269095558446, 13.4875856657863","52.5214137, 13.4034811",15992,3073
"52.4269095558446, 13.4875856657863","52.5176913, 13.4419715",16135,3254
"52.4269095558446, 13.4875856657863","52.517699, 13.3970326",15721,2972
"52.4269095558446, 13.4875856657863","52.5303108, 13.3186121",24744,4269
"52.4269095558446, 13.4875856657863","52.5146378, 13.3905283",15429,2687
"52.4269095558446, 13.4875856657863","52.5145186, 13.487322",14774,3334
"52.4269095558446, 13.4875856657863","52.5170316, 13.4012274",15948,3110
"52.4269095558446, 13.4875856657863","52.5207714, 13.3889021",15682,2687
"52.4269095558446, 13.4875856657863","52.5027268, 13.4453492",16517,3388
"52.4269095558446, 13.4875856657863","52.5284267, 13.3720175",17981,3749
"52.4269095558446, 13.4875856657863","52.5209131, 13.3871461",15667,2680
"52.4269095558446, 13.4875856657863","52.5304903, 13.3791152",17278,3057
"52.4269095558446, 13.4875856657863","52.4864896, 13.4217418",10065,1689
"52.4269095558446, 13.4875856657863","52.5215057, 13.4069139",14972,2840
"52.4269095558446, 13.4875856657863","52.5174377, 13.3898033",15291,2611
"52.4269095558446, 13.4875856657863","52.5111669, 13.4430356",13414,3076
"52.4269095558446, 13.4875856657863","52.5076615, 13.454537",12342,2821
"52.4269095558446, 13.4875856657863","52.5121441, 13.3083771",21526,3216
"52.4269095558446, 13.4875856657863","52.5087884, 13.378434",17326,2990
"52.4269095558446, 13.4875856657863","52.5019061, 13.3308361",19396,3095
"52.4269095558446, 13.4875856657863","52.5088651, 13.2707514",23729,3844
"52.4269095558446, 13.4875856657863","52.5264743, 13.39691",16166,3256
"52.4269095558446, 13.4875856657863","52.5106807, 13.419484",13417,2459
"52.4269095558446, 13.4875856657863","52.4602228, 13.5056519",5262,1909
"52.4269095558446, 13.4875856657863","52.474199, 13.141735",42453,7055
"52.4269095558446, 13.4875856657863","52.5021802, 13.364582",17115,3112
"52.4269095558446, 13.4875856657863","52.5205791, 13.4089041",14825,2700
"52.4269095558446, 13.4875856657863","52.4986678, 13.3566505",16600,3052
"52.4269095558446, 13.4875856657863","52.520848, 13.4084747",14828,2702
"52.4269095558446, 13.4875856657863","52.49694, 13.4540533",11746,2687
"52.4269095558446, 13.4875856657863","52.4840199, 13.4053429",11795,2280
"52.4269095558446, 13.4875856657863","52.5049039, 13.4431471",16001,3312
"52.4269095558446, 13.4875856657863","52.524042, 13.402083",15597,2799
"52.4269095558446, 13.4875856657863","52.5071871, 13.390676",14084,2443
"52.4269095558446, 13.4875856657863","52.4583565, 13.2889441",18594,3552
"52.4269095558446, 13.4875856657863","52.5112074, 13.4169157",13252,2319
"52.4269095558446, 13.4875856657863","52.440493, 13.3911183",10171,1875
"52.4196888848972, 13.4906617599753","52.5075075, 13.3903737",15186,2463
"52.4196888848972, 13.4906617599753","52.5542753, 13.3785425",20304,3333
"52.4196888848972, 13.4906617599753","52.5063, 13.3840159",15657,2956
"52.4196888848972, 13.4906617599753","52.5206458, 13.2932877",24130,3695
"52.4196888848972, 13.4906617599753","52.5239216, 13.3888786",17428,2767
"52.4196888848972, 13.4906617599753","52.5168416, 13.3816742",19334,3012
"52.4196888848972, 13.4906617599753","52.5040556, 13.3379413",18735,3020
"52.4196888848972, 13.4906617599753","52.5090125, 13.3792937",18453,3012
"52.4196888848972, 13.4906617599753","52.4983661, 13.3605076",16939,2634
"52.4196888848972, 13.4906617599753","52.5478117, 13.3892456",19393,3013
"52.4196888848972, 13.4906617599753","52.5046782, 13.4490212",19426,3272
"52.4196888848972, 13.4906617599753","52.5136642, 13.4727613",14871,2449
"52.4196888848972, 13.4906617599753","52.5016098, 13.381181",14987,2392
"52.4196888848972, 13.4906617599753","52.5214137, 13.4034811",17056,3063
"52.4196888848972, 13.4906617599753","52.5176913, 13.4419715",17199,3244
"52.4196888848972, 13.4906617599753","52.517699, 13.3970326",16785,2962
"52.4196888848972, 13.4906617599753","52.5303108, 13.3186121",25809,4259
"52.4196888848972, 13.4906617599753","52.5146378, 13.3905283",16493,2677
"52.4196888848972, 13.4906617599753","52.5145186, 13.487322",15838,3324
"52.4196888848972, 13.4906617599753","52.5170316, 13.4012274",17012,3100
"52.4196888848972, 13.4906617599753","52.5207714, 13.3889021",16746,2677
"52.4196888848972, 13.4906617599753","52.5027268, 13.4453492",17581,3378
"52.4196888848972, 13.4906617599753","52.5284267, 13.3720175",19045,3739
"52.4196888848972, 13.4906617599753","52.5209131, 13.3871461",16731,2670
"52.4196888848972, 13.4906617599753","52.5304903, 13.3791152",18342,3047
"52.4196888848972, 13.4906617599753","52.4864896, 13.4217418",11129,1679
"52.4196888848972, 13.4906617599753","52.5215057, 13.4069139",16036,2830
"52.4196888848972, 13.4906617599753","52.5174377, 13.3898033",16355,2601
"52.4196888848972, 13.4906617599753","52.5111669, 13.4430356",15422,3281
"52.4196888848972, 13.4906617599753","52.5076615, 13.454537",15111,3016
"52.4196888848972, 13.4906617599753","52.5121441, 13.3083771",22590,3206
"52.4196888848972, 13.4906617599753","52.5087884, 13.378434",18390,2980
"52.4196888848972, 13.4906617599753","52.5019061, 13.3308361",20461,3085
"52.4196888848972, 13.4906617599753","52.5088651, 13.2707514",24793,3834
"52.4196888848972, 13.4906617599753","52.5264743, 13.39691",17230,3246
"52.4196888848972, 13.4906617599753","52.5106807, 13.419484",14481,2449
"52.4196888848972, 13.4906617599753","52.4602228, 13.5056519",6099,2273
"52.4196888848972, 13.4906617599753","52.474199, 13.141735",43517,7045
"52.4196888848972, 13.4906617599753","52.5021802, 13.364582",18179,3102
"52.4196888848972, 13.4906617599753","52.5205791, 13.4089041",15889,2690
"52.4196888848972, 13.4906617599753","52.4986678, 13.3566505",17664,3042
"52.4196888848972, 13.4906617599753","52.520848, 13.4084747",15892,2692
"52.4196888848972, 13.4906617599753","52.49694, 13.4540533",12810,2677
"52.4196888848972, 13.4906617599753","52.4840199, 13.4053429",12860,2270
"52.4196888848972, 13.4906617599753","52.5049039, 13.4431471",17065,3302
"52.4196888848972, 13.4906617599753","52.524042, 13.402083",16661,2789
"52.4196888848972, 13.4906617599753","52.5071871, 13.390676",15148,2433
"52.4196888848972, 13.4906617599753","52.4583565, 13.2889441",18885,3907
"52.4196888848972, 13.4906617599753","52.5112074, 13.4169157",14316,2309
"52.4196888848972, 13.4906617599753","52.440493, 13.3911183",11537,2175
"52.4286060047004, 13.4747772745084","52.5075075, 13.3903737",13704,2536
"52.4286060047004, 13.4747772745084","52.5542753, 13.3785425",18822,3406
"52.4286060047004, 13.4747772745084","52.5063, 13.3840159",14174,3029
"52.4286060047004, 13.4747772745084","52.5206458, 13.2932877",22648,3768
"52.4286060047004, 13.4747772745084","52.5239216, 13.3888786",15946,2840
"52.4286060047004, 13.4747772745084","52.5168416, 13.3816742",17852,3085
"52.4286060047004, 13.4747772745084","52.5040556, 13.3379413",15731,3377
"52.4286060047004, 13.4747772745084","52.5090125, 13.3792937",16971,3085
"52.4286060047004, 13.4747772745084","52.4983661, 13.3605076",15457,2707
"52.4286060047004, 13.4747772745084","52.5478117, 13.3892456",17911,3086
"52.4286060047004, 13.4747772745084","52.5046782, 13.4490212",17943,3345
"52.4286060047004, 13.4747772745084","52.5136642, 13.4727613",13389,2522
"52.4286060047004, 13.4747772745084","52.5016098, 13.381181",13504,2465
"52.4286060047004, 13.4747772745084","52.5214137, 13.4034811",15574,3136
"52.4286060047004, 13.4747772745084","52.5176913, 13.4419715",15717,3317
"52.4286060047004, 13.4747772745084","52.517699, 13.3970326",15303,3035
"52.4286060047004, 13.4747772745084","52.5303108, 13.3186121",24326,4332
"52.4286060047004, 13.4747772745084","52.5146378, 13.3905283",15011,2750
"52.4286060047004, 13.4747772745084","52.5145186, 13.487322",14356,3397
"52.4286060047004, 13.4747772745084","52.5170316, 13.4012274",15530,3173
"52.4286060047004, 13.4747772745084","52.5207714, 13.3889021",15264,2750
"52.4286060047004, 13.4747772745084","52.5027268, 13.4453492",14829,3722
"52.4286060047004, 13.4747772745084","52.5284267, 13.3720175",17563,3812
"52.4286060047004, 13.4747772745084","52.5209131, 13.3871461",15249,2743
"52.4286060047004, 13.4747772745084","52.5304903, 13.3791152",16860,3120
"52.4286060047004, 13.4747772745084","52.4864896, 13.4217418",9647,1752
"52.4286060047004, 13.4747772745084","52.5215057, 13.4069139",14554,2903
"52.4286060047004, 13.4747772745084","52.5174377, 13.3898033",14873,2674
"52.4286060047004, 13.4747772745084","52.5111669, 13.4430356",13940,3354
"52.4286060047004, 13.4747772745084","52.5076615, 13.454537",13629,3089
"52.4286060047004, 13.4747772745084","52.5121441, 13.3083771",21108,3279
"52.4286060047004, 13.4747772745084","52.5087884, 13.378434",16908,3053
"52.4286060047004, 13.4747772745084","52.5019061, 13.3308361",18978,3158
"52.4286060047004, 13.4747772745084","52.5088651, 13.2707514",23311,3907
"52.4286060047004, 13.4747772745084","52.5264743, 13.39691",15748,3319
"52.4286060047004, 13.4747772745084","52.5106807, 13.419484",12999,2522
"52.4286060047004, 13.4747772745084","52.4602228, 13.5056519",6566,2148
"52.4286060047004, 13.4747772745084","52.474199, 13.141735",42035,7118
"52.4286060047004, 13.4747772745084","52.5021802, 13.364582",16697,3175
"52.4286060047004, 13.4747772745084","52.5205791, 13.4089041",14407,2763
"52.4286060047004, 13.4747772745084","52.4986678, 13.3566505",16182,3115
"52.4286060047004, 13.4747772745084","52.520848, 13.4084747",14410,2765
"52.4286060047004, 13.4747772745084","52.49694, 13.4540533",11328,2750
"52.4286060047004, 13.4747772745084","52.4840199, 13.4053429",11377,2343
"52.4286060047004, 13.4747772745084","52.5049039, 13.4431471",15583,3375
"52.4286060047004, 13.4747772745084","52.524042, 13.402083",15179,2862
"52.4286060047004, 13.4747772745084","52.5071871, 13.390676",13666,2506
"52.4286060047004, 13.4747772745084","52.4583565, 13.2889441",17719,3447
"52.4286060047004, 13.4747772745084","52.5112074, 13.4169157",12834,2382
"52.4286060047004, 13.4747772745084","52.440493, 13.3911183",9282,2145
"52.4345526989459, 13.5326748846953","52.5075075, 13.3903737",20692,4173
"52.4345526989459, 13.5326748846953","52.5542753, 13.3785425",21791,4372
"52.4345526989459, 13.5326748846953","52.5063, 13.3840159",21887,4538
"52.4345526989459, 13.5326748846953","52.5206458, 13.2932877",29054,4718
"52.4345526989459, 13.5326748846953","52.5239216, 13.3888786",18206,3718
"52.4345526989459, 13.5326748846953","52.5168416, 13.3816742",19159,3863
"52.4345526989459, 13.5326748846953","52.5040556, 13.3379413",22374,3824
"52.4345526989459, 13.5326748846953","52.5090125, 13.3792937",19717,4161
"52.4345526989459, 13.5326748846953","52.4983661, 13.3605076",20578,3438
"52.4345526989459, 13.5326748846953","52.5478117, 13.3892456",19750,3976
"52.4345526989459, 13.5326748846953","52.5046782, 13.4490212",12841,2843
"52.4345526989459, 13.5326748846953","52.5136642, 13.4727613",12509,3021
"52.4345526989459, 13.5326748846953","52.5016098, 13.381181",18626,3196
"52.4345526989459, 13.5326748846953","52.5214137, 13.4034811",16865,3349
"52.4345526989459, 13.5326748846953","52.5176913, 13.4419715",14650,3307
"52.4345526989459, 13.5326748846953","52.517699, 13.3970326",18016,3749
"52.4345526989459, 13.5326748846953","52.5303108, 13.3186121",25360,4544
"52.4345526989459, 13.5326748846953","52.5146378, 13.3905283",18809,3936
"52.4345526989459, 13.5326748846953","52.5145186, 13.487322",12096,3288
"52.4345526989459, 13.5326748846953","52.5170316, 13.4012274",18123,3763
"52.4345526989459, 13.5326748846953","52.5207714, 13.3889021",17879,3451
"52.4345526989459, 13.5326748846953","52.5027268, 13.4453492",13241,3176
"52.4345526989459, 13.5326748846953","52.5284267, 13.3720175",19677,3914
"52.4345526989459, 13.5326748846953","52.5209131, 13.3871461",17803,3372
"52.4345526989459, 13.5326748846953","52.5304903, 13.3791152",18890,4316
"52.4345526989459, 13.5326748846953","52.4864896, 13.4217418",14768,2483
"52.4345526989459, 13.5326748846953","52.5215057, 13.4069139",16300,3349
"52.4345526989459, 13.5326748846953","52.5174377, 13.3898033",18586,3801
"52.4345526989459, 13.5326748846953","52.5111669, 13.4430356",13483,3344
"52.4345526989459, 13.5326748846953","52.5076615, 13.454537",13172,3079
"52.4345526989459, 13.5326748846953","52.5121441, 13.3083771",26229,4010
"52.4345526989459, 13.5326748846953","52.5087884, 13.378434",19709,4129
"52.4345526989459, 13.5326748846953","52.5019061, 13.3308361",23407,4398
"52.4345526989459, 13.5326748846953","52.5088651, 13.2707514",28432,4638
"52.4345526989459, 13.5326748846953","52.5264743, 13.39691",17514,3864
"52.4345526989459, 13.5326748846953","52.5106807, 13.419484",13577,3433
"52.4345526989459, 13.5326748846953","52.4602228, 13.5056519",3911,1491
"52.4345526989459, 13.5326748846953","52.474199, 13.141735",46300,8008
"52.4345526989459, 13.5326748846953","52.5021802, 13.364582",21062,3836
"52.4345526989459, 13.5326748846953","52.5205791, 13.4089041",16194,3241
"52.4345526989459, 13.5326748846953","52.4986678, 13.3566505",20859,3688
"52.4345526989459, 13.5326748846953","52.520848, 13.4084747",16197,3243
"52.4345526989459, 13.5326748846953","52.49694, 13.4540533",11402,3076
"52.4345526989459, 13.5326748846953","52.4840199, 13.4053429",16499,3074
"52.4345526989459, 13.5326748846953","52.5049039, 13.4431471",13246,3163
"52.4345526989459, 13.5326748846953","52.524042, 13.402083",16869,3346
"52.4345526989459, 13.5326748846953","52.5071871, 13.390676",19524,4067
"52.4345526989459, 13.5326748846953","52.4583565, 13.2889441",23227,4818
"52.4345526989459, 13.5326748846953","52.5112074, 13.4169157",13767,3386
"52.4345526989459, 13.5326748846953","52.440493, 13.3911183",15034,3799
"52.4676068373647, 13.3855774480596","52.5075075, 13.3903737",4526,884
"52.4676068373647, 13.3855774480596","52.5542753, 13.3785425",10835,2526
"52.4676068373647, 13.3855774480596","52.5063, 13.3840159",5837,1613
"52.4676068373647, 13.3855774480596","52.5206458, 13.2932877",11684,2187
"52.4676068373647, 13.3855774480596","52.5239216, 13.3888786",6769,1188
"52.4676068373647, 13.3855774480596","52.5168416, 13.3816742",6110,1369
"52.4676068373647, 13.3855774480596","52.5040556, 13.3379413",7129,1686
"52.4676068373647, 13.3855774480596","52.5090125, 13.3792937",6396,1564
"52.4676068373647, 13.3855774480596","52.4983661, 13.3605076",5637,1355
"52.4676068373647, 13.3855774480596","52.5478117, 13.3892456",19830,2478
"52.4676068373647, 13.3855774480596","52.5046782, 13.4490212",10791,1773
"52.4676068373647, 13.3855774480596","52.5136642, 13.4727613",10882,1436
"52.4676068373647, 13.3855774480596","52.5016098, 13.381181",5536,1372
"52.4676068373647, 13.3855774480596","52.5214137, 13.4034811",7406,1617
"52.4676068373647, 13.3855774480596","52.5176913, 13.4419715",9844,2145
"52.4676068373647, 13.3855774480596","52.517699, 13.3970326",6126,1383
"52.4676068373647, 13.3855774480596","52.5303108, 13.3186121",16133,2649
"52.4676068373647, 13.3855774480596","52.5146378, 13.3905283",5834,1098
"52.4676068373647, 13.3855774480596","52.5145186, 13.487322",11849,2311
"52.4676068373647, 13.3855774480596","52.5170316, 13.4012274",6730,1639
"52.4676068373647, 13.3855774480596","52.5207714, 13.3889021",6086,1098
"52.4676068373647, 13.3855774480596","52.5027268, 13.4453492",11191,2106
"52.4676068373647, 13.3855774480596","52.5284267, 13.3720175",8240,1916
"52.4676068373647, 13.3855774480596","52.5209131, 13.3871461",6071,1091
"52.4676068373647, 13.3855774480596","52.5304903, 13.3791152",7682,1468
"52.4676068373647, 13.3855774480596","52.4864896, 13.4217418",6240,1392
"52.4676068373647, 13.3855774480596","52.5215057, 13.4069139",7057,1760
"52.4676068373647, 13.3855774480596","52.5174377, 13.3898033",5696,1022
"52.4676068373647, 13.3855774480596","52.5111669, 13.4430356",11433,2274
"52.4676068373647, 13.3855774480596","52.5076615, 13.454537",11122,2009
"52.4676068373647, 13.3855774480596","52.5121441, 13.3083771",11953,2107
"52.4676068373647, 13.3855774480596","52.5087884, 13.378434",6333,1532
"52.4676068373647, 13.3855774480596","52.5019061, 13.3308361",7853,2016
"52.4676068373647, 13.3855774480596","52.5088651, 13.2707514",11148,2367
"52.4676068373647, 13.3855774480596","52.5264743, 13.39691",7607,1875
"52.4676068373647, 13.3855774480596","52.5106807, 13.419484",9520,1892
"52.4676068373647, 13.3855774480596","52.4602228, 13.5056519",12284,3204
"52.4676068373647, 13.3855774480596","52.474199, 13.141735",25885,5117
"52.4676068373647, 13.3855774480596","52.5021802, 13.364582",7029,2008
"52.4676068373647, 13.3855774480596","52.5205791, 13.4089041",8057,1731
"52.4676068373647, 13.3855774480596","52.4986678, 13.3566505",5918,1605
"52.4676068373647, 13.3855774480596","52.520848, 13.4084747",8060,1733
"52.4676068373647, 13.3855774480596","52.49694, 13.4540533",8829,1676
"52.4676068373647, 13.3855774480596","52.4840199, 13.4053429",3440,1572
"52.4676068373647, 13.3855774480596","52.5049039, 13.4431471",11196,2093
"52.4676068373647, 13.3855774480596","52.524042, 13.402083",7411,1614
"52.4676068373647, 13.3855774480596","52.5071871, 13.390676",4488,854
"52.4676068373647, 13.3855774480596","52.4583565, 13.2889441",9717,1949
"52.4676068373647, 13.3855774480596","52.5112074, 13.4169157",9355,1752
"52.4676068373647, 13.3855774480596","52.440493, 13.3911183",3503,777
"52.468072935795, 13.4337504289727","52.5075075, 13.3903737",8038,1607
"52.468072935795, 13.4337504289727","52.5542753, 13.3785425",11686,2063
"52.468072935795, 13.4337504289727","52.5063, 13.3840159",9019,1605
"52.468072935795, 13.4337504289727","52.5206458, 13.2932877",14868,2239
"52.468072935795, 13.4337504289727","52.5239216, 13.3888786",10281,1911
"52.468072935795, 13.4337504289727","52.5168416, 13.3816742",10459,1556
"52.468072935795, 13.4337504289727","52.5040556, 13.3379413",9882,2284
"52.468072935795, 13.4337504289727","52.5090125, 13.3792937",9578,1556
"52.468072935795, 13.4337504289727","52.4983661, 13.3605076",8965,2018
"52.468072935795, 13.4337504289727","52.5478117, 13.3892456",10775,1743
"52.468072935795, 13.4337504289727","52.5046782, 13.4490212",7210,1342
"52.468072935795, 13.4337504289727","52.5136642, 13.4727613",7301,1065
"52.468072935795, 13.4337504289727","52.5016098, 13.381181",8718,1364
"52.468072935795, 13.4337504289727","52.5214137, 13.4034811",8438,1793
"52.468072935795, 13.4337504289727","52.5176913, 13.4419715",9647,1866
"52.468072935795, 13.4337504289727","52.517699, 13.3970326",8287,1816
"52.468072935795, 13.4337504289727","52.5303108, 13.3186121",19989,2863
"52.468072935795, 13.4337504289727","52.5146378, 13.3905283",9346,1821
"52.468072935795, 13.4337504289727","52.5145186, 13.487322",8268,1940
"52.468072935795, 13.4337504289727","52.5170316, 13.4012274",8394,1830
"52.468072935795, 13.4337504289727","52.5207714, 13.3889021",11128,1716
"52.468072935795, 13.4337504289727","52.5027268, 13.4453492",7610,1675
"52.468072935795, 13.4337504289727","52.5284267, 13.3720175",11436,1912
"52.468072935795, 13.4337504289727","52.5209131, 13.3871461",10996,1620
"52.468072935795, 13.4337504289727","52.5304903, 13.3791152",11194,2191
"52.468072935795, 13.4337504289727","52.4864896, 13.4217418",2583,679
"52.468072935795, 13.4337504289727","52.5215057, 13.4069139",7418,1560
"52.468072935795, 13.4337504289727","52.5174377, 13.3898033",8857,1868
"52.468072935795, 13.4337504289727","52.5111669, 13.4430356",7852,1843
"52.468072935795, 13.4337504289727","52.5076615, 13.454537",7541,1578
"52.468072935795, 13.4337504289727","52.5121441, 13.3083771",14813,2383
"52.468072935795, 13.4337504289727","52.5087884, 13.378434",9515,1524
"52.468072935795, 13.4337504289727","52.5019061, 13.3308361",10952,2229
"52.468072935795, 13.4337504289727","52.5088651, 13.2707514",13906,2394
"52.468072935795, 13.4337504289727","52.5264743, 13.39691",8612,1976
"52.468072935795, 13.4337504289727","52.5106807, 13.419484",5863,1179
"52.468072935795, 13.4337504289727","52.4602228, 13.5056519",8063,2564
"52.468072935795, 13.4337504289727","52.474199, 13.141735",29069,5169
"52.468072935795, 13.4337504289727","52.5021802, 13.364582",10726,2246
"52.468072935795, 13.4337504289727","52.5205791, 13.4089041",7271,1420
"52.468072935795, 13.4337504289727","52.4986678, 13.3566505",10211,2186
"52.468072935795, 13.4337504289727","52.520848, 13.4084747",7274,1422
"52.468072935795, 13.4337504289727","52.49694, 13.4540533",5248,1305
"52.468072935795, 13.4337504289727","52.4840199, 13.4053429",5082,1567
"52.468072935795, 13.4337504289727","52.5049039, 13.4431471",7615,1662
"52.468072935795, 13.4337504289727","52.524042, 13.402083",8043,1519
"52.468072935795, 13.4337504289727","52.5071871, 13.390676",8000,1577
"52.468072935795, 13.4337504289727","52.4583565, 13.2889441",12901,2241
"52.468072935795, 13.4337504289727","52.5112074, 13.4169157",5698,1039
"52.468072935795, 13.4337504289727","52.440493, 13.3911183",4878,1133
"52.4824976048158, 13.4275820756836","52.5075075, 13.3903737",5564,1750
"52.4824976048158, 13.4275820756836","52.5542753, 13.3785425",9902,2049
"52.4824976048158, 13.4275820756836","52.5063, 13.3840159",5281,1714
"52.4824976048158, 13.4275820756836","52.5206458, 13.2932877",15052,2900
"52.4824976048158, 13.4275820756836","52.5239216, 13.3888786",7065,1753
"52.4824976048158, 13.4275820756836","52.5168416, 13.3816742",7646,1916
"52.4824976048158, 13.4275820756836","52.5040556, 13.3379413",8373,2006
"52.4824976048158, 13.4275820756836","52.5090125, 13.3792937",5762,1799
"52.4824976048158, 13.4275820756836","52.4983661, 13.3605076",6577,1620
"52.4824976048158, 13.4275820756836","52.5478117, 13.3892456",8991,1729
"52.4824976048158, 13.4275820756836","52.5046782, 13.4490212",4607,1688
"52.4824976048158, 13.4275820756836","52.5136642, 13.4727613",9380,1855
"52.4824976048158, 13.4275820756836","52.5016098, 13.381181",4624,1378
"52.4824976048158, 13.4275820756836","52.5214137, 13.4034811",6654,1779
"52.4824976048158, 13.4275820756836","52.5176913, 13.4419715",7711,2140
"52.4824976048158, 13.4275820756836","52.517699, 13.3970326",6503,1802
"52.4824976048158, 13.4275820756836","52.5303108, 13.3186121",15446,3065
"52.4824976048158, 13.4275820756836","52.5146378, 13.3905283",6130,1663
"52.4824976048158, 13.4275820756836","52.5145186, 13.487322",10965,2781
"52.4824976048158, 13.4275820756836","52.5170316, 13.4012274",6610,1816
"52.4824976048158, 13.4275820756836","52.5207714, 13.3889021",6383,1663
"52.4824976048158, 13.4275820756836","52.5027268, 13.4453492",7179,2094
"52.4824976048158, 13.4275820756836","52.5284267, 13.3720175",8814,2293
"52.4824976048158, 13.4275820756836","52.5209131, 13.3871461",7435,1875
"52.4824976048158, 13.4275820756836","52.5304903, 13.3791152",7979,2033
"52.4824976048158, 13.4275820756836","52.4864896, 13.4217418",756,608
"52.4824976048158, 13.4275820756836","52.5215057, 13.4069139",5634,1546
"52.4824976048158, 13.4275820756836","52.5174377, 13.3898033",7073,1854
"52.4824976048158, 13.4275820756836","52.5111669, 13.4430356",6739,2292
"52.4824976048158, 13.4275820756836","52.5076615, 13.454537",7433,2108
"52.4824976048158, 13.4275820756836","52.5121441, 13.3083771",12228,2192
"52.4824976048158, 13.4275820756836","52.5087884, 13.378434",5709,1757
"52.4824976048158, 13.4275820756836","52.5019061, 13.3308361",10098,2071
"52.4824976048158, 13.4275820756836","52.5088651, 13.2707514",14431,2760
"52.4824976048158, 13.4275820756836","52.5264743, 13.39691",6828,1962
"52.4824976048158, 13.4275820756836","52.5106807, 13.419484",4079,1165
"52.4824976048158, 13.4275820756836","52.4602228, 13.5056519",8277,2384
"52.4824976048158, 13.4275820756836","52.474199, 13.141735",33155,6091
"52.4824976048158, 13.4275820756836","52.5021802, 13.364582",7816,1968
"52.4824976048158, 13.4275820756836","52.5205791, 13.4089041",5487,1406
"52.4824976048158, 13.4275820756836","52.4986678, 13.3566505",6858,1870
"52.4824976048158, 13.4275820756836","52.520848, 13.4084747",5490,1408
"52.4824976048158, 13.4275820756836","52.49694, 13.4540533",3055,1574
"52.4824976048158, 13.4275820756836","52.4840199, 13.4053429",2979,1136
"52.4824976048158, 13.4275820756836","52.5049039, 13.4431471",6663,2018
"52.4824976048158, 13.4275820756836","52.524042, 13.402083",6259,1505
"52.4824976048158, 13.4275820756836","52.5071871, 13.390676",5526,1722
"52.4824976048158, 13.4275820756836","52.4583565, 13.2889441",14486,2683
"52.4824976048158, 13.4275820756836","52.5112074, 13.4169157",3914,1025
"52.4824976048158, 13.4275820756836","52.440493, 13.3911183",7439,1979
"52.480808998014, 13.4403999047626","52.5075075, 13.3903737",7038,1826
"52.480808998014, 13.4403999047626","52.5542753, 13.3785425",10783,2441
"52.480808998014, 13.4403999047626","52.5063, 13.3840159",5796,1609
"52.480808998014, 13.4403999047626","52.5206458, 13.2932877",14527,2940
"52.480808998014, 13.4403999047626","52.5239216, 13.3888786",9281,2130
"52.480808998014, 13.4403999047626","52.5168416, 13.3816742",7273,2361
"52.480808998014, 13.4403999047626","52.5040556, 13.3379413",10590,2669
"52.480808998014, 13.4403999047626","52.5090125, 13.3792937",6277,1694
"52.480808998014, 13.4403999047626","52.4983661, 13.3605076",7812,2237
"52.480808998014, 13.4403999047626","52.5478117, 13.3892456",9872,2121
"52.480808998014, 13.4403999047626","52.5046782, 13.4490212",5305,1814
"52.480808998014, 13.4403999047626","52.5136642, 13.4727613",6954,1499
"52.480808998014, 13.4403999047626","52.5016098, 13.381181",5851,1681
"52.480808998014, 13.4403999047626","52.5214137, 13.4034811",7535,2171
"52.480808998014, 13.4403999047626","52.5176913, 13.4419715",9324,2330
"52.480808998014, 13.4403999047626","52.517699, 13.3970326",8638,2325
"52.480808998014, 13.4403999047626","52.5303108, 13.3186121",19642,3297
"52.480808998014, 13.4403999047626","52.5146378, 13.3905283",8346,2040
"52.480808998014, 13.4403999047626","52.5145186, 13.487322",7921,2374
"52.480808998014, 13.4403999047626","52.5170316, 13.4012274",7619,2217
"52.480808998014, 13.4403999047626","52.5207714, 13.3889021",8598,2040
"52.480808998014, 13.4403999047626","52.5027268, 13.4453492",5902,1949
"52.480808998014, 13.4403999047626","52.5284267, 13.3720175",9329,2188
"52.480808998014, 13.4403999047626","52.5209131, 13.3871461",8583,2033
"52.480808998014, 13.4403999047626","52.5304903, 13.3791152",10194,2410
"52.480808998014, 13.4403999047626","52.4864896, 13.4217418",1608,787
"52.480808998014, 13.4403999047626","52.5215057, 13.4069139",6515,1938
"52.480808998014, 13.4403999047626","52.5174377, 13.3898033",8208,1964
"52.480808998014, 13.4403999047626","52.5111669, 13.4430356",5947,2315
"52.480808998014, 13.4403999047626","52.5076615, 13.454537",5636,2050
"52.480808998014, 13.4403999047626","52.5121441, 13.3083771",13070,2194
"52.480808998014, 13.4403999047626","52.5087884, 13.378434",6224,1652
"52.480808998014, 13.4403999047626","52.5019061, 13.3308361",10940,2193
"52.480808998014, 13.4403999047626","52.5088651, 13.2707514",15273,2882
"52.480808998014, 13.4403999047626","52.5264743, 13.39691",7709,2354
"52.480808998014, 13.4403999047626","52.5106807, 13.419484",4960,1557
"52.480808998014, 13.4403999047626","52.4602228, 13.5056519",7496,1900
"52.480808998014, 13.4403999047626","52.474199, 13.141735",33997,6213
"52.480808998014, 13.4403999047626","52.5021802, 13.364582",7602,2303
"52.480808998014, 13.4403999047626","52.5205791, 13.4089041",6368,1798
"52.480808998014, 13.4403999047626","52.4986678, 13.3566505",8143,2150
"52.480808998014, 13.4403999047626","52.520848, 13.4084747",6371,1800
"52.480808998014, 13.4403999047626","52.49694, 13.4540533",3256,1458
"52.480808998014, 13.4403999047626","52.4840199, 13.4053429",3888,1120
"52.480808998014, 13.4403999047626","52.5049039, 13.4431471",5708,2134
"52.480808998014, 13.4403999047626","52.524042, 13.402083",7140,1897
"52.480808998014, 13.4403999047626","52.5071871, 13.390676",6090,1724
"52.480808998014, 13.4403999047626","52.4583565, 13.2889441",15328,2805
"52.480808998014, 13.4403999047626","52.5112074, 13.4169157",4795,1417
"52.480808998014, 13.4403999047626","52.440493, 13.3911183",10657,2230
"52.4603948575994, 13.3886653376136","52.5075075, 13.3903737",5709,1107
"52.4603948575994, 13.3886653376136","52.5542753, 13.3785425",12018,2749
"52.4603948575994, 13.3886653376136","52.5063, 13.3840159",6351,1804
"52.4603948575994, 13.3886653376136","52.5206458, 13.2932877",12888,2939
"52.4603948575994, 13.3886653376136","52.5239216, 13.3888786",7952,1411
"52.4603948575994, 13.3886653376136","52.5168416, 13.3816742",7293,1592
"52.4603948575994, 13.3886653376136","52.5040556, 13.3379413",8616,1964
"52.4603948575994, 13.3886653376136","52.5090125, 13.3792937",7315,1695
"52.4603948575994, 13.3886653376136","52.4983661, 13.3605076",6820,1578
"52.4603948575994, 13.3886653376136","52.5478117, 13.3892456",11663,2192
"52.4603948575994, 13.3886653376136","52.5046782, 13.4490212",9336,2216
"52.4603948575994, 13.3886653376136","52.5136642, 13.4727613",12071,2137
"52.4603948575994, 13.3886653376136","52.5016098, 13.381181",5857,1758
"52.4603948575994, 13.3886653376136","52.5214137, 13.4034811",8589,1840
"52.4603948575994, 13.3886653376136","52.5176913, 13.4419715",11027,2368
"52.4603948575994, 13.3886653376136","52.517699, 13.3970326",7309,1606
"52.4603948575994, 13.3886653376136","52.5303108, 13.3186121",14328,3654
"52.4603948575994, 13.3886653376136","52.5146378, 13.3905283",7017,1321
"52.4603948575994, 13.3886653376136","52.5145186, 13.487322",14281,3009
"52.4603948575994, 13.3886653376136","52.5170316, 13.4012274",7913,1862
"52.4603948575994, 13.3886653376136","52.5207714, 13.3889021",7269,1321
"52.4603948575994, 13.3886653376136","52.5027268, 13.4453492",9724,2530
"52.4603948575994, 13.3886653376136","52.5284267, 13.3720175",9423,2139
"52.4603948575994, 13.3886653376136","52.5209131, 13.3871461",7254,1314
"52.4603948575994, 13.3886653376136","52.5304903, 13.3791152",8865,1691
"52.4603948575994, 13.3886653376136","52.4864896, 13.4217418",7192,1793
"52.4603948575994, 13.3886653376136","52.5215057, 13.4069139",8240,1983
"52.4603948575994, 13.3886653376136","52.5174377, 13.3898033",6879,1245
"52.4603948575994, 13.3886653376136","52.5111669, 13.4430356",13225,2901
"52.4603948575994, 13.3886653376136","52.5076615, 13.454537",12915,2636
"52.4603948575994, 13.3886653376136","52.5121441, 13.3083771",13136,2330
"52.4603948575994, 13.3886653376136","52.5087884, 13.378434",7271,1653
"52.4603948575994, 13.3886653376136","52.5019061, 13.3308361",9328,2259
"52.4603948575994, 13.3886653376136","52.5088651, 13.2707514",16247,3018
"52.4603948575994, 13.3886653376136","52.5264743, 13.39691",8790,2098
"52.4603948575994, 13.3886653376136","52.5106807, 13.419484",10770,2465
"52.4603948575994, 13.3886653376136","52.4602228, 13.5056519",10799,2684
"52.4603948575994, 13.3886653376136","52.474199, 13.141735",32995,5449
"52.4603948575994, 13.3886653376136","52.5021802, 13.364582",7304,1976
"52.4603948575994, 13.3886653376136","52.5205791, 13.4089041",9240,1954
"52.4603948575994, 13.3886653376136","52.4986678, 13.3566505",7101,1828
"52.4603948575994, 13.3886653376136","52.520848, 13.4084747",9243,1956
"52.4603948575994, 13.3886653376136","52.49694, 13.4540533",10018,2377
"52.4603948575994, 13.3886653376136","52.4840199, 13.4053429",4817,1799
"52.4603948575994, 13.3886653376136","52.5049039, 13.4431471",9815,2584
"52.4603948575994, 13.3886653376136","52.524042, 13.402083",8594,1837
"52.4603948575994, 13.3886653376136","52.5071871, 13.390676",5671,1077
"52.4603948575994, 13.3886653376136","52.4583565, 13.2889441",8467,2211
"52.4603948575994, 13.3886653376136","52.5112074, 13.4169157",10497,2239
"52.4603948575994, 13.3886653376136","52.440493, 13.3911183",2947,795
"52.4875544002193, 13.3891281171484","52.5075075, 13.3903737",3028,911
"52.4875544002193, 13.3891281171484","52.5542753, 13.3785425",9337,2553
"52.4875544002193, 13.3891281171484","52.5063, 13.3840159",3670,1608
"52.4875544002193, 13.3891281171484","52.5206458, 13.2932877",13312,2907
"52.4875544002193, 13.3891281171484","52.5239216, 13.3888786",5271,1215
"52.4875544002193, 13.3891281171484","52.5168416, 13.3816742",4612,1396
"52.4875544002193, 13.3891281171484","52.5040556, 13.3379413",5121,1543
"52.4875544002193, 13.3891281171484","52.5090125, 13.3792937",4634,1499
"52.4875544002193, 13.3891281171484","52.4983661, 13.3605076",3324,1157
"52.4875544002193, 13.3891281171484","52.5478117, 13.3892456",8982,1996
"52.4875544002193, 13.3891281171484","52.5046782, 13.4490212",6655,2020
"52.4875544002193, 13.3891281171484","52.5136642, 13.4727613",12904,2097
"52.4875544002193, 13.3891281171484","52.5016098, 13.381181",2884,1385
"52.4875544002193, 13.3891281171484","52.5214137, 13.4034811",5908,1644
"52.4875544002193, 13.3891281171484","52.5176913, 13.4419715",8346,2172
"52.4875544002193, 13.3891281171484","52.517699, 13.3970326",4628,1410
"52.4875544002193, 13.3891281171484","52.5303108, 13.3186121",13706,3072
"52.4875544002193, 13.3891281171484","52.5146378, 13.3905283",4336,1125
"52.4875544002193, 13.3891281171484","52.5145186, 13.487322",11600,2813
"52.4875544002193, 13.3891281171484","52.5170316, 13.4012274",5232,1666
"52.4875544002193, 13.3891281171484","52.5207714, 13.3889021",4588,1125
"52.4875544002193, 13.3891281171484","52.5027268, 13.4453492",7043,2334
"52.4875544002193, 13.3891281171484","52.5284267, 13.3720175",6742,1943
"52.4875544002193, 13.3891281171484","52.5209131, 13.3871461",4573,1118
"52.4875544002193, 13.3891281171484","52.5304903, 13.3791152",6184,1495
"52.4875544002193, 13.3891281171484","52.4864896, 13.4217418",3049,1092
"52.4875544002193, 13.3891281171484","52.5215057, 13.4069139",5559,1787
"52.4875544002193, 13.3891281171484","52.5174377, 13.3898033",4198,1049
"52.4875544002193, 13.3891281171484","52.5111669, 13.4430356",10544,2705
"52.4875544002193, 13.3891281171484","52.5076615, 13.454537",10234,2440
"52.4875544002193, 13.3891281171484","52.5121441, 13.3083771",10487,2079
"52.4875544002193, 13.3891281171484","52.5087884, 13.378434",4590,1457
"52.4875544002193, 13.3891281171484","52.5019061, 13.3308361",5833,1838
"52.4875544002193, 13.3891281171484","52.5088651, 13.2707514",13566,2822
"52.4875544002193, 13.3891281171484","52.5264743, 13.39691",6109,1902
"52.4875544002193, 13.3891281171484","52.5106807, 13.419484",6413,1982
"52.4875544002193, 13.3891281171484","52.4602228, 13.5056519",12247,3434
"52.4875544002193, 13.3891281171484","52.474199, 13.141735",31415,6098
"52.4875544002193, 13.3891281171484","52.5021802, 13.364582",3808,1555
"52.4875544002193, 13.3891281171484","52.5205791, 13.4089041",6559,1758
"52.4875544002193, 13.3891281171484","52.4986678, 13.3566505",3605,1407
"52.4875544002193, 13.3891281171484","52.520848, 13.4084747",6562,1760
"52.4875544002193, 13.3891281171484","52.49694, 13.4540533",8008,2812
"52.4875544002193, 13.3891281171484","52.4840199, 13.4053429",1379,1101
"52.4875544002193, 13.3891281171484","52.5049039, 13.4431471",7134,2388
"52.4875544002193, 13.3891281171484","52.524042, 13.402083",5913,1641
"52.4875544002193, 13.3891281171484","52.5071871, 13.390676",2990,881
"52.4875544002193, 13.3891281171484","52.4583565, 13.2889441",12746,2690
"52.4875544002193, 13.3891281171484","52.5112074, 13.4169157",6248,1842
"52.4875544002193, 13.3891281171484","52.440493, 13.3911183",5945,1259
"52.4964451125272, 13.3732195538324","52.5075075, 13.3903737",2117,1045
"52.4964451125272, 13.3732195538324","52.5542753, 13.3785425",11476,2602
"52.4964451125272, 13.3732195538324","52.5063, 13.3840159",1602,1072
"52.4964451125272, 13.3732195538324","52.5206458, 13.2932877",7510,2176
"52.4964451125272, 13.3732195538324","52.5239216, 13.3888786",5169,1440
"52.4964451125272, 13.3732195538324","52.5168416, 13.3816742",4245,1092
"52.4964451125272, 13.3732195538324","52.5040556, 13.3379413",3803,1267
"52.4964451125272, 13.3732195538324","52.5090125, 13.3792937",1771,760
"52.4964451125272, 13.3732195538324","52.4983661, 13.3605076",1667,721
"52.4964451125272, 13.3732195538324","52.5478117, 13.3892456",9092,1778
"52.4964451125272, 13.3732195538324","52.5046782, 13.4490212",6054,1341
"52.4964451125272, 13.3732195538324","52.5136642, 13.4727613",9966,2363
"52.4964451125272, 13.3732195538324","52.5016098, 13.381181",1082,866
"52.4964451125272, 13.3732195538324","52.5214137, 13.4034811",6136,1576
"52.4964451125272, 13.3732195538324","52.5176913, 13.4419715",7888,2153
"52.4964451125272, 13.3732195538324","52.517699, 13.3970326",3813,1555
"52.4964451125272, 13.3732195538324","52.5303108, 13.3186121",8047,2252
"52.4964451125272, 13.3732195538324","52.5146378, 13.3905283",3075,1142
"52.4964451125272, 13.3732195538324","52.5145186, 13.487322",11142,2794
"52.4964451125272, 13.3732195538324","52.5170316, 13.4012274",3818,1536
"52.4964451125272, 13.3732195538324","52.5207714, 13.3889021",4914,1252
"52.4964451125272, 13.3732195538324","52.5027268, 13.4453492",6442,1655
"52.4964451125272, 13.3732195538324","52.5284267, 13.3720175",6773,1868
"52.4964451125272, 13.3732195538324","52.5209131, 13.3871461",4782,1156
"52.4964451125272, 13.3732195538324","52.5304903, 13.3791152",7148,1954
"52.4964451125272, 13.3732195538324","52.4864896, 13.4217418",5694,1399
"52.4964451125272, 13.3732195538324","52.5215057, 13.4069139",5887,1734
"52.4964451125272, 13.3732195538324","52.5174377, 13.3898033",3335,1402
"52.4964451125272, 13.3732195538324","52.5111669, 13.4430356",10772,2637
"52.4964451125272, 13.3732195538324","52.5076615, 13.454537",6605,1736
"52.4964451125272, 13.3732195538324","52.5121441, 13.3083771",5728,1186
"52.4964451125272, 13.3732195538324","52.5087884, 13.378434",1727,718
"52.4964451125272, 13.3732195538324","52.5019061, 13.3308361",4373,1377
"52.4964451125272, 13.3732195538324","52.5088651, 13.2707514",8436,1676
"52.4964451125272, 13.3732195538324","52.5264743, 13.39691",6016,1684
"52.4964451125272, 13.3732195538324","52.5106807, 13.419484",4845,1644
"52.4964451125272, 13.3732195538324","52.4602228, 13.5056519",12176,2885
"52.4964451125272, 13.3732195538324","52.474199, 13.141735",23467,4827
"52.4964451125272, 13.3732195538324","52.5021802, 13.364582",1231,1001
"52.4964451125272, 13.3732195538324","52.5205791, 13.4089041",5745,1605
"52.4964451125272, 13.3732195538324","52.4986678, 13.3566505",2482,914
"52.4964451125272, 13.3732195538324","52.520848, 13.4084747",5748,1607
"52.4964451125272, 13.3732195538324","52.49694, 13.4540533",6236,2020
"52.4964451125272, 13.3732195538324","52.4840199, 13.4053429",5110,1750
"52.4964451125272, 13.3732195538324","52.5049039, 13.4431471",6533,1709
"52.4964451125272, 13.3732195538324","52.524042, 13.402083",6141,1573
"52.4964451125272, 13.3732195538324","52.5071871, 13.390676",2080,1017
"52.4964451125272, 13.3732195538324","52.4583565, 13.2889441",11698,2902
"52.4964451125272, 13.3732195538324","52.5112074, 13.4169157",4634,1468
"52.4964451125272, 13.3732195538324","52.440493, 13.3911183",8856,2091
"52.4947632139953, 13.3860390169003","52.5075075, 13.3903737",1992,768
"52.4947632139953, 13.3860390169003","52.5542753, 13.3785425",12637,2718
"52.4947632139953, 13.3860390169003","52.5063, 13.3840159",2197,1148
"52.4947632139953, 13.3860390169003","52.5206458, 13.2932877",11244,2579
"52.4947632139953, 13.3860390169003","52.5239216, 13.3888786",4234,1072
"52.4947632139953, 13.3860390169003","52.5168416, 13.3816742",3575,1253
"52.4947632139953, 13.3860390169003","52.5040556, 13.3379413",4878,1388
"52.4947632139953, 13.3860390169003","52.5090125, 13.3792937",2678,1233
"52.4947632139953, 13.3860390169003","52.4983661, 13.3605076",3082,1002
"52.4947632139953, 13.3860390169003","52.5478117, 13.3892456",7946,1853
"52.4947632139953, 13.3860390169003","52.5046782, 13.4490212",5237,1438
"52.4947632139953, 13.3860390169003","52.5136642, 13.4727613",12060,2134
"52.4947632139953, 13.3860390169003","52.5016098, 13.381181",1794,1027
"52.4947632139953, 13.3860390169003","52.5214137, 13.4034811",4872,1501
"52.4947632139953, 13.3860390169003","52.5176913, 13.4419715",7309,2029
"52.4947632139953, 13.3860390169003","52.517699, 13.3970326",3591,1267
"52.4947632139953, 13.3860390169003","52.5303108, 13.3186121",12616,2384
"52.4947632139953, 13.3860390169003","52.5146378, 13.3905283",3299,982
"52.4947632139953, 13.3860390169003","52.5145186, 13.487322",10563,2670
"52.4947632139953, 13.3860390169003","52.5170316, 13.4012274",4195,1523
"52.4947632139953, 13.3860390169003","52.5207714, 13.3889021",3552,982
"52.4947632139953, 13.3860390169003","52.5027268, 13.4453492",5625,1752
"52.4947632139953, 13.3860390169003","52.5284267, 13.3720175",5501,1745
"52.4947632139953, 13.3860390169003","52.5209131, 13.3871461",3537,975
"52.4947632139953, 13.3860390169003","52.5304903, 13.3791152",5148,1352
"52.4947632139953, 13.3860390169003","52.4864896, 13.4217418",3450,944
"52.4947632139953, 13.3860390169003","52.5215057, 13.4069139",4522,1644
"52.4947632139953, 13.3860390169003","52.5174377, 13.3898033",3161,906
"52.4947632139953, 13.3860390169003","52.5111669, 13.4430356",8471,2414
"52.4947632139953, 13.3860390169003","52.5076615, 13.454537",5788,1833
"52.4947632139953, 13.3860390169003","52.5121441, 13.3083771",9398,1721
"52.4947632139953, 13.3860390169003","52.5087884, 13.378434",2625,1191
"52.4947632139953, 13.3860390169003","52.5019061, 13.3308361",7268,1690
"52.4947632139953, 13.3860390169003","52.5088651, 13.2707514",11601,2439
"52.4947632139953, 13.3860390169003","52.5264743, 13.39691",5072,1759
"52.4947632139953, 13.3860390169003","52.5106807, 13.419484",6814,1834
"52.4947632139953, 13.3860390169003","52.4602228, 13.5056519",11359,2982
"52.4947632139953, 13.3860390169003","52.474199, 13.141735",26322,5230
"52.4947632139953, 13.3860390169003","52.5021802, 13.364582",3566,1400
"52.4947632139953, 13.3860390169003","52.5205791, 13.4089041",5538,1537
"52.4947632139953, 13.3860390169003","52.4986678, 13.3566505",3363,1252
"52.4947632139953, 13.3860390169003","52.520848, 13.4084747",5541,1539
"52.4947632139953, 13.3860390169003","52.49694, 13.4540533",5419,2117
"52.4947632139953, 13.3860390169003","52.4840199, 13.4053429",2866,1295
"52.4947632139953, 13.3860390169003","52.5049039, 13.4431471",5716,1806
"52.4947632139953, 13.3860390169003","52.524042, 13.402083",4877,1498
"52.4947632139953, 13.3860390169003","52.5071871, 13.390676",1954,738
"52.4947632139953, 13.3860390169003","52.4583565, 13.2889441",11656,2302
"52.4947632139953, 13.3860390169003","52.5112074, 13.4169157",6649,1694
"52.4947632139953, 13.3860390169003","52.440493, 13.3911183",6980,1386
"52.489708492911, 13.4244969493902","52.5075075, 13.3903737",5577,1575
"52.489708492911, 13.4244969493902","52.5542753, 13.3785425",9023,1783
"52.489708492911, 13.4244969493902","52.5063, 13.3840159",4569,1281
"52.489708492911, 13.4244969493902","52.5206458, 13.2932877",13544,2771
"52.489708492911, 13.4244969493902","52.5239216, 13.3888786",6924,1706
"52.489708492911, 13.4244969493902","52.5168416, 13.3816742",6767,1650
"52.489708492911, 13.4244969493902","52.5040556, 13.3379413",8162,2161
"52.489708492911, 13.4244969493902","52.5090125, 13.3792937",5051,1366
"52.489708492911, 13.4244969493902","52.4983661, 13.3605076",6926,1813
"52.489708492911, 13.4244969493902","52.5478117, 13.3892456",8112,1463
"52.489708492911, 13.4244969493902","52.5046782, 13.4490212",3727,1422
"52.489708492911, 13.4244969493902","52.5136642, 13.4727613",10382,1853
"52.489708492911, 13.4244969493902","52.5016098, 13.381181",4624,1353
"52.489708492911, 13.4244969493902","52.5214137, 13.4034811",5775,1513
"52.489708492911, 13.4244969493902","52.5176913, 13.4419715",6832,1874
"52.489708492911, 13.4244969493902","52.517699, 13.3970326",5624,1536
"52.489708492911, 13.4244969493902","52.5303108, 13.3186121",14567,3160
"52.489708492911, 13.4244969493902","52.5146378, 13.3905283",5989,1616
"52.489708492911, 13.4244969493902","52.5145186, 13.487322",10086,2515
"52.489708492911, 13.4244969493902","52.5170316, 13.4012274",5731,1550
"52.489708492911, 13.4244969493902","52.5207714, 13.3889021",6242,1616
"52.489708492911, 13.4244969493902","52.5027268, 13.4453492",6299,1888
"52.489708492911, 13.4244969493902","52.5284267, 13.3720175",7874,1878
"52.489708492911, 13.4244969493902","52.5209131, 13.3871461",6555,1609
"52.489708492911, 13.4244969493902","52.5304903, 13.3791152",7838,1986
"52.489708492911, 13.4244969493902","52.4864896, 13.4217418",608,553
"52.489708492911, 13.4244969493902","52.5215057, 13.4069139",4755,1280
"52.489708492911, 13.4244969493902","52.5174377, 13.3898033",5851,1540
"52.489708492911, 13.4244969493902","52.5111669, 13.4430356",5859,2086
"52.489708492911, 13.4244969493902","52.5076615, 13.454537",6553,1842
"52.489708492911, 13.4244969493902","52.5121441, 13.3083771",12087,2025
"52.489708492911, 13.4244969493902","52.5087884, 13.378434",4998,1324
"52.489708492911, 13.4244969493902","52.5019061, 13.3308361",9957,2024
"52.489708492911, 13.4244969493902","52.5088651, 13.2707514",14290,2713
"52.489708492911, 13.4244969493902","52.5264743, 13.39691",5949,1696
"52.489708492911, 13.4244969493902","52.5106807, 13.419484",3200,899
"52.489708492911, 13.4244969493902","52.4602228, 13.5056519",8851,2608
"52.489708492911, 13.4244969493902","52.474199, 13.141735",33014,6044
"52.489708492911, 13.4244969493902","52.5021802, 13.364582",7675,2041
"52.489708492911, 13.4244969493902","52.5205791, 13.4089041",4608,1140
"52.489708492911, 13.4244969493902","52.4986678, 13.3566505",7160,1981
"52.489708492911, 13.4244969493902","52.520848, 13.4084747",4611,1142
"52.489708492911, 13.4244969493902","52.49694, 13.4540533",3068,1399
"52.489708492911, 13.4244969493902","52.4840199, 13.4053429",2356,1209
"52.489708492911, 13.4244969493902","52.5049039, 13.4431471",5783,1812
"52.489708492911, 13.4244969493902","52.524042, 13.402083",5380,1239
"52.489708492911, 13.4244969493902","52.5071871, 13.390676",5539,1547
"52.489708492911, 13.4244969493902","52.4583565, 13.2889441",14345,2636
"52.489708492911, 13.4244969493902","52.5112074, 13.4169157",3035,759
"52.489708492911, 13.4244969493902","52.440493, 13.3911183",7271,1932
"52.4969184165972, 13.4214111897612","52.5075075, 13.3903737",3038,1132
"52.4969184165972, 13.4214111897612","52.5542753, 13.3785425",8299,1682
"52.4969184165972, 13.4214111897612","52.5063, 13.3840159",4121,1576
"52.4969184165972, 13.4214111897612","52.5206458, 13.2932877",17043,2884
"52.4969184165972, 13.4214111897612","52.5239216, 13.3888786",5865,1768
"52.4969184165972, 13.4214111897612","52.5168416, 13.3816742",6043,1549
"52.4969184165972, 13.4214111897612","52.5040556, 13.3379413",7500,2049
"52.4969184165972, 13.4214111897612","52.5090125, 13.3792937",4713,1553
"52.4969184165972, 13.4214111897612","52.4983661, 13.3605076",4609,1501
"52.4969184165972, 13.4214111897612","52.5478117, 13.3892456",7388,1362
"52.4969184165972, 13.4214111897612","52.5046782, 13.4490212",2892,874
"52.4969184165972, 13.4214111897612","52.5136642, 13.4727613",8186,1863
"52.4969184165972, 13.4214111897612","52.5016098, 13.381181",3355,1168
"52.4969184165972, 13.4214111897612","52.5214137, 13.4034811",5051,1412
"52.4969184165972, 13.4214111897612","52.5176913, 13.4419715",6108,1653
"52.4969184165972, 13.4214111897612","52.517699, 13.3970326",4900,1435
"52.4969184165972, 13.4214111897612","52.5303108, 13.3186121",12883,2680
"52.4969184165972, 13.4214111897612","52.5146378, 13.3905283",5693,1622
"52.4969184165972, 13.4214111897612","52.5145186, 13.487322",9362,2294
"52.4969184165972, 13.4214111897612","52.5170316, 13.4012274",5007,1449
"52.4969184165972, 13.4214111897612","52.5207714, 13.3889021",5890,1609
"52.4969184165972, 13.4214111897612","52.5027268, 13.4453492",3280,1188
"52.4969184165972, 13.4214111897612","52.5284267, 13.3720175",7645,2063
"52.4969184165972, 13.4214111897612","52.5209131, 13.3871461",5726,1536
"52.4969184165972, 13.4214111897612","52.5304903, 13.3791152",6688,1822
"52.4969184165972, 13.4214111897612","52.4864896, 13.4217418",2152,778
"52.4969184165972, 13.4214111897612","52.5215057, 13.4069139",4031,1179
"52.4969184165972, 13.4214111897612","52.5174377, 13.3898033",5470,1487
"52.4969184165972, 13.4214111897612","52.5111669, 13.4430356",3529,1704
"52.4969184165972, 13.4214111897612","52.5076615, 13.454537",3443,1269
"52.4969184165972, 13.4214111897612","52.5121441, 13.3083771",8670,1966
"52.4969184165972, 13.4214111897612","52.5087884, 13.378434",4669,1511
"52.4969184165972, 13.4214111897612","52.5019061, 13.3308361",8212,2344
"52.4969184165972, 13.4214111897612","52.5088651, 13.2707514",11378,2456
"52.4969184165972, 13.4214111897612","52.5264743, 13.39691",5225,1595
"52.4969184165972, 13.4214111897612","52.5106807, 13.419484",2476,798
"52.4969184165972, 13.4214111897612","52.4602228, 13.5056519",9014,2418
"52.4969184165972, 13.4214111897612","52.474199, 13.141735",31232,5154
"52.4969184165972, 13.4214111897612","52.5021802, 13.364582",5590,1953
"52.4969184165972, 13.4214111897612","52.5205791, 13.4089041",3884,1039
"52.4969184165972, 13.4214111897612","52.4986678, 13.3566505",5424,1694
"52.4969184165972, 13.4214111897612","52.520848, 13.4084747",3887,1041
"52.4969184165972, 13.4214111897612","52.49694, 13.4540533",3074,1553
"52.4969184165972, 13.4214111897612","52.4840199, 13.4053429",3905,1639
"52.4969184165972, 13.4214111897612","52.5049039, 13.4431471",3371,1242
"52.4969184165972, 13.4214111897612","52.524042, 13.402083",4656,1138
"52.4969184165972, 13.4214111897612","52.5071871, 13.390676",3000,1104
"52.4969184165972, 13.4214111897612","52.4583565, 13.2889441",15894,3066
"52.4969184165972, 13.4214111897612","52.5112074, 13.4169157",2311,658
"52.4969184165972, 13.4214111897612","52.440493, 13.3911183",9518,2104
"52.4765003227968, 13.3696733587476","52.5075075, 13.3903737",6499,1565
"52.4765003227968, 13.3696733587476","52.5542753, 13.3785425",11675,2416
"52.4765003227968, 13.3696733587476","52.5063, 13.3840159",4422,1244
"52.4765003227968, 13.3696733587476","52.5206458, 13.2932877",10282,2143
"52.4765003227968, 13.3696733587476","52.5239216, 13.3888786",6786,1543
"52.4765003227968, 13.3696733587476","52.5168416, 13.3816742",5862,1195
"52.4765003227968, 13.3696733587476","52.5040556, 13.3379413",5907,1711
"52.4765003227968, 13.3696733587476","52.5090125, 13.3792937",4981,1195
"52.4765003227968, 13.3696733587476","52.4983661, 13.3605076",4183,1445
"52.4765003227968, 13.3696733587476","52.5478117, 13.3892456",10709,1881
"52.4765003227968, 13.3696733587476","52.5046782, 13.4490212",12388,2032
"52.4765003227968, 13.3696733587476","52.5136642, 13.4727613",12495,1695
"52.4765003227968, 13.3696733587476","52.5016098, 13.381181",4121,1003
"52.4765003227968, 13.3696733587476","52.5214137, 13.4034811",7753,1679
"52.4765003227968, 13.3696733587476","52.5176913, 13.4419715",10491,2207
"52.4765003227968, 13.3696733587476","52.517699, 13.3970326",7011,1749
"52.4765003227968, 13.3696733587476","52.5303108, 13.3186121",14730,2545
"52.4765003227968, 13.3696733587476","52.5146378, 13.3905283",6357,1733
"52.4765003227968, 13.3696733587476","52.5145186, 13.487322",13462,2570
"52.4765003227968, 13.3696733587476","52.5170316, 13.4012274",7107,1763
"52.4765003227968, 13.3696733587476","52.5207714, 13.3889021",6531,1355
"52.4765003227968, 13.3696733587476","52.5027268, 13.4453492",13151,2587
"52.4765003227968, 13.3696733587476","52.5284267, 13.3720175",6749,1384
"52.4765003227968, 13.3696733587476","52.5209131, 13.3871461",6399,1259
"52.4765003227968, 13.3696733587476","52.5304903, 13.3791152",8765,2057
"52.4765003227968, 13.3696733587476","52.4864896, 13.4217418",7853,1651
"52.4765003227968, 13.3696733587476","52.5215057, 13.4069139",8501,1883
"52.4765003227968, 13.3696733587476","52.5174377, 13.3898033",6217,1548
"52.4765003227968, 13.3696733587476","52.5111669, 13.4430356",13030,2533
"52.4765003227968, 13.3696733587476","52.5076615, 13.454537",12719,2268
"52.4765003227968, 13.3696733587476","52.5121441, 13.3083771",9532,2169
"52.4765003227968, 13.3696733587476","52.5087884, 13.378434",4918,1163
"52.4765003227968, 13.3696733587476","52.5019061, 13.3308361",6630,2041
"52.4765003227968, 13.3696733587476","52.5088651, 13.2707514",9566,2323
"52.4765003227968, 13.3696733587476","52.5264743, 13.39691",7633,1787
"52.4765003227968, 13.3696733587476","52.5106807, 13.419484",11133,2151
"52.4765003227968, 13.3696733587476","52.4602228, 13.5056519",15254,2868
"52.4765003227968, 13.3696733587476","52.474199, 13.141735",24483,5013
"52.4765003227968, 13.3696733587476","52.5021802, 13.364582",6045,1737
"52.4765003227968, 13.3696733587476","52.5205791, 13.4089041",8395,1775
"52.4765003227968, 13.3696733587476","52.4986678, 13.3566505",4464,1695
"52.4765003227968, 13.3696733587476","52.520848, 13.4084747",8398,1777
"52.4765003227968, 13.3696733587476","52.49694, 13.4540533",10442,1953
"52.4765003227968, 13.3696733587476","52.4840199, 13.4053429",3468,1458
"52.4765003227968, 13.3696733587476","52.5049039, 13.4431471",12791,2352
"52.4765003227968, 13.3696733587476","52.524042, 13.402083",7758,1676
"52.4765003227968, 13.3696733587476","52.5071871, 13.390676",6461,1535
"52.4765003227968, 13.3696733587476","52.4583565, 13.2889441",8315,2145
"52.4765003227968, 13.3696733587476","52.5112074, 13.4169157",10968,2011
"52.4765003227968, 13.3696733587476","52.440493, 13.3911183",5924,1774
"52.4579104431565, 13.5106402595109","52.5075075, 13.3903737",16024,3148
"52.4579104431565, 13.5106402595109","52.5542753, 13.3785425",17123,3347
"52.4579104431565, 13.5106402595109","52.5063, 13.3840159",14990,4001
"52.4579104431565, 13.5106402595109","52.5206458, 13.2932877",25752,4528
"52.4579104431565, 13.5106402595109","52.5239216, 13.3888786",14668,2769
"52.4579104431565, 13.5106402595109","52.5168416, 13.3816742",15622,2914
"52.4579104431565, 13.5106402595109","52.5040556, 13.3379413",19938,3511
"52.4579104431565, 13.5106402595109","52.5090125, 13.3792937",16179,3212
"52.4579104431565, 13.5106402595109","52.4983661, 13.3605076",15529,3647
"52.4579104431565, 13.5106402595109","52.5478117, 13.3892456",17026,2772
"52.4579104431565, 13.5106402595109","52.5046782, 13.4490212",9303,1954
"52.4579104431565, 13.5106402595109","52.5136642, 13.4727613",8972,2072
"52.4579104431565, 13.5106402595109","52.5016098, 13.381181",16917,3272
"52.4579104431565, 13.5106402595109","52.5214137, 13.4034811",13327,2400
"52.4579104431565, 13.5106402595109","52.5176913, 13.4419715",11113,2358
"52.4579104431565, 13.5106402595109","52.517699, 13.3970326",14479,2800
"52.4579104431565, 13.5106402595109","52.5303108, 13.3186121",22284,3785
"52.4579104431565, 13.5106402595109","52.5146378, 13.3905283",15272,2987
"52.4579104431565, 13.5106402595109","52.5145186, 13.487322",8559,2339
"52.4579104431565, 13.5106402595109","52.5170316, 13.4012274",14586,2814
"52.4579104431565, 13.5106402595109","52.5207714, 13.3889021",14341,2502
"52.4579104431565, 13.5106402595109","52.5027268, 13.4453492",8186,1932
"52.4579104431565, 13.5106402595109","52.5284267, 13.3720175",16139,2965
"52.4579104431565, 13.5106402595109","52.5209131, 13.3871461",14265,2423
"52.4579104431565, 13.5106402595109","52.5304903, 13.3791152",15352,3367
"52.4579104431565, 13.5106402595109","52.4864896, 13.4217418",10623,2820
"52.4579104431565, 13.5106402595109","52.5215057, 13.4069139",12762,2400
"52.4579104431565, 13.5106402595109","52.5174377, 13.3898033",15049,2852
"52.4579104431565, 13.5106402595109","52.5111669, 13.4430356",9945,2455
"52.4579104431565, 13.5106402595109","52.5076615, 13.454537",9634,2190
"52.4579104431565, 13.5106402595109","52.5121441, 13.3083771",21509,3958
"52.4579104431565, 13.5106402595109","52.5087884, 13.378434",16171,3180
"52.4579104431565, 13.5106402595109","52.5019061, 13.3308361",19869,3449
"52.4579104431565, 13.5106402595109","52.5088651, 13.2707514",25997,4363
"52.4579104431565, 13.5106402595109","52.5264743, 13.39691",13976,2915
"52.4579104431565, 13.5106402595109","52.5106807, 13.419484",9804,2068
"52.4579104431565, 13.5106402595109","52.4602228, 13.5056519",605,506
"52.4579104431565, 13.5106402595109","52.474199, 13.141735",43044,7059
"52.4579104431565, 13.5106402595109","52.5021802, 13.364582",13731,3529
"52.4579104431565, 13.5106402595109","52.5205791, 13.4089041",12656,2292
"52.4579104431565, 13.5106402595109","52.4986678, 13.3566505",16344,3840
"52.4579104431565, 13.5106402595109","52.520848, 13.4084747",12659,2294
"52.4579104431565, 13.5106402595109","52.49694, 13.4540533",7629,1711
"52.4579104431565, 13.5106402595109","52.4840199, 13.4053429",12713,2855
"52.4579104431565, 13.5106402595109","52.5049039, 13.4431471",9708,2274
"52.4579104431565, 13.5106402595109","52.524042, 13.402083",13331,2397
"52.4579104431565, 13.5106402595109","52.5071871, 13.390676",15986,3118
"52.4579104431565, 13.5106402595109","52.4583565, 13.2889441",23086,4783
"52.4579104431565, 13.5106402595109","52.5112074, 13.4169157",9994,2021
"52.4579104431565, 13.5106402595109","52.440493, 13.3911183",14775,3610
"52.4375192772133, 13.4588894251635","52.5075075, 13.3903737",10593,2565
"52.4375192772133, 13.4588894251635","52.5542753, 13.3785425",16172,3433
"52.4375192772133, 13.4588894251635","52.5063, 13.3840159",14426,3862
"52.4375192772133, 13.4588894251635","52.5206458, 13.2932877",19501,3797
"52.4375192772133, 13.4588894251635","52.5239216, 13.3888786",12835,2869
"52.4375192772133, 13.4588894251635","52.5168416, 13.3816742",16365,3262
"52.4375192772133, 13.4588894251635","52.5040556, 13.3379413",14211,2940
"52.4375192772133, 13.4588894251635","52.5090125, 13.3792937",13350,2872
"52.4375192772133, 13.4588894251635","52.4983661, 13.3605076",12493,3154
"52.4375192772133, 13.4588894251635","52.5478117, 13.3892456",17702,3180
"52.4375192772133, 13.4588894251635","52.5046782, 13.4490212",10181,2732
"52.4375192772133, 13.4588894251635","52.5136642, 13.4727613",10272,2395
"52.4375192772133, 13.4588894251635","52.5016098, 13.381181",10394,2494
"52.4375192772133, 13.4588894251635","52.5214137, 13.4034811",14205,3238
"52.4375192772133, 13.4588894251635","52.5176913, 13.4419715",12600,3346
"52.4375192772133, 13.4588894251635","52.517699, 13.3970326",12192,3064
"52.4375192772133, 13.4588894251635","52.5303108, 13.3186121",22960,4193
"52.4375192772133, 13.4588894251635","52.5146378, 13.3905283",11900,2779
"52.4375192772133, 13.4588894251635","52.5145186, 13.487322",11239,3270
"52.4375192772133, 13.4588894251635","52.5170316, 13.4012274",12419,3202
"52.4375192772133, 13.4588894251635","52.5207714, 13.3889021",12153,2779
"52.4375192772133, 13.4588894251635","52.5027268, 13.4453492",11956,2736
"52.4375192772133, 13.4588894251635","52.5284267, 13.3720175",15456,3271
"52.4375192772133, 13.4588894251635","52.5209131, 13.3871461",12138,2772
"52.4375192772133, 13.4588894251635","52.5304903, 13.3791152",13749,3149
"52.4375192772133, 13.4588894251635","52.4864896, 13.4217418",6536,1781
"52.4375192772133, 13.4588894251635","52.5215057, 13.4069139",11443,2932
"52.4375192772133, 13.4588894251635","52.5174377, 13.3898033",11762,2703
"52.4375192772133, 13.4588894251635","52.5111669, 13.4430356",10823,3233
"52.4375192772133, 13.4588894251635","52.5076615, 13.454537",10512,2968
"52.4375192772133, 13.4588894251635","52.5121441, 13.3083771",18459,3306
"52.4375192772133, 13.4588894251635","52.5087884, 13.378434",13297,2830
"52.4375192772133, 13.4588894251635","52.5019061, 13.3308361",14934,3270
"52.4375192772133, 13.4588894251635","52.5088651, 13.2707514",19229,3618
"52.4375192772133, 13.4588894251635","52.5264743, 13.39691",12637,3348
"52.4375192772133, 13.4588894251635","52.5106807, 13.419484",9888,2551
"52.4375192772133, 13.4588894251635","52.4602228, 13.5056519",7894,1918
"52.4375192772133, 13.4588894251635","52.474199, 13.141735",39162,6545
"52.4375192772133, 13.4588894251635","52.5021802, 13.364582",14111,3202
"52.4375192772133, 13.4588894251635","52.5205791, 13.4089041",11296,2792
"52.4375192772133, 13.4588894251635","52.4986678, 13.3566505",13833,3294
"52.4375192772133, 13.4588894251635","52.520848, 13.4084747",11299,2794
"52.4375192772133, 13.4588894251635","52.49694, 13.4540533",11399,2515
"52.4375192772133, 13.4588894251635","52.4840199, 13.4053429",8267,2372
"52.4375192772133, 13.4588894251635","52.5049039, 13.4431471",10586,3052
"52.4375192772133, 13.4588894251635","52.524042, 13.402083",12068,2891
"52.4375192772133, 13.4588894251635","52.5071871, 13.390676",10555,2535
"52.4375192772133, 13.4588894251635","52.4583565, 13.2889441",20316,3799
"52.4375192772133, 13.4588894251635","52.5112074, 13.4169157",9723,2411
"52.4375192772133, 13.4588894251635","52.440493, 13.3911183",6241,1602
"52.4434736322518, 13.5167901783966","52.5075075, 13.3903737",18147,3799
"52.4434736322518, 13.5167901783966","52.5542753, 13.3785425",19246,3998
"52.4434736322518, 13.5167901783966","52.5063, 13.3840159",14995,3707
"52.4434736322518, 13.5167901783966","52.5206458, 13.2932877",24416,4900
"52.4434736322518, 13.5167901783966","52.5239216, 13.3888786",16791,3420
"52.4434736322518, 13.5167901783966","52.5168416, 13.3816742",17744,3565
"52.4434736322518, 13.5167901783966","52.5040556, 13.3379413",22061,4162
"52.4434736322518, 13.5167901783966","52.5090125, 13.3792937",15476,3732
"52.4434736322518, 13.5167901783966","52.4983661, 13.3605076",21297,4714
"52.4434736322518, 13.5167901783966","52.5478117, 13.3892456",18335,3678
"52.4434736322518, 13.5167901783966","52.5046782, 13.4490212",11426,2545
"52.4434736322518, 13.5167901783966","52.5136642, 13.4727613",11094,2723
"52.4434736322518, 13.5167901783966","52.5016098, 13.381181",19043,4073
"52.4434736322518, 13.5167901783966","52.5214137, 13.4034811",15450,3051
"52.4434736322518, 13.5167901783966","52.5176913, 13.4419715",13235,3009
"52.4434736322518, 13.5167901783966","52.517699, 13.3970326",16601,3451
"52.4434736322518, 13.5167901783966","52.5303108, 13.3186121",24662,4578
"52.4434736322518, 13.5167901783966","52.5146378, 13.3905283",17394,3638
"52.4434736322518, 13.5167901783966","52.5145186, 13.487322",10681,2990
"52.4434736322518, 13.5167901783966","52.5170316, 13.4012274",16708,3465
"52.4434736322518, 13.5167901783966","52.5207714, 13.3889021",16464,3153
"52.4434736322518, 13.5167901783966","52.5027268, 13.4453492",11826,2878
"52.4434736322518, 13.5167901783966","52.5284267, 13.3720175",18262,3616
"52.4434736322518, 13.5167901783966","52.5209131, 13.3871461",16388,3074
"52.4434736322518, 13.5167901783966","52.5304903, 13.3791152",17475,4018
"52.4434736322518, 13.5167901783966","52.4864896, 13.4217418",11193,3038
"52.4434736322518, 13.5167901783966","52.5215057, 13.4069139",14885,3051
"52.4434736322518, 13.5167901783966","52.5174377, 13.3898033",17171,3503
"52.4434736322518, 13.5167901783966","52.5111669, 13.4430356",12068,3046
"52.4434736322518, 13.5167901783966","52.5076615, 13.454537",11757,2781
"52.4434736322518, 13.5167901783966","52.5121441, 13.3083771",23632,4609
"52.4434736322518, 13.5167901783966","52.5087884, 13.378434",15423,3690
"52.4434736322518, 13.5167901783966","52.5019061, 13.3308361",21992,4100
"52.4434736322518, 13.5167901783966","52.5088651, 13.2707514",28120,5014
"52.4434736322518, 13.5167901783966","52.5264743, 13.39691",16099,3566
"52.4434736322518, 13.5167901783966","52.5106807, 13.419484",14297,3218
"52.4434736322518, 13.5167901783966","52.4602228, 13.5056519",2497,1193
"52.4434736322518, 13.5167901783966","52.474199, 13.141735",45167,7710
"52.4434736322518, 13.5167901783966","52.5021802, 13.364582",21905,4699
"52.4434736322518, 13.5167901783966","52.5205791, 13.4089041",14779,2943
"52.4434736322518, 13.5167901783966","52.4986678, 13.3566505",23565,4855
"52.4434736322518, 13.5167901783966","52.520848, 13.4084747",14782,2945
"52.4434736322518, 13.5167901783966","52.49694, 13.4540533",10076,2616
"52.4434736322518, 13.5167901783966","52.4840199, 13.4053429",15384,3444
"52.4434736322518, 13.5167901783966","52.5049039, 13.4431471",11831,2865
"52.4434736322518, 13.5167901783966","52.524042, 13.402083",15454,3048
"52.4434736322518, 13.5167901783966","52.5071871, 13.390676",18109,3769
"52.4434736322518, 13.5167901783966","52.4583565, 13.2889441",23123,4991
"52.4434736322518, 13.5167901783966","52.5112074, 13.4169157",14024,2992
"52.4434736322518, 13.5167901783966","52.440493, 13.3911183",14811,3818
"52.4506925195, 13.5137155346671","52.5075075, 13.3903737",15852,2840
"52.4506925195, 13.5137155346671","52.5542753, 13.3785425",17684,3039
"52.4506925195, 13.5137155346671","52.5063, 13.3840159",14884,3879
"52.4506925195, 13.5137155346671","52.5206458, 13.2932877",26142,3701
"52.4506925195, 13.5137155346671","52.5239216, 13.3888786",14496,2521
"52.4506925195, 13.5137155346671","52.5168416, 13.3816742",16761,3313
"52.4506925195, 13.5137155346671","52.5040556, 13.3379413",19766,3263
"52.4506925195, 13.5137155346671","52.5090125, 13.3792937",47038,3762
"52.4506925195, 13.5137155346671","52.4983661, 13.3605076",16327,3653
"52.4506925195, 13.5137155346671","52.5478117, 13.3892456",16724,2484
"52.4506925195, 13.5137155346671","52.5046782, 13.4490212",9131,1646
"52.4506925195, 13.5137155346671","52.5136642, 13.4727613",10111,2471
"52.4506925195, 13.5137155346671","52.5016098, 13.381181",14375,3411
"52.4506925195, 13.5137155346671","52.5214137, 13.4034811",13155,2152
"52.4506925195, 13.5137155346671","52.5176913, 13.4419715",12252,2757
"52.4506925195, 13.5137155346671","52.517699, 13.3970326",15618,3199
"52.4506925195, 13.5137155346671","52.5303108, 13.3186121",21982,3497
"52.4506925195, 13.5137155346671","52.5146378, 13.3905283",16411,3386
"52.4506925195, 13.5137155346671","52.5145186, 13.487322",9698,2738
"52.4506925195, 13.5137155346671","52.5170316, 13.4012274",15725,3213
"52.4506925195, 13.5137155346671","52.5207714, 13.3889021",14169,2254
"52.4506925195, 13.5137155346671","52.5027268, 13.4453492",8930,2417
"52.4506925195, 13.5137155346671","52.5284267, 13.3720175",15967,2717
"52.4506925195, 13.5137155346671","52.5209131, 13.3871461",14093,2175
"52.4506925195, 13.5137155346671","52.5304903, 13.3791152",15180,3059
"52.4506925195, 13.5137155346671","52.4864896, 13.4217418",10517,2698
"52.4506925195, 13.5137155346671","52.5215057, 13.4069139",12589,2152
"52.4506925195, 13.5137155346671","52.5174377, 13.3898033",16188,3251
"52.4506925195, 13.5137155346671","52.5111669, 13.4430356",9773,2147
"52.4506925195, 13.5137155346671","52.5076615, 13.454537",9462,1882
"52.4506925195, 13.5137155346671","52.5121441, 13.3083771",21979,4225
"52.4506925195, 13.5137155346671","52.5087884, 13.378434",46985,3720
"52.4506925195, 13.5137155346671","52.5019061, 13.3308361",19697,3201
"52.4506925195, 13.5137155346671","52.5088651, 13.2707514",25825,4115
"52.4506925195, 13.5137155346671","52.5264743, 13.39691",13804,2667
"52.4506925195, 13.5137155346671","52.5106807, 13.419484",10548,2553
"52.4506925195, 13.5137155346671","52.4602228, 13.5056519",1514,941
"52.4506925195, 13.5137155346671","52.474199, 13.141735",42872,6751
"52.4506925195, 13.5137155346671","52.5021802, 13.364582",16811,4051
"52.4506925195, 13.5137155346671","52.5205791, 13.4089041",12483,2044
"52.4506925195, 13.5137155346671","52.4986678, 13.3566505",16608,3903
"52.4506925195, 13.5137155346671","52.520848, 13.4084747",12486,2046
"52.4506925195, 13.5137155346671","52.49694, 13.4540533",8374,2196
"52.4506925195, 13.5137155346671","52.4840199, 13.4053429",14932,2963
"52.4506925195, 13.5137155346671","52.5049039, 13.4431471",9536,1966
"52.4506925195, 13.5137155346671","52.524042, 13.402083",13159,2149
"52.4506925195, 13.5137155346671","52.5071871, 13.390676",15814,2810
"52.4506925195, 13.5137155346671","52.4583565, 13.2889441",22981,4541
"52.4506925195, 13.5137155346671","52.5112074, 13.4169157",10739,2506
"52.4506925195, 13.5137155346671","52.440493, 13.3911183",14670,3368
"52.471905652641, 13.4562994959232","52.5075075, 13.3903737",10054,1741
"52.471905652641, 13.4562994959232","52.5542753, 13.3785425",14040,2335
"52.471905652641, 13.4562994959232","52.5063, 13.3840159",8979,2235
"52.471905652641, 13.4562994959232","52.5206458, 13.2932877",16885,2613
"52.471905652641, 13.4562994959232","52.5239216, 13.3888786",12297,2045
"52.471905652641, 13.4562994959232","52.5168416, 13.3816742",12478,1990
"52.471905652641, 13.4562994959232","52.5040556, 13.3379413",11899,2298
"52.471905652641, 13.4562994959232","52.5090125, 13.3792937",11595,1930
"52.471905652641, 13.4562994959232","52.4983661, 13.3605076",11995,2388
"52.471905652641, 13.4562994959232","52.5478117, 13.3892456",13080,1780
"52.471905652641, 13.4562994959232","52.5046782, 13.4490212",5559,1332
"52.471905652641, 13.4562994959232","52.5136642, 13.4727613",5650,995
"52.471905652641, 13.4562994959232","52.5016098, 13.381181",10735,1738
"52.471905652641, 13.4562994959232","52.5214137, 13.4034811",9583,1838
"52.471905652641, 13.4562994959232","52.5176913, 13.4419715",8020,1802
"52.471905652641, 13.4562994959232","52.517699, 13.3970326",11386,2244
"52.471905652641, 13.4562994959232","52.5303108, 13.3186121",18338,2793
"52.471905652641, 13.4562994959232","52.5146378, 13.3905283",11362,1955
"52.471905652641, 13.4562994959232","52.5145186, 13.487322",6617,1870
"52.471905652641, 13.4562994959232","52.5170316, 13.4012274",11493,2258
"52.471905652641, 13.4562994959232","52.5207714, 13.3889021",10597,1940
"52.471905652641, 13.4562994959232","52.5027268, 13.4453492",5959,1665
"52.471905652641, 13.4562994959232","52.5284267, 13.3720175",13453,2166
"52.471905652641, 13.4562994959232","52.5209131, 13.3871461",10521,1861
"52.471905652641, 13.4562994959232","52.5304903, 13.3791152",13210,2325
"52.471905652641, 13.4562994959232","52.4864896, 13.4217418",4158,1197
"52.471905652641, 13.4562994959232","52.5215057, 13.4069139",9017,1838
"52.471905652641, 13.4562994959232","52.5174377, 13.3898033",11224,1879
"52.471905652641, 13.4562994959232","52.5111669, 13.4430356",6201,1833
"52.471905652641, 13.4562994959232","52.5076615, 13.454537",5890,1568
"52.471905652641, 13.4562994959232","52.5121441, 13.3083771",15620,2664
"52.471905652641, 13.4562994959232","52.5087884, 13.378434",11532,1898
"52.471905652641, 13.4562994959232","52.5019061, 13.3308361",12968,2363
"52.471905652641, 13.4562994959232","52.5088651, 13.2707514",15923,2768
"52.471905652641, 13.4562994959232","52.5264743, 13.39691",10232,2353
"52.471905652641, 13.4562994959232","52.5106807, 13.419484",7929,1967
"52.471905652641, 13.4562994959232","52.4602228, 13.5056519",6325,2306
"52.471905652641, 13.4562994959232","52.474199, 13.141735",34482,5723
"52.471905652641, 13.4562994959232","52.5021802, 13.364582",12743,2620
"52.471905652641, 13.4562994959232","52.5205791, 13.4089041",8911,1730
"52.471905652641, 13.4562994959232","52.4986678, 13.3566505",12228,2560
"52.471905652641, 13.4562994959232","52.520848, 13.4084747",8914,1732
"52.471905652641, 13.4562994959232","52.49694, 13.4540533",3597,1235
"52.471905652641, 13.4562994959232","52.4840199, 13.4053429",5889,1788
"52.471905652641, 13.4562994959232","52.5049039, 13.4431471",5964,1652
"52.471905652641, 13.4562994959232","52.524042, 13.402083",9587,1835
"52.471905652641, 13.4562994959232","52.5071871, 13.390676",10016,1711
"52.471905652641, 13.4562994959232","52.4583565, 13.2889441",14917,2375
"52.471905652641, 13.4562994959232","52.5112074, 13.4169157",7764,1827
"52.471905652641, 13.4562994959232","52.440493, 13.3911183",9480,1800
"52.477861488676, 13.5142292964227","52.5075075, 13.3903737",14263,2950
"52.477861488676, 13.5142292964227","52.5542753, 13.3785425",15362,3269
"52.477861488676, 13.5142292964227","52.5063, 13.3840159",15458,3315
"52.477861488676, 13.5142292964227","52.5206458, 13.2932877",23991,4330
"52.477861488676, 13.5142292964227","52.5239216, 13.3888786",12907,2631
"52.477861488676, 13.5142292964227","52.5168416, 13.3816742",14340,3105
"52.477861488676, 13.5142292964227","52.5040556, 13.3379413",18177,3373
"52.477861488676, 13.5142292964227","52.5090125, 13.3792937",14418,3014
"52.477861488676, 13.5142292964227","52.4983661, 13.3605076",17882,3650
"52.477861488676, 13.5142292964227","52.5478117, 13.3892456",15240,2894
"52.477861488676, 13.5142292964227","52.5046782, 13.4490212",7542,1756
"52.477861488676, 13.5142292964227","52.5136642, 13.4727613",7690,2263
"52.477861488676, 13.5142292964227","52.5016098, 13.381181",15156,3074
"52.477861488676, 13.5142292964227","52.5214137, 13.4034811",11566,2262
"52.477861488676, 13.5142292964227","52.5176913, 13.4419715",9831,2549
"52.477861488676, 13.5142292964227","52.517699, 13.3970326",13197,2991
"52.477861488676, 13.5142292964227","52.5303108, 13.3186121",20498,3907
"52.477861488676, 13.5142292964227","52.5146378, 13.3905283",13990,3178
"52.477861488676, 13.5142292964227","52.5145186, 13.487322",7277,2530
"52.477861488676, 13.5142292964227","52.5170316, 13.4012274",13304,3005
"52.477861488676, 13.5142292964227","52.5207714, 13.3889021",12580,2364
"52.477861488676, 13.5142292964227","52.5027268, 13.4453492",7942,2089
"52.477861488676, 13.5142292964227","52.5284267, 13.3720175",14378,2827
"52.477861488676, 13.5142292964227","52.5209131, 13.3871461",12504,2285
"52.477861488676, 13.5142292964227","52.5304903, 13.3791152",13591,3169
"52.477861488676, 13.5142292964227","52.4864896, 13.4217418",13840,3175
"52.477861488676, 13.5142292964227","52.5215057, 13.4069139",11001,2262
"52.477861488676, 13.5142292964227","52.5174377, 13.3898033",13767,3043
"52.477861488676, 13.5142292964227","52.5111669, 13.4430356",8184,2257
"52.477861488676, 13.5142292964227","52.5076615, 13.454537",7873,1992
"52.477861488676, 13.5142292964227","52.5121441, 13.3083771",19748,3760
"52.477861488676, 13.5142292964227","52.5087884, 13.378434",14410,2982
"52.477861488676, 13.5142292964227","52.5019061, 13.3308361",18108,3311
"52.477861488676, 13.5142292964227","52.5088651, 13.2707514",24236,4225
"52.477861488676, 13.5142292964227","52.5264743, 13.39691",12215,2777
"52.477861488676, 13.5142292964227","52.5106807, 13.419484",10413,2429
"52.477861488676, 13.5142292964227","52.4602228, 13.5056519",3439,1537
"52.477861488676, 13.5142292964227","52.474199, 13.141735",41283,6861
"52.477861488676, 13.5142292964227","52.5021802, 13.364582",15667,3730
"52.477861488676, 13.5142292964227","52.5205791, 13.4089041",10895,2154
"52.477861488676, 13.5142292964227","52.4986678, 13.3566505",19681,4006
"52.477861488676, 13.5142292964227","52.520848, 13.4084747",10898,2156
"52.477861488676, 13.5142292964227","52.49694, 13.4540533",10345,2738
"52.477861488676, 13.5142292964227","52.4840199, 13.4053429",13549,3673
"52.477861488676, 13.5142292964227","52.5049039, 13.4431471",7947,2076
"52.477861488676, 13.5142292964227","52.524042, 13.402083",11570,2259
"52.477861488676, 13.5142292964227","52.5071871, 13.390676",14225,2920
"52.477861488676, 13.5142292964227","52.4583565, 13.2889441",25918,5539
"52.477861488676, 13.5142292964227","52.5112074, 13.4169157",10140,2203
"52.477861488676, 13.5142292964227","52.440493, 13.3911183",16196,3499
"52.4663829469812, 13.4465656081766","52.5075075, 13.3903737",7188,1656
"52.4663829469812, 13.4465656081766","52.5542753, 13.3785425",12306,2526
"52.4663829469812, 13.4465656081766","52.5063, 13.3840159",10249,2086
"52.4663829469812, 13.4465656081766","52.5206458, 13.2932877",16096,2660
"52.4663829469812, 13.4465656081766","52.5239216, 13.3888786",9430,1960
"52.4663829469812, 13.4465656081766","52.5168416, 13.3816742",11689,2037
"52.4663829469812, 13.4465656081766","52.5040556, 13.3379413",11110,2345
"52.4663829469812, 13.4465656081766","52.5090125, 13.3792937",10808,2037
"52.4663829469812, 13.4465656081766","52.4983661, 13.3605076",8941,1827
"52.4663829469812, 13.4465656081766","52.5478117, 13.3892456",14337,2055
"52.4663829469812, 13.4465656081766","52.5046782, 13.4490212",6836,1607
"52.4663829469812, 13.4465656081766","52.5136642, 13.4727613",6927,1276
"52.4663829469812, 13.4465656081766","52.5016098, 13.381181",6989,1585
"52.4663829469812, 13.4465656081766","52.5214137, 13.4034811",10860,2113
"52.4663829469812, 13.4465656081766","52.5176913, 13.4419715",9255,2071
"52.4663829469812, 13.4465656081766","52.517699, 13.3970326",9740,2428
"52.4663829469812, 13.4465656081766","52.5303108, 13.3186121",19595,3068
"52.4663829469812, 13.4465656081766","52.5146378, 13.3905283",8495,1870
"52.4663829469812, 13.4465656081766","52.5145186, 13.487322",7894,2151
"52.4663829469812, 13.4465656081766","52.5170316, 13.4012274",9847,2442
"52.4663829469812, 13.4465656081766","52.5207714, 13.3889021",8748,1870
"52.4663829469812, 13.4465656081766","52.5027268, 13.4453492",7236,1940
"52.4663829469812, 13.4465656081766","52.5284267, 13.3720175",12664,2213
"52.4663829469812, 13.4465656081766","52.5209131, 13.3871461",8733,1863
"52.4663829469812, 13.4465656081766","52.5304903, 13.3791152",10344,2240
"52.4663829469812, 13.4465656081766","52.4864896, 13.4217418",3131,872
"52.4663829469812, 13.4465656081766","52.5215057, 13.4069139",8871,2172
"52.4663829469812, 13.4465656081766","52.5174377, 13.3898033",8357,1794
"52.4663829469812, 13.4465656081766","52.5111669, 13.4430356",7478,2108
"52.4663829469812, 13.4465656081766","52.5076615, 13.454537",7167,1843
"52.4663829469812, 13.4465656081766","52.5121441, 13.3083771",14593,2399
"52.4663829469812, 13.4465656081766","52.5087884, 13.378434",10745,2005
"52.4663829469812, 13.4465656081766","52.5019061, 13.3308361",12463,2278
"52.4663829469812, 13.4465656081766","52.5088651, 13.2707514",15560,2840
"52.4663829469812, 13.4465656081766","52.5264743, 13.39691",10065,2588
"52.4663829469812, 13.4465656081766","52.5106807, 13.419484",7316,1791
"52.4663829469812, 13.4465656081766","52.4602228, 13.5056519",8016,2570
"52.4663829469812, 13.4465656081766","52.474199, 13.141735",30297,5770
"52.4663829469812, 13.4465656081766","52.5021802, 13.364582",10181,2295
"52.4663829469812, 13.4465656081766","52.5205791, 13.4089041",8724,2032
"52.4663829469812, 13.4465656081766","52.4986678, 13.3566505",9666,2235
"52.4663829469812, 13.4465656081766","52.520848, 13.4084747",8727,2034
"52.4663829469812, 13.4465656081766","52.49694, 13.4540533",4866,1504
"52.4663829469812, 13.4465656081766","52.4840199, 13.4053429",4862,1463
"52.4663829469812, 13.4465656081766","52.5049039, 13.4431471",7241,1927
"52.4663829469812, 13.4465656081766","52.524042, 13.402083",9496,2131
"52.4663829469812, 13.4465656081766","52.5071871, 13.390676",7150,1626
"52.4663829469812, 13.4465656081766","52.4583565, 13.2889441",14129,2422
"52.4663829469812, 13.4465656081766","52.5112074, 13.4169157",7151,1651
"52.4663829469812, 13.4465656081766","52.440493, 13.3911183",6190,1525
"52.434421825253, 13.327256331544","52.5075075, 13.3903737",11234,2225
"52.434421825253, 13.327256331544","52.5542753, 13.3785425",17966,3215
"52.434421825253, 13.327256331544","52.5063, 13.3840159",10713,2043
"52.434421825253, 13.327256331544","52.5206458, 13.2932877",16666,3517
"52.434421825253, 13.327256331544","52.5239216, 13.3888786",13077,2342
"52.434421825253, 13.327256331544","52.5168416, 13.3816742",12153,1994
"52.434421825253, 13.327256331544","52.5040556, 13.3379413",11815,2902
"52.434421825253, 13.327256331544","52.5090125, 13.3792937",11272,1994
"52.434421825253, 13.327256331544","52.4983661, 13.3605076",9068,2896
"52.434421825253, 13.327256331544","52.5478117, 13.3892456",17000,2686
"52.434421825253, 13.327256331544","52.5046782, 13.4490212",18025,3154
"52.434421825253, 13.327256331544","52.5136642, 13.4727613",18873,3075
"52.434421825253, 13.327256331544","52.5016098, 13.381181",10412,1802
"52.434421825253, 13.327256331544","52.5214137, 13.4034811",14044,2628
"52.434421825253, 13.327256331544","52.5176913, 13.4419715",16782,3306
"52.434421825253, 13.327256331544","52.517699, 13.3970326",13302,2848
"52.434421825253, 13.327256331544","52.5303108, 13.3186121",13877,3836
"52.434421825253, 13.327256331544","52.5146378, 13.3905283",12648,2532
"52.434421825253, 13.327256331544","52.5145186, 13.487322",20036,3947
"52.434421825253, 13.327256331544","52.5170316, 13.4012274",13761,2800
"52.434421825253, 13.327256331544","52.5207714, 13.3889021",12822,2154
"52.434421825253, 13.327256331544","52.5027268, 13.4453492",18425,3488
"52.434421825253, 13.327256331544","52.5284267, 13.3720175",13262,2410
"52.434421825253, 13.327256331544","52.5209131, 13.3871461",12690,2058
"52.434421825253, 13.327256331544","52.5304903, 13.3791152",15056,2856
"52.434421825253, 13.327256331544","52.4864896, 13.4217418",13717,2941
"52.434421825253, 13.327256331544","52.5215057, 13.4069139",14801,2850
"52.434421825253, 13.327256331544","52.5174377, 13.3898033",12508,2347
"52.434421825253, 13.327256331544","52.5111669, 13.4430356",18680,3689
"52.434421825253, 13.327256331544","52.5076615, 13.454537",18370,3424
"52.434421825253, 13.327256331544","52.5121441, 13.3083771",15823,3088
"52.434421825253, 13.327256331544","52.5087884, 13.378434",11209,1962
"52.434421825253, 13.327256331544","52.5019061, 13.3308361",9478,2511
"52.434421825253, 13.327256331544","52.5088651, 13.2707514",14242,3541
"52.434421825253, 13.327256331544","52.5264743, 13.39691",13924,2586
"52.434421825253, 13.327256331544","52.5106807, 13.419484",16225,3253
"52.434421825253, 13.327256331544","52.4602228, 13.5056519",17164,4125
"52.434421825253, 13.327256331544","52.474199, 13.141735",36719,5462
"52.434421825253, 13.327256331544","52.5021802, 13.364582",9816,3128
"52.434421825253, 13.327256331544","52.5205791, 13.4089041",14695,2742
"52.434421825253, 13.327256331544","52.4986678, 13.3566505",9301,3068
"52.434421825253, 13.327256331544","52.520848, 13.4084747",14698,2744
"52.434421825253, 13.327256331544","52.49694, 13.4540533",16820,3315
"52.434421825253, 13.327256331544","52.4840199, 13.4053429",11172,3841
"52.434421825253, 13.327256331544","52.5049039, 13.4431471",18437,3485
"52.434421825253, 13.327256331544","52.524042, 13.402083",14049,2625
"52.434421825253, 13.327256331544","52.5071871, 13.390676",11197,2197
"52.434421825253, 13.327256331544","52.4583565, 13.2889441",5520,1603
"52.434421825253, 13.327256331544","52.5112074, 13.4169157",15952,3027
"52.434421825253, 13.327256331544","52.440493, 13.3911183",7491,2345
"52.4361001217609, 13.3144495886318","52.5075075, 13.3903737",10904,2708
"52.4361001217609, 13.3144495886318","52.5542753, 13.3785425",16236,3709
"52.4361001217609, 13.3144495886318","52.5063, 13.3840159",10383,2358
"52.4361001217609, 13.3144495886318","52.5206458, 13.2932877",15079,3400
"52.4361001217609, 13.3144495886318","52.5239216, 13.3888786",12744,2675
"52.4361001217609, 13.3144495886318","52.5168416, 13.3816742",11820,2327
"52.4361001217609, 13.3144495886318","52.5040556, 13.3379413",10076,2785
"52.4361001217609, 13.3144495886318","52.5090125, 13.3792937",10939,2327
"52.4361001217609, 13.3144495886318","52.4983661, 13.3605076",8266,2335
"52.4361001217609, 13.3144495886318","52.5478117, 13.3892456",16667,3013
"52.4361001217609, 13.3144495886318","52.5046782, 13.4490212",17698,3337
"52.4361001217609, 13.3144495886318","52.5136642, 13.4727613",19552,3558
"52.4361001217609, 13.3144495886318","52.5016098, 13.381181",10082,2117
"52.4361001217609, 13.3144495886318","52.5214137, 13.4034811",13714,2811
"52.4361001217609, 13.3144495886318","52.5176913, 13.4419715",16449,3789
"52.4361001217609, 13.3144495886318","52.517699, 13.3970326",13288,3141
"52.4361001217609, 13.3144495886318","52.5303108, 13.3186121",13083,3875
"52.4361001217609, 13.3144495886318","52.5146378, 13.3905283",13115,2803
"52.4361001217609, 13.3144495886318","52.5145186, 13.487322",19703,4430
"52.4361001217609, 13.3144495886318","52.5170316, 13.4012274",12359,3534
"52.4361001217609, 13.3144495886318","52.5207714, 13.3889021",12489,2487
"52.4361001217609, 13.3144495886318","52.5027268, 13.4453492",18098,3671
"52.4361001217609, 13.3144495886318","52.5284267, 13.3720175",13128,3372
"52.4361001217609, 13.3144495886318","52.5209131, 13.3871461",12357,2391
"52.4361001217609, 13.3144495886318","52.5304903, 13.3791152",14723,3189
"52.4361001217609, 13.3144495886318","52.4864896, 13.4217418",13151,3424
"52.4361001217609, 13.3144495886318","52.5215057, 13.4069139",14471,3033
"52.4361001217609, 13.3144495886318","52.5174377, 13.3898033",12175,2680
"52.4361001217609, 13.3144495886318","52.5111669, 13.4430356",18353,3872
"52.4361001217609, 13.3144495886318","52.5076615, 13.454537",18043,3607
"52.4361001217609, 13.3144495886318","52.5121441, 13.3083771",10977,3109
"52.4361001217609, 13.3144495886318","52.5087884, 13.378434",10876,2295
"52.4361001217609, 13.3144495886318","52.5019061, 13.3308361",8684,2550
"52.4361001217609, 13.3144495886318","52.5088651, 13.2707514",13685,3599
"52.4361001217609, 13.3144495886318","52.5264743, 13.39691",13591,2919
"52.4361001217609, 13.3144495886318","52.5106807, 13.419484",15894,3436
"52.4361001217609, 13.3144495886318","52.4602228, 13.5056519",20149,4477
"52.4361001217609, 13.3144495886318","52.474199, 13.141735",36974,5915
"52.4361001217609, 13.3144495886318","52.5021802, 13.364582",9014,2567
"52.4361001217609, 13.3144495886318","52.5205791, 13.4089041",14365,2925
"52.4361001217609, 13.3144495886318","52.4986678, 13.3566505",8499,2507
"52.4361001217609, 13.3144495886318","52.520848, 13.4084747",14368,2927
"52.4361001217609, 13.3144495886318","52.49694, 13.4540533",17499,3798
"52.4361001217609, 13.3144495886318","52.4840199, 13.4053429",10370,3280
"52.4361001217609, 13.3144495886318","52.5049039, 13.4431471",18110,3668
"52.4361001217609, 13.3144495886318","52.524042, 13.402083",13719,2808
"52.4361001217609, 13.3144495886318","52.5071871, 13.390676",10867,2680
"52.4361001217609, 13.3144495886318","52.4583565, 13.2889441",4573,1303
"52.4361001217609, 13.3144495886318","52.5112074, 13.4169157",15621,3210
"52.4361001217609, 13.3144495886318","52.440493, 13.3911183",10187,2584
"52.4144584656889, 13.3237277052292","52.5075075, 13.3903737",12938,2482
"52.4144584656889, 13.3237277052292","52.5542753, 13.3785425",19669,3472
"52.4144584656889, 13.3237277052292","52.5063, 13.3840159",12417,2300
"52.4144584656889, 13.3237277052292","52.5206458, 13.2932877",18370,3774
"52.4144584656889, 13.3237277052292","52.5239216, 13.3888786",14781,2599
"52.4144584656889, 13.3237277052292","52.5168416, 13.3816742",13857,2251
"52.4144584656889, 13.3237277052292","52.5040556, 13.3379413",12473,3107
"52.4144584656889, 13.3237277052292","52.5090125, 13.3792937",12976,2251
"52.4144584656889, 13.3237277052292","52.4983661, 13.3605076",11361,2601
"52.4144584656889, 13.3237277052292","52.5478117, 13.3892456",18703,2943
"52.4144584656889, 13.3237277052292","52.5046782, 13.4490212",19729,3411
"52.4144584656889, 13.3237277052292","52.5136642, 13.4727613",20577,3332
"52.4144584656889, 13.3237277052292","52.5016098, 13.381181",12116,2059
"52.4144584656889, 13.3237277052292","52.5214137, 13.4034811",15748,2885
"52.4144584656889, 13.3237277052292","52.5176913, 13.4419715",18486,3563
"52.4144584656889, 13.3237277052292","52.517699, 13.3970326",15006,3105
"52.4144584656889, 13.3237277052292","52.5303108, 13.3186121",18036,4857
"52.4144584656889, 13.3237277052292","52.5146378, 13.3905283",14352,2789
"52.4144584656889, 13.3237277052292","52.5145186, 13.487322",21740,4204
"52.4144584656889, 13.3237277052292","52.5170316, 13.4012274",15465,3057
"52.4144584656889, 13.3237277052292","52.5207714, 13.3889021",14526,2411
"52.4144584656889, 13.3237277052292","52.5027268, 13.4453492",20129,3745
"52.4144584656889, 13.3237277052292","52.5284267, 13.3720175",14966,2667
"52.4144584656889, 13.3237277052292","52.5209131, 13.3871461",14394,2315
"52.4144584656889, 13.3237277052292","52.5304903, 13.3791152",16760,3113
"52.4144584656889, 13.3237277052292","52.4864896, 13.4217418",15421,3198
"52.4144584656889, 13.3237277052292","52.5215057, 13.4069139",16505,3107
"52.4144584656889, 13.3237277052292","52.5174377, 13.3898033",14212,2604
"52.4144584656889, 13.3237277052292","52.5111669, 13.4430356",20384,3946
"52.4144584656889, 13.3237277052292","52.5076615, 13.454537",20074,3681
"52.4144584656889, 13.3237277052292","52.5121441, 13.3083771",17527,3345
"52.4144584656889, 13.3237277052292","52.5087884, 13.378434",12913,2219
"52.4144584656889, 13.3237277052292","52.5019061, 13.3308361",13381,3328
"52.4144584656889, 13.3237277052292","52.5088651, 13.2707514",22065,3973
"52.4144584656889, 13.3237277052292","52.5264743, 13.39691",15627,2843
"52.4144584656889, 13.3237277052292","52.5106807, 13.419484",17929,3510
"52.4144584656889, 13.3237277052292","52.4602228, 13.5056519",19789,4275
"52.4144584656889, 13.3237277052292","52.474199, 13.141735",37887,6112
"52.4144584656889, 13.3237277052292","52.5021802, 13.364582",11845,2999
"52.4144584656889, 13.3237277052292","52.5205791, 13.4089041",16399,2999
"52.4144584656889, 13.3237277052292","52.4986678, 13.3566505",12004,3023
"52.4144584656889, 13.3237277052292","52.520848, 13.4084747",16402,3001
"52.4144584656889, 13.3237277052292","52.49694, 13.4540533",18524,3572
"52.4144584656889, 13.3237277052292","52.4840199, 13.4053429",12300,3350
"52.4144584656889, 13.3237277052292","52.5049039, 13.4431471",20141,3742
"52.4144584656889, 13.3237277052292","52.524042, 13.402083",15753,2882
"52.4144584656889, 13.3237277052292","52.5071871, 13.390676",12901,2454
"52.4144584656889, 13.3237277052292","52.4583565, 13.2889441",7883,2409
"52.4144584656889, 13.3237277052292","52.5112074, 13.4169157",17656,3284
"52.4144584656889, 13.3237277052292","52.440493, 13.3911183",7915,2066
"52.450523071741, 13.3082610091112","52.5075075, 13.3903737",9687,2158
"52.450523071741, 13.3082610091112","52.5542753, 13.3785425",16416,3148
"52.450523071741, 13.3082610091112","52.5063, 13.3840159",9166,1808
"52.450523071741, 13.3082610091112","52.5206458, 13.2932877",12274,3238
"52.450523071741, 13.3082610091112","52.5239216, 13.3888786",11528,2125
"52.450523071741, 13.3082610091112","52.5168416, 13.3816742",10603,1777
"52.450523071741, 13.3082610091112","52.5040556, 13.3379413",8697,2263
"52.450523071741, 13.3082610091112","52.5090125, 13.3792937",9723,1777
"52.450523071741, 13.3082610091112","52.4983661, 13.3605076",6887,1813
"52.450523071741, 13.3082610091112","52.5478117, 13.3892456",15450,2463
"52.450523071741, 13.3082610091112","52.5046782, 13.4490212",16476,3087
"52.450523071741, 13.3082610091112","52.5136642, 13.4727613",18174,3036
"52.450523071741, 13.3082610091112","52.5016098, 13.381181",8865,1567
"52.450523071741, 13.3082610091112","52.5214137, 13.4034811",12495,2261
"52.450523071741, 13.3082610091112","52.5176913, 13.4419715",15232,3239
"52.450523071741, 13.3082610091112","52.517699, 13.3970326",12072,2591
"52.450523071741, 13.3082610091112","52.5303108, 13.3186121",16722,3700
"52.450523071741, 13.3082610091112","52.5146378, 13.3905283",11899,2253
"52.450523071741, 13.3082610091112","52.5145186, 13.487322",18486,3880
"52.450523071741, 13.3082610091112","52.5170316, 13.4012274",12932,2616
"52.450523071741, 13.3082610091112","52.5207714, 13.3889021",11273,1937
"52.450523071741, 13.3082610091112","52.5027268, 13.4453492",16876,3421
"52.450523071741, 13.3082610091112","52.5284267, 13.3720175",12714,2654
"52.450523071741, 13.3082610091112","52.5209131, 13.3871461",11141,1841
"52.450523071741, 13.3082610091112","52.5304903, 13.3791152",13507,2639
"52.450523071741, 13.3082610091112","52.4864896, 13.4217418",11773,2902
"52.450523071741, 13.3082610091112","52.5215057, 13.4069139",13252,2483
"52.450523071741, 13.3082610091112","52.5174377, 13.3898033",10958,2130
"52.450523071741, 13.3082610091112","52.5111669, 13.4430356",16095,3287
"52.450523071741, 13.3082610091112","52.5076615, 13.454537",16821,3357
"52.450523071741, 13.3082610091112","52.5121441, 13.3083771",12235,3049
"52.450523071741, 13.3082610091112","52.5087884, 13.378434",9660,1745
"52.450523071741, 13.3082610091112","52.5019061, 13.3308361",9410,2558
"52.450523071741, 13.3082610091112","52.5088651, 13.2707514",13840,3677
"52.450523071741, 13.3082610091112","52.5264743, 13.39691",12374,2369
"52.450523071741, 13.3082610091112","52.5106807, 13.419484",14676,2886
"52.450523071741, 13.3082610091112","52.4602228, 13.5056519",16983,4359
"52.450523071741, 13.3082610091112","52.474199, 13.141735",35704,6260
"52.450523071741, 13.3082610091112","52.5021802, 13.364582",7635,2045
"52.450523071741, 13.3082610091112","52.5205791, 13.4089041",13146,2375
"52.450523071741, 13.3082610091112","52.4986678, 13.3566505",7120,1985
"52.450523071741, 13.3082610091112","52.520848, 13.4084747",13149,2377
"52.450523071741, 13.3082610091112","52.49694, 13.4540533",16121,3276
"52.450523071741, 13.3082610091112","52.4840199, 13.4053429",8994,2698
"52.450523071741, 13.3082610091112","52.5049039, 13.4431471",16888,3418
"52.450523071741, 13.3082610091112","52.524042, 13.402083",12500,2258
"52.450523071741, 13.3082610091112","52.5071871, 13.390676",9650,2130
"52.450523071741, 13.3082610091112","52.4583565, 13.2889441",3895,1350
"52.450523071741, 13.3082610091112","52.5112074, 13.4169157",14403,2660
"52.450523071741, 13.3082610091112","52.440493, 13.3911183",11088,2679
"52.4449881807802, 13.2985474850379","52.5075075, 13.3903737",10679,2187
"52.4449881807802, 13.2985474850379","52.5542753, 13.3785425",17408,3177
"52.4449881807802, 13.2985474850379","52.5063, 13.3840159",10158,1837
"52.4449881807802, 13.2985474850379","52.5206458, 13.2932877",11354,2909
"52.4449881807802, 13.2985474850379","52.5239216, 13.3888786",12519,2154
"52.4449881807802, 13.2985474850379","52.5168416, 13.3816742",11595,1806
"52.4449881807802, 13.2985474850379","52.5040556, 13.3379413",11006,2264
"52.4449881807802, 13.2985474850379","52.5090125, 13.3792937",10715,1806
"52.4449881807802, 13.2985474850379","52.4983661, 13.3605076",7923,2108
"52.4449881807802, 13.2985474850379","52.5478117, 13.3892456",16442,2492
"52.4449881807802, 13.2985474850379","52.5046782, 13.4490212",17467,3116
"52.4449881807802, 13.2985474850379","52.5136642, 13.4727613",19370,3037
"52.4449881807802, 13.2985474850379","52.5016098, 13.381181",9857,1596
"52.4449881807802, 13.2985474850379","52.5214137, 13.4034811",13486,2290
"52.4449881807802, 13.2985474850379","52.5176913, 13.4419715",16224,3268
"52.4449881807802, 13.2985474850379","52.517699, 13.3970326",13063,2620
"52.4449881807802, 13.2985474850379","52.5303108, 13.3186121",13103,3525
"52.4449881807802, 13.2985474850379","52.5146378, 13.3905283",12890,2282
"52.4449881807802, 13.2985474850379","52.5145186, 13.487322",19478,3909
"52.4449881807802, 13.2985474850379","52.5170316, 13.4012274",13923,2645
"52.4449881807802, 13.2985474850379","52.5207714, 13.3889021",12264,1966
"52.4449881807802, 13.2985474850379","52.5027268, 13.4453492",17867,3450
"52.4449881807802, 13.2985474850379","52.5284267, 13.3720175",13706,2683
"52.4449881807802, 13.2985474850379","52.5209131, 13.3871461",12132,1870
"52.4449881807802, 13.2985474850379","52.5304903, 13.3791152",14499,2668
"52.4449881807802, 13.2985474850379","52.4864896, 13.4217418",13185,2903
"52.4449881807802, 13.2985474850379","52.5215057, 13.4069139",14243,2512
"52.4449881807802, 13.2985474850379","52.5174377, 13.3898033",11950,2159
"52.4449881807802, 13.2985474850379","52.5111669, 13.4430356",17086,3316
"52.4449881807802, 13.2985474850379","52.5076615, 13.454537",17812,3386
"52.4449881807802, 13.2985474850379","52.5121441, 13.3083771",9461,2615
"52.4449881807802, 13.2985474850379","52.5087884, 13.378434",10652,1774
"52.4449881807802, 13.2985474850379","52.5019061, 13.3308361",9902,2319
"52.4449881807802, 13.2985474850379","52.5088651, 13.2707514",9820,2484
"52.4449881807802, 13.2985474850379","52.5264743, 13.39691",13366,2398
"52.4449881807802, 13.2985474850379","52.5106807, 13.419484",15667,2915
"52.4449881807802, 13.2985474850379","52.4602228, 13.5056519",21240,4485
"52.4449881807802, 13.2985474850379","52.474199, 13.141735",39309,6262
"52.4449881807802, 13.2985474850379","52.5021802, 13.364582",8671,2340
"52.4449881807802, 13.2985474850379","52.5205791, 13.4089041",14137,2404
"52.4449881807802, 13.2985474850379","52.4986678, 13.3566505",8156,2280
"52.4449881807802, 13.2985474850379","52.520848, 13.4084747",14140,2406
"52.4449881807802, 13.2985474850379","52.49694, 13.4540533",17317,3277
"52.4449881807802, 13.2985474850379","52.4840199, 13.4053429",10554,2699
"52.4449881807802, 13.2985474850379","52.5049039, 13.4431471",17879,3447
"52.4449881807802, 13.2985474850379","52.524042, 13.402083",13491,2287
"52.4449881807802, 13.2985474850379","52.5071871, 13.390676",10642,2159
"52.4449881807802, 13.2985474850379","52.4583565, 13.2889441",2803,823
"52.4449881807802, 13.2985474850379","52.5112074, 13.4169157",15394,2689
"52.4449881807802, 13.2985474850379","52.440493, 13.3911183",11275,2592
"52.4560568807875, 13.3179764724459","52.5075075, 13.3903737",8656,2252
"52.4560568807875, 13.3179764724459","52.5542753, 13.3785425",15385,3242
"52.4560568807875, 13.3179764724459","52.5063, 13.3840159",8135,1902
"52.4560568807875, 13.3179764724459","52.5206458, 13.2932877",11470,2959
"52.4560568807875, 13.3179764724459","52.5239216, 13.3888786",10496,2219
"52.4560568807875, 13.3179764724459","52.5168416, 13.3816742",9572,1871
"52.4560568807875, 13.3179764724459","52.5040556, 13.3379413",7196,2284
"52.4560568807875, 13.3179764724459","52.5090125, 13.3792937",8691,1871
"52.4560568807875, 13.3179764724459","52.4983661, 13.3605076",6084,1834
"52.4560568807875, 13.3179764724459","52.5478117, 13.3892456",14419,2557
"52.4560568807875, 13.3179764724459","52.5046782, 13.4490212",15444,3181
"52.4560568807875, 13.3179764724459","52.5136642, 13.4727613",17370,3057
"52.4560568807875, 13.3179764724459","52.5016098, 13.381181",7834,1661
"52.4560568807875, 13.3179764724459","52.5214137, 13.4034811",11463,2355
"52.4560568807875, 13.3179764724459","52.5176913, 13.4419715",14201,3333
"52.4560568807875, 13.3179764724459","52.517699, 13.3970326",11040,2685
"52.4560568807875, 13.3179764724459","52.5303108, 13.3186121",15918,3421
"52.4560568807875, 13.3179764724459","52.5146378, 13.3905283",10867,2347
"52.4560568807875, 13.3179764724459","52.5145186, 13.487322",17455,3974
"52.4560568807875, 13.3179764724459","52.5170316, 13.4012274",10177,3213
"52.4560568807875, 13.3179764724459","52.5207714, 13.3889021",10241,2031
"52.4560568807875, 13.3179764724459","52.5027268, 13.4453492",15844,3515
"52.4560568807875, 13.3179764724459","52.5284267, 13.3720175",10955,3171
"52.4560568807875, 13.3179764724459","52.5209131, 13.3871461",10109,1935
"52.4560568807875, 13.3179764724459","52.5304903, 13.3791152",12475,2733
"52.4560568807875, 13.3179764724459","52.4864896, 13.4217418",10969,2923
"52.4560568807875, 13.3179764724459","52.5215057, 13.4069139",12220,2577
"52.4560568807875, 13.3179764724459","52.5174377, 13.3898033",9927,2224
"52.4560568807875, 13.3179764724459","52.5111669, 13.4430356",15063,3381
"52.4560568807875, 13.3179764724459","52.5076615, 13.454537",15789,3451
"52.4560568807875, 13.3179764724459","52.5121441, 13.3083771",10233,2883
"52.4560568807875, 13.3179764724459","52.5087884, 13.378434",8628,1839
"52.4560568807875, 13.3179764724459","52.5019061, 13.3308361",6146,2324
"52.4560568807875, 13.3179764724459","52.5088651, 13.2707514",12941,3373
"52.4560568807875, 13.3179764724459","52.5264743, 13.39691",11343,2463
"52.4560568807875, 13.3179764724459","52.5106807, 13.419484",13644,2980
"52.4560568807875, 13.3179764724459","52.4602228, 13.5056519",16060,3795
"52.4560568807875, 13.3179764724459","52.474199, 13.141735",28971,6044
"52.4560568807875, 13.3179764724459","52.5021802, 13.364582",6736,2041
"52.4560568807875, 13.3179764724459","52.5205791, 13.4089041",12114,2469
"52.4560568807875, 13.3179764724459","52.4986678, 13.3566505",6221,1981
"52.4560568807875, 13.3179764724459","52.520848, 13.4084747",12117,2471
"52.4560568807875, 13.3179764724459","52.49694, 13.4540533",15317,3297
"52.4560568807875, 13.3179764724459","52.4840199, 13.4053429",8190,2719
"52.4560568807875, 13.3179764724459","52.5049039, 13.4431471",15856,3512
"52.4560568807875, 13.3179764724459","52.524042, 13.402083",11468,2352
"52.4560568807875, 13.3179764724459","52.5071871, 13.390676",8619,2224
"52.4560568807875, 13.3179764724459","52.4583565, 13.2889441",2457,860
"52.4560568807875, 13.3179764724459","52.5112074, 13.4169157",13371,2754
"52.4560568807875, 13.3179764724459","52.440493, 13.3911183",9586,2362
"52.4305646871818, 13.3047374365321","52.5075075, 13.3903737",12500,2672
"52.4305646871818, 13.3047374365321","52.5542753, 13.3785425",18442,4093
"52.4305646871818, 13.3047374365321","52.5063, 13.3840159",11979,2490
"52.4305646871818, 13.3047374365321","52.5206458, 13.2932877",14929,3589
"52.4305646871818, 13.3047374365321","52.5239216, 13.3888786",14343,2789
"52.4305646871818, 13.3047374365321","52.5168416, 13.3816742",13419,2441
"52.4305646871818, 13.3047374365321","52.5040556, 13.3379413",10655,3034
"52.4305646871818, 13.3047374365321","52.5090125, 13.3792937",12538,2441
"52.4305646871818, 13.3047374365321","52.4983661, 13.3605076",9542,2464
"52.4305646871818, 13.3047374365321","52.5478117, 13.3892456",18266,3133
"52.4305646871818, 13.3047374365321","52.5046782, 13.4490212",19291,3601
"52.4305646871818, 13.3047374365321","52.5136642, 13.4727613",20139,3522
"52.4305646871818, 13.3047374365321","52.5016098, 13.381181",11678,2249
"52.4305646871818, 13.3047374365321","52.5214137, 13.4034811",15310,3075
"52.4305646871818, 13.3047374365321","52.5176913, 13.4419715",18048,3753
"52.4305646871818, 13.3047374365321","52.517699, 13.3970326",13548,4245
"52.4305646871818, 13.3047374365321","52.5303108, 13.3186121",15678,4184
"52.4305646871818, 13.3047374365321","52.5146378, 13.3905283",13914,2979
"52.4305646871818, 13.3047374365321","52.5145186, 13.487322",21106,4397
"52.4305646871818, 13.3047374365321","52.5170316, 13.4012274",13635,4083
"52.4305646871818, 13.3047374365321","52.5207714, 13.3889021",14088,2601
"52.4305646871818, 13.3047374365321","52.5027268, 13.4453492",18981,5252
"52.4305646871818, 13.3047374365321","52.5284267, 13.3720175",14413,3801
"52.4305646871818, 13.3047374365321","52.5209131, 13.3871461",13956,2505
"52.4305646871818, 13.3047374365321","52.5304903, 13.3791152",15022,3863
"52.4305646871818, 13.3047374365321","52.4864896, 13.4217418",19545,3808
"52.4305646871818, 13.3047374365321","52.5215057, 13.4069139",16067,3297
"52.4305646871818, 13.3047374365321","52.5174377, 13.3898033",13774,2794
"52.4305646871818, 13.3047374365321","52.5111669, 13.4430356",19946,4136
"52.4305646871818, 13.3047374365321","52.5076615, 13.454537",19636,3871
"52.4305646871818, 13.3047374365321","52.5121441, 13.3083771",13787,3538
"52.4305646871818, 13.3047374365321","52.5087884, 13.378434",12475,2409
"52.4305646871818, 13.3047374365321","52.5019061, 13.3308361",9701,2979
"52.4305646871818, 13.3047374365321","52.5088651, 13.2707514",16495,4028
"52.4305646871818, 13.3047374365321","52.5264743, 13.39691",15190,3033
"52.4305646871818, 13.3047374365321","52.5106807, 13.419484",14738,4279
"52.4305646871818, 13.3047374365321","52.4602228, 13.5056519",19879,4397
"52.4305646871818, 13.3047374365321","52.474199, 13.141735",38256,6017
"52.4305646871818, 13.3047374365321","52.5021802, 13.364582",10290,2696
"52.4305646871818, 13.3047374365321","52.5205791, 13.4089041",15961,3189
"52.4305646871818, 13.3047374365321","52.4986678, 13.3566505",9775,2636
"52.4305646871818, 13.3047374365321","52.520848, 13.4084747",15964,3191
"52.4305646871818, 13.3047374365321","52.49694, 13.4540533",18086,3762
"52.4305646871818, 13.3047374365321","52.4840199, 13.4053429",11647,3709
"52.4305646871818, 13.3047374365321","52.5049039, 13.4431471",18985,5246
"52.4305646871818, 13.3047374365321","52.524042, 13.402083",15315,3072
"52.4305646871818, 13.3047374365321","52.5071871, 13.390676",12463,2644
"52.4305646871818, 13.3047374365321","52.4583565, 13.2889441",4435,1211
"52.4305646871818, 13.3047374365321","52.5112074, 13.4169157",14527,4103
"52.4305646871818, 13.3047374365321","52.440493, 13.3911183",9917,2504
"52.4284790531039, 13.6802817048744","52.5075075, 13.3903737",29150,4863
"52.4284790531039, 13.6802817048744","52.5542753, 13.3785425",30249,5062
"52.4284790531039, 13.6802817048744","52.5063, 13.3840159",30348,5378
"52.4284790531039, 13.6802817048744","52.5239216, 13.3888786",27794,4484
"52.4284790531039, 13.6802817048744","52.5168416, 13.3816742",28119,4717
"52.4284790531039, 13.6802817048744","52.5040556, 13.3379413",33064,5226
"52.4284790531039, 13.6802817048744","52.5090125, 13.3792937",29305,5077
"52.4284790531039, 13.6802817048744","52.4983661, 13.3605076",31652,5778
"52.4284790531039, 13.6802817048744","52.5478117, 13.3892456",29338,4742
"52.4284790531039, 13.6802817048744","52.5046782, 13.4490212",22429,3609
"52.4284790531039, 13.6802817048744","52.5136642, 13.4727613",25337,4387
"52.4284790531039, 13.6802817048744","52.5016098, 13.381181",30046,5137
"52.4284790531039, 13.6802817048744","52.5214137, 13.4034811",26453,4115
"52.4284790531039, 13.6802817048744","52.5176913, 13.4419715",27478,4673
"52.4284790531039, 13.6802817048744","52.517699, 13.3970326",27086,4612
"52.4284790531039, 13.6802817048744","52.5303108, 13.3186121",33913,6139
"52.4284790531039, 13.6802817048744","52.5146378, 13.3905283",28067,4716
"52.4284790531039, 13.6802817048744","52.5145186, 13.487322",24924,4654
"52.4284790531039, 13.6802817048744","52.5170316, 13.4012274",27051,4613
"52.4284790531039, 13.6802817048744","52.5207714, 13.3889021",27467,4217
"52.4284790531039, 13.6802817048744","52.5027268, 13.4453492",22829,3942
"52.4284790531039, 13.6802817048744","52.5284267, 13.3720175",29265,4680
"52.4284790531039, 13.6802817048744","52.5209131, 13.3871461",27391,4138
"52.4284790531039, 13.6802817048744","52.5304903, 13.3791152",28478,5082
"52.4284790531039, 13.6802817048744","52.4864896, 13.4217418",28727,5088
"52.4284790531039, 13.6802817048744","52.5215057, 13.4069139",25887,4115
"52.4284790531039, 13.6802817048744","52.5174377, 13.3898033",27785,4465
"52.4284790531039, 13.6802817048744","52.5111669, 13.4430356",23071,4110
"52.4284790531039, 13.6802817048744","52.5076615, 13.454537",22760,3845
"52.4284790531039, 13.6802817048744","52.5121441, 13.3083771",34635,5673
"52.4284790531039, 13.6802817048744","52.5087884, 13.378434",29297,5045
"52.4284790531039, 13.6802817048744","52.5019061, 13.3308361",32995,5164
"52.4284790531039, 13.6802817048744","52.5088651, 13.2707514",39123,6078
"52.4284790531039, 13.6802817048744","52.5264743, 13.39691",27102,4630
"52.4284790531039, 13.6802817048744","52.5106807, 13.419484",25300,4282
"52.4284790531039, 13.6802817048744","52.4602228, 13.5056519",16022,3265
"52.4284790531039, 13.6802817048744","52.474199, 13.141735",56115,9374
"52.4284790531039, 13.6802817048744","52.5021802, 13.364582",32908,5763
"52.4284790531039, 13.6802817048744","52.5205791, 13.4089041",25781,4007
"52.4284790531039, 13.6802817048744","52.4986678, 13.3566505",34568,5919
"52.4284790531039, 13.6802817048744","52.520848, 13.4084747",25784,4009
"52.4284790531039, 13.6802817048744","52.49694, 13.4540533",22723,4562
"52.4284790531039, 13.6802817048744","52.4840199, 13.4053429",28436,5586
"52.4284790531039, 13.6802817048744","52.5049039, 13.4431471",22834,3929
"52.4284790531039, 13.6802817048744","52.524042, 13.402083",26457,4112
"52.4284790531039, 13.6802817048744","52.5071871, 13.390676",29112,4833
"52.4284790531039, 13.6802817048744","52.4583565, 13.2889441",40374,7029
"52.4284790531039, 13.6802817048744","52.5112074, 13.4169157",25027,4056
"52.4284790531039, 13.6802817048744","52.440493, 13.3911183",36799,5871
"52.4005403634718, 13.583374948474","52.5075075, 13.3903737",24123,4359
"52.4005403634718, 13.583374948474","52.5542753, 13.3785425",25675,4558
"52.4005403634718, 13.583374948474","52.5063, 13.3840159",39592,3844
"52.4005403634718, 13.583374948474","52.5206458, 13.2932877",34133,5220
"52.4005403634718, 13.583374948474","52.5239216, 13.3888786",22792,4001
"52.4005403634718, 13.583374948474","52.5168416, 13.3816742",23092,4183
"52.4005403634718, 13.583374948474","52.5040556, 13.3379413",27646,4788
"52.4005403634718, 13.583374948474","52.5090125, 13.3792937",39115,3476
"52.4005403634718, 13.583374948474","52.4983661, 13.3605076",27477,5059
"52.4005403634718, 13.583374948474","52.5478117, 13.3892456",24715,4003
"52.4005403634718, 13.583374948474","52.5046782, 13.4490212",17169,3255
"52.4005403634718, 13.583374948474","52.5136642, 13.4727613",17285,3218
"52.4005403634718, 13.583374948474","52.5016098, 13.381181",24878,4483
"52.4005403634718, 13.583374948474","52.5214137, 13.4034811",21208,3911
"52.4005403634718, 13.583374948474","52.5176913, 13.4419715",21940,4169
"52.4005403634718, 13.583374948474","52.517699, 13.3970326",25306,4611
"52.4005403634718, 13.583374948474","52.5303108, 13.3186121",29973,5016
"52.4005403634718, 13.583374948474","52.5146378, 13.3905283",23038,4226
"52.4005403634718, 13.583374948474","52.5145186, 13.487322",19145,3959
"52.4005403634718, 13.583374948474","52.5170316, 13.4012274",25413,4625
"52.4005403634718, 13.583374948474","52.5207714, 13.3889021",22465,3734
"52.4005403634718, 13.583374948474","52.5027268, 13.4453492",17569,3588
"52.4005403634718, 13.583374948474","52.5284267, 13.3720175",24080,4220
"52.4005403634718, 13.583374948474","52.5209131, 13.3871461",22299,3662
"52.4005403634718, 13.583374948474","52.5304903, 13.3791152",24093,4572
"52.4005403634718, 13.583374948474","52.4864896, 13.4217418",21670,4104
"52.4005403634718, 13.583374948474","52.5215057, 13.4069139",20610,3647
"52.4005403634718, 13.583374948474","52.5174377, 13.3898033",22756,3975
"52.4005403634718, 13.583374948474","52.5111669, 13.4430356",17811,3756
"52.4005403634718, 13.583374948474","52.5076615, 13.454537",17500,3491
"52.4005403634718, 13.583374948474","52.5121441, 13.3083771",33131,5631
"52.4005403634718, 13.583374948474","52.5087884, 13.378434",39062,3434
"52.4005403634718, 13.583374948474","52.5019061, 13.3308361",27652,4804
"52.4005403634718, 13.583374948474","52.5088651, 13.2707514",35766,5640
"52.4005403634718, 13.583374948474","52.5264743, 13.39691",21857,4426
"52.4005403634718, 13.583374948474","52.5106807, 13.419484",20055,4078
"52.4005403634718, 13.583374948474","52.4602228, 13.5056519",9588,2674
"52.4005403634718, 13.583374948474","52.474199, 13.141735",50683,8270
"52.4005403634718, 13.583374948474","52.5021802, 13.364582",40155,4069
"52.4005403634718, 13.583374948474","52.5205791, 13.4089041",20504,3539
"52.4005403634718, 13.583374948474","52.4986678, 13.3566505",27758,5309
"52.4005403634718, 13.583374948474","52.520848, 13.4084747",20507,3541
"52.4005403634718, 13.583374948474","52.49694, 13.4540533",17663,3862
"52.4005403634718, 13.583374948474","52.4840199, 13.4053429",23401,4695
"52.4005403634718, 13.583374948474","52.5049039, 13.4431471",17572,3575
"52.4005403634718, 13.583374948474","52.524042, 13.402083",39957,4188
"52.4005403634718, 13.583374948474","52.5071871, 13.390676",39970,4160
"52.4005403634718, 13.583374948474","52.4583565, 13.2889441",39634,5802
"52.4005403634718, 13.583374948474","52.5112074, 13.4169157",38527,4132
"52.4005403634718, 13.583374948474","52.440493, 13.3911183",19436,4625
"52.4149923219648, 13.5772419451111","52.5075075, 13.3903737",22354,3436
"52.4149923219648, 13.5772419451111","52.5542753, 13.3785425",23906,3635
"52.4149923219648, 13.5772419451111","52.5063, 13.3840159",23411,3801
"52.4149923219648, 13.5772419451111","52.5206458, 13.2932877",32364,4297
"52.4149923219648, 13.5772419451111","52.5239216, 13.3888786",21023,3078
"52.4149923219648, 13.5772419451111","52.5168416, 13.3816742",21323,3260
"52.4149923219648, 13.5772419451111","52.5040556, 13.3379413",25877,3865
"52.4149923219648, 13.5772419451111","52.5090125, 13.3792937",20944,4664
"52.4149923219648, 13.5772419451111","52.4983661, 13.3605076",23107,5032
"52.4149923219648, 13.5772419451111","52.5478117, 13.3892456",22946,3080
"52.4149923219648, 13.5772419451111","52.5046782, 13.4490212",15400,2332
"52.4149923219648, 13.5772419451111","52.5136642, 13.4727613",15516,2295
"52.4149923219648, 13.5772419451111","52.5016098, 13.381181",20167,4369
"52.4149923219648, 13.5772419451111","52.5214137, 13.4034811",19439,2988
"52.4149923219648, 13.5772419451111","52.5176913, 13.4419715",20171,3246
"52.4149923219648, 13.5772419451111","52.517699, 13.3970326",23537,3688
"52.4149923219648, 13.5772419451111","52.5303108, 13.3186121",28204,4093
"52.4149923219648, 13.5772419451111","52.5146378, 13.3905283",21269,3303
"52.4149923219648, 13.5772419451111","52.5145186, 13.487322",17376,3036
"52.4149923219648, 13.5772419451111","52.5170316, 13.4012274",23644,3702
"52.4149923219648, 13.5772419451111","52.5207714, 13.3889021",20696,2811
"52.4149923219648, 13.5772419451111","52.5027268, 13.4453492",15763,3317
"52.4149923219648, 13.5772419451111","52.5284267, 13.3720175",22311,3297
"52.4149923219648, 13.5772419451111","52.5209131, 13.3871461",20530,2739
"52.4149923219648, 13.5772419451111","52.5304903, 13.3791152",22324,3649
"52.4149923219648, 13.5772419451111","52.4864896, 13.4217418",20081,3656
"52.4149923219648, 13.5772419451111","52.5215057, 13.4069139",18841,2724
"52.4149923219648, 13.5772419451111","52.5174377, 13.3898033",20987,3052
"52.4149923219648, 13.5772419451111","52.5111669, 13.4430356",16042,2833
"52.4149923219648, 13.5772419451111","52.5076615, 13.454537",15731,2568
"52.4149923219648, 13.5772419451111","52.5121441, 13.3083771",27411,4246
"52.4149923219648, 13.5772419451111","52.5087884, 13.378434",20900,4622
"52.4149923219648, 13.5772419451111","52.5019061, 13.3308361",25883,3881
"52.4149923219648, 13.5772419451111","52.5088651, 13.2707514",33997,4717
"52.4149923219648, 13.5772419451111","52.5264743, 13.39691",20088,3503
"52.4149923219648, 13.5772419451111","52.5106807, 13.419484",17381,3453
"52.4149923219648, 13.5772419451111","52.4602228, 13.5056519",8506,1919
"52.4149923219648, 13.5772419451111","52.474199, 13.141735",48914,7347
"52.4149923219648, 13.5772419451111","52.5021802, 13.364582",21309,4914
"52.4149923219648, 13.5772419451111","52.5205791, 13.4089041",18735,2616
"52.4149923219648, 13.5772419451111","52.4986678, 13.3566505",23922,5225
"52.4149923219648, 13.5772419451111","52.520848, 13.4084747",18738,2618
"52.4149923219648, 13.5772419451111","52.49694, 13.4540533",15207,3096
"52.4149923219648, 13.5772419451111","52.4840199, 13.4053429",20290,4240
"52.4149923219648, 13.5772419451111","52.5049039, 13.4431471",16056,3577
"52.4149923219648, 13.5772419451111","52.524042, 13.402083",19443,2985
"52.4149923219648, 13.5772419451111","52.5071871, 13.390676",22316,3406
"52.4149923219648, 13.5772419451111","52.4583565, 13.2889441",29488,5396
"52.4149923219648, 13.5772419451111","52.5112074, 13.4169157",17572,3406
"52.4149923219648, 13.5772419451111","52.440493, 13.3911183",19494,4100
"52.3984355485955, 13.5480288576369","52.5075075, 13.3903737",39304,3663
"52.3984355485955, 13.5480288576369","52.5542753, 13.3785425",26025,4273
"52.3984355485955, 13.5480288576369","52.5063, 13.3840159",38958,3375
"52.3984355485955, 13.5480288576369","52.5206458, 13.2932877",44160,4581
"52.3984355485955, 13.5480288576369","52.5239216, 13.3888786",23142,3716
"52.3984355485955, 13.5480288576369","52.5168416, 13.3816742",39433,3598
"52.3984355485955, 13.5480288576369","52.5040556, 13.3379413",41768,4115
"52.3984355485955, 13.5480288576369","52.5090125, 13.3792937",38481,3007
"52.3984355485955, 13.5480288576369","52.4983661, 13.3605076",23249,4393
"52.3984355485955, 13.5480288576369","52.5478117, 13.3892456",25065,3718
"52.3984355485955, 13.5480288576369","52.5046782, 13.4490212",17519,2970
"52.3984355485955, 13.5480288576369","52.5136642, 13.4727613",17635,2933
"52.3984355485955, 13.5480288576369","52.5016098, 13.381181",39340,3394
"52.3984355485955, 13.5480288576369","52.5214137, 13.4034811",21558,3626
"52.3984355485955, 13.5480288576369","52.5176913, 13.4419715",22290,3884
"52.3984355485955, 13.5480288576369","52.517699, 13.3970326",25656,4326
"52.3984355485955, 13.5480288576369","52.5303108, 13.3186121",30323,4731
"52.3984355485955, 13.5480288576369","52.5146378, 13.3905283",23388,3941
"52.3984355485955, 13.5480288576369","52.5145186, 13.487322",19495,3674
"52.3984355485955, 13.5480288576369","52.5170316, 13.4012274",40916,3875
"52.3984355485955, 13.5480288576369","52.5207714, 13.3889021",22815,3449
"52.3984355485955, 13.5480288576369","52.5027268, 13.4453492",17919,3303
"52.3984355485955, 13.5480288576369","52.5284267, 13.3720175",40645,3707
"52.3984355485955, 13.5480288576369","52.5209131, 13.3871461",22649,3377
"52.3984355485955, 13.5480288576369","52.5304903, 13.3791152",41152,4075
"52.3984355485955, 13.5480288576369","52.4864896, 13.4217418",17439,3438
"52.3984355485955, 13.5480288576369","52.5215057, 13.4069139",20960,3362
"52.3984355485955, 13.5480288576369","52.5174377, 13.3898033",23106,3690
"52.3984355485955, 13.5480288576369","52.5111669, 13.4430356",18161,3471
"52.3984355485955, 13.5480288576369","52.5076615, 13.454537",17850,3206
"52.3984355485955, 13.5480288576369","52.5121441, 13.3083771",44779,4530
"52.3984355485955, 13.5480288576369","52.5087884, 13.378434",38428,2965
"52.3984355485955, 13.5480288576369","52.5019061, 13.3308361",28002,4519
"52.3984355485955, 13.5480288576369","52.5088651, 13.2707514",47487,5020
"52.3984355485955, 13.5480288576369","52.5264743, 13.39691",22207,4141
"52.3984355485955, 13.5480288576369","52.5106807, 13.419484",20405,3793
"52.3984355485955, 13.5480288576369","52.4602228, 13.5056519",9938,2029
"52.3984355485955, 13.5480288576369","52.474199, 13.141735",58361,7631
"52.3984355485955, 13.5480288576369","52.5021802, 13.364582",39521,3900
"52.3984355485955, 13.5480288576369","52.5205791, 13.4089041",20854,3254
"52.3984355485955, 13.5480288576369","52.4986678, 13.3566505",41533,4228
"52.3984355485955, 13.5480288576369","52.520848, 13.4084747",20857,3256
"52.3984355485955, 13.5480288576369","52.49694, 13.4540533",18013,3577
"52.3984355485955, 13.5480288576369","52.4840199, 13.4053429",19218,3996
"52.3984355485955, 13.5480288576369","52.5049039, 13.4431471",17922,3290
"52.3984355485955, 13.5480288576369","52.524042, 13.402083",21562,3623
"52.3984355485955, 13.5480288576369","52.5071871, 13.390676",39336,3691
"52.3984355485955, 13.5480288576369","52.4583565, 13.2889441",42193,4583
"52.3984355485955, 13.5480288576369","52.5112074, 13.4169157",20132,3567
"52.3984355485955, 13.5480288576369","52.440493, 13.3911183",17750,3521
"52.4986164641774, 13.6142641592347","52.5075075, 13.3903737",19241,3715
"52.4986164641774, 13.6142641592347","52.5542753, 13.3785425",20887,3914
"52.4986164641774, 13.6142641592347","52.5063, 13.3840159",20691,3780
"52.4986164641774, 13.6142641592347","52.5206458, 13.2932877",29010,4576
"52.4986164641774, 13.6142641592347","52.5239216, 13.3888786",21396,3523
"52.4986164641774, 13.6142641592347","52.5168416, 13.3816742",18510,2881
"52.4986164641774, 13.6142641592347","52.5040556, 13.3379413",26666,4265
"52.4986164641774, 13.6142641592347","52.5090125, 13.3792937",19651,3479
"52.4986164641774, 13.6142641592347","52.4983661, 13.3605076",22063,4030
"52.4986164641774, 13.6142641592347","52.5478117, 13.3892456",19592,3359
"52.4986164641774, 13.6142641592347","52.5046782, 13.4490212",16031,2648
"52.4986164641774, 13.6142641592347","52.5136642, 13.4727613",11860,2039
"52.4986164641774, 13.6142641592347","52.5016098, 13.381181",20389,3539
"52.4986164641774, 13.6142641592347","52.5214137, 13.4034811",20055,3154
"52.4986164641774, 13.6142641592347","52.5176913, 13.4419715",14001,2325
"52.4986164641774, 13.6142641592347","52.517699, 13.3970326",17367,2767
"52.4986164641774, 13.6142641592347","52.5303108, 13.3186121",24850,4372
"52.4986164641774, 13.6142641592347","52.5146378, 13.3905283",18161,2954
"52.4986164641774, 13.6142641592347","52.5145186, 13.487322",11447,2306
"52.4986164641774, 13.6142641592347","52.5170316, 13.4012274",17474,2781
"52.4986164641774, 13.6142641592347","52.5207714, 13.3889021",21069,3256
"52.4986164641774, 13.6142641592347","52.5027268, 13.4453492",16431,2981
"52.4986164641774, 13.6142641592347","52.5284267, 13.3720175",20349,3389
"52.4986164641774, 13.6142641592347","52.5209131, 13.3871461",20993,3177
"52.4986164641774, 13.6142641592347","52.5304903, 13.3791152",20863,3770
"52.4986164641774, 13.6142641592347","52.4864896, 13.4217418",20940,3940
"52.4986164641774, 13.6142641592347","52.5215057, 13.4069139",16963,2866
"52.4986164641774, 13.6142641592347","52.5174377, 13.3898033",17938,2819
"52.4986164641774, 13.6142641592347","52.5111669, 13.4430356",16673,3149
"52.4986164641774, 13.6142641592347","52.5076615, 13.454537",16362,2884
"52.4986164641774, 13.6142641592347","52.5121441, 13.3083771",26124,4525
"52.4986164641774, 13.6142641592347","52.5087884, 13.378434",19856,3620
"52.4986164641774, 13.6142641592347","52.5019061, 13.3308361",26597,4203
"52.4986164641774, 13.6142641592347","52.5088651, 13.2707514",32725,5117
"52.4986164641774, 13.6142641592347","52.5264743, 13.39691",20704,3669
"52.4986164641774, 13.6142641592347","52.5106807, 13.419484",18902,3321
"52.4986164641774, 13.6142641592347","52.4602228, 13.5056519",11944,3600
"52.4986164641774, 13.6142641592347","52.474199, 13.141735",49772,7813
"52.4986164641774, 13.6142641592347","52.5021802, 13.364582",20805,4015
"52.4986164641774, 13.6142641592347","52.5205791, 13.4089041",16840,2741
"52.4986164641774, 13.6142641592347","52.4986678, 13.3566505",22878,4223
"52.4986164641774, 13.6142641592347","52.520848, 13.4084747",16837,2739
"52.4986164641774, 13.6142641592347","52.49694, 13.4540533",16623,3405
"52.4986164641774, 13.6142641592347","52.4840199, 13.4053429",22038,4625
"52.4986164641774, 13.6142641592347","52.5049039, 13.4431471",16436,2968
"52.4986164641774, 13.6142641592347","52.524042, 13.402083",20059,3151
"52.4986164641774, 13.6142641592347","52.5071871, 13.390676",19203,3685
"52.4986164641774, 13.6142641592347","52.4583565, 13.2889441",31424,5178
"52.4986164641774, 13.6142641592347","52.5112074, 13.4169157",18629,3095
"52.4986164641774, 13.6142641592347","52.440493, 13.3911183",24685,4391
"52.5058326089679, 13.6111964882009","52.5075075, 13.3903737",23686,4116
"52.5058326089679, 13.6111964882009","52.5542753, 13.3785425",24785,4315
"52.5058326089679, 13.6111964882009","52.5063, 13.3840159",24881,4481
"52.5058326089679, 13.6111964882009","52.5206458, 13.2932877",33414,5496
"52.5058326089679, 13.6111964882009","52.5239216, 13.3888786",22330,3737
"52.5058326089679, 13.6111964882009","52.5168416, 13.3816742",17473,3270
"52.5058326089679, 13.6111964882009","52.5040556, 13.3379413",27600,4479
"52.5058326089679, 13.6111964882009","52.5090125, 13.3792937",23841,4180
"52.5058326089679, 13.6111964882009","52.4983661, 13.3605076",21026,4419
"52.5058326089679, 13.6111964882009","52.5478117, 13.3892456",23874,3995
"52.5058326089679, 13.6111964882009","52.5046782, 13.4490212",16965,2862
"52.5058326089679, 13.6111964882009","52.5136642, 13.4727613",10824,2428
"52.5058326089679, 13.6111964882009","52.5016098, 13.381181",24579,4240
"52.5058326089679, 13.6111964882009","52.5214137, 13.4034811",20989,3368
"52.5058326089679, 13.6111964882009","52.5176913, 13.4419715",12964,2714
"52.5058326089679, 13.6111964882009","52.517699, 13.3970326",16330,3156
"52.5058326089679, 13.6111964882009","52.5303108, 13.3186121",29921,5133
"52.5058326089679, 13.6111964882009","52.5146378, 13.3905283",17124,3343
"52.5058326089679, 13.6111964882009","52.5145186, 13.487322",10169,2444
"52.5058326089679, 13.6111964882009","52.5170316, 13.4012274",16437,3170
"52.5058326089679, 13.6111964882009","52.5207714, 13.3889021",22003,3470
"52.5058326089679, 13.6111964882009","52.5027268, 13.4453492",17365,3195
"52.5058326089679, 13.6111964882009","52.5284267, 13.3720175",23801,3933
"52.5058326089679, 13.6111964882009","52.5209131, 13.3871461",21927,3391
"52.5058326089679, 13.6111964882009","52.5304903, 13.3791152",23014,4335
"52.5058326089679, 13.6111964882009","52.4864896, 13.4217418",23263,4341
"52.5058326089679, 13.6111964882009","52.5215057, 13.4069139",20423,3368
"52.5058326089679, 13.6111964882009","52.5174377, 13.3898033",16901,3208
"52.5058326089679, 13.6111964882009","52.5111669, 13.4430356",17607,3363
"52.5058326089679, 13.6111964882009","52.5076615, 13.454537",17296,3098
"52.5058326089679, 13.6111964882009","52.5121441, 13.3083771",29171,4926
"52.5058326089679, 13.6111964882009","52.5087884, 13.378434",23833,4148
"52.5058326089679, 13.6111964882009","52.5019061, 13.3308361",27531,4417
"52.5058326089679, 13.6111964882009","52.5088651, 13.2707514",33659,5331
"52.5058326089679, 13.6111964882009","52.5264743, 13.39691",21638,3883
"52.5058326089679, 13.6111964882009","52.5106807, 13.419484",19836,3535
"52.5058326089679, 13.6111964882009","52.4602228, 13.5056519",12878,3814
"52.5058326089679, 13.6111964882009","52.474199, 13.141735",50706,8027
"52.5058326089679, 13.6111964882009","52.5021802, 13.364582",25090,4896
"52.5058326089679, 13.6111964882009","52.5205791, 13.4089041",20317,3260
"52.5058326089679, 13.6111964882009","52.4986678, 13.3566505",21841,4612
"52.5058326089679, 13.6111964882009","52.520848, 13.4084747",20320,3262
"52.5058326089679, 13.6111964882009","52.49694, 13.4540533",17557,3619
"52.5058326089679, 13.6111964882009","52.4840199, 13.4053429",22972,4839
"52.5058326089679, 13.6111964882009","52.5049039, 13.4431471",17370,3182
"52.5058326089679, 13.6111964882009","52.524042, 13.402083",20993,3365
"52.5058326089679, 13.6111964882009","52.5071871, 13.390676",23648,4086
"52.5058326089679, 13.6111964882009","52.4583565, 13.2889441",33609,5579
"52.5058326089679, 13.6111964882009","52.5112074, 13.4169157",19563,3309
"52.5058326089679, 13.6111964882009","52.440493, 13.3911183",25619,4605
"52.4494003353978, 13.5747127189221","52.5075075, 13.3903737",18712,3261
"52.4494003353978, 13.5747127189221","52.5542753, 13.3785425",19811,3460
"52.4494003353978, 13.5747127189221","52.5063, 13.3840159",19910,3776
"52.4494003353978, 13.5747127189221","52.5206458, 13.2932877",25876,4881
"52.4494003353978, 13.5747127189221","52.5239216, 13.3888786",17356,2882
"52.4494003353978, 13.5747127189221","52.5168416, 13.3816742",17681,3115
"52.4494003353978, 13.5747127189221","52.5040556, 13.3379413",22626,3624
"52.4494003353978, 13.5747127189221","52.5090125, 13.3792937",18867,3475
"52.4494003353978, 13.5747127189221","52.4983661, 13.3605076",21214,4176
"52.4494003353978, 13.5747127189221","52.5478117, 13.3892456",18900,3140
"52.4494003353978, 13.5747127189221","52.5046782, 13.4490212",11991,2007
"52.4494003353978, 13.5747127189221","52.5136642, 13.4727613",12259,2276
"52.4494003353978, 13.5747127189221","52.5016098, 13.381181",19608,3535
"52.4494003353978, 13.5747127189221","52.5214137, 13.4034811",16015,2513
"52.4494003353978, 13.5747127189221","52.5176913, 13.4419715",17404,3200
"52.4494003353978, 13.5747127189221","52.517699, 13.3970326",16648,3010
"52.4494003353978, 13.5747127189221","52.5303108, 13.3186121",24947,4518
"52.4494003353978, 13.5747127189221","52.5146378, 13.3905283",17629,3114
"52.4494003353978, 13.5747127189221","52.5145186, 13.487322",14850,3181
"52.4494003353978, 13.5747127189221","52.5170316, 13.4012274",16613,3011
"52.4494003353978, 13.5747127189221","52.5207714, 13.3889021",17029,2615
"52.4494003353978, 13.5747127189221","52.5027268, 13.4453492",12391,2340
"52.4494003353978, 13.5747127189221","52.5284267, 13.3720175",18827,3078
"52.4494003353978, 13.5747127189221","52.5209131, 13.3871461",16953,2536
"52.4494003353978, 13.5747127189221","52.5304903, 13.3791152",18040,3480
"52.4494003353978, 13.5747127189221","52.4864896, 13.4217418",18289,3486
"52.4494003353978, 13.5747127189221","52.5215057, 13.4069139",15449,2513
"52.4494003353978, 13.5747127189221","52.5174377, 13.3898033",17347,2863
"52.4494003353978, 13.5747127189221","52.5111669, 13.4430356",12633,2508
"52.4494003353978, 13.5747127189221","52.5076615, 13.454537",12322,2243
"52.4494003353978, 13.5747127189221","52.5121441, 13.3083771",24197,4071
"52.4494003353978, 13.5747127189221","52.5087884, 13.378434",18859,3443
"52.4494003353978, 13.5747127189221","52.5019061, 13.3308361",22557,3562
"52.4494003353978, 13.5747127189221","52.5088651, 13.2707514",28685,4476
"52.4494003353978, 13.5747127189221","52.5264743, 13.39691",16664,3028
"52.4494003353978, 13.5747127189221","52.5106807, 13.419484",14827,3130
"52.4494003353978, 13.5747127189221","52.4602228, 13.5056519",5952,1596
"52.4494003353978, 13.5747127189221","52.474199, 13.141735",45873,7172
"52.4494003353978, 13.5747127189221","52.5021802, 13.364582",22470,4161
"52.4494003353978, 13.5747127189221","52.5205791, 13.4089041",15343,2405
"52.4494003353978, 13.5747127189221","52.4986678, 13.3566505",24130,4317
"52.4494003353978, 13.5747127189221","52.520848, 13.4084747",15346,2407
"52.4494003353978, 13.5747127189221","52.49694, 13.4540533",12653,2773
"52.4494003353978, 13.5747127189221","52.4840199, 13.4053429",17736,3917
"52.4494003353978, 13.5747127189221","52.5049039, 13.4431471",12396,2327
"52.4494003353978, 13.5747127189221","52.524042, 13.402083",16019,2510
"52.4494003353978, 13.5747127189221","52.5071871, 13.390676",18674,3231
"52.4494003353978, 13.5747127189221","52.4583565, 13.2889441",28228,5867
"52.4494003353978, 13.5747127189221","52.5112074, 13.4169157",14589,2454
"52.4494003353978, 13.5747127189221","52.440493, 13.3911183",26361,4269
"52.4514986936081, 13.6100897898055","52.5075075, 13.3903737",20482,3826
"52.4514986936081, 13.6100897898055","52.5542753, 13.3785425",21582,4025
"52.4514986936081, 13.6100897898055","52.5063, 13.3840159",21677,4191
"52.4514986936081, 13.6100897898055","52.5206458, 13.2932877",30210,5206
"52.4514986936081, 13.6100897898055","52.5239216, 13.3888786",19126,3447
"52.4514986936081, 13.6100897898055","52.5168416, 13.3816742",19589,3650
"52.4514986936081, 13.6100897898055","52.5040556, 13.3379413",24396,4189
"52.4514986936081, 13.6100897898055","52.5090125, 13.3792937",20637,3890
"52.4514986936081, 13.6100897898055","52.4983661, 13.3605076",24101,4526
"52.4514986936081, 13.6100897898055","52.5478117, 13.3892456",20671,3705
"52.4514986936081, 13.6100897898055","52.5046782, 13.4490212",13762,2572
"52.4514986936081, 13.6100897898055","52.5136642, 13.4727613",14030,2841
"52.4514986936081, 13.6100897898055","52.5016098, 13.381181",21375,3950
"52.4514986936081, 13.6100897898055","52.5214137, 13.4034811",17786,3078
"52.4514986936081, 13.6100897898055","52.5176913, 13.4419715",19031,3665
"52.4514986936081, 13.6100897898055","52.517699, 13.3970326",18419,3575
"52.4514986936081, 13.6100897898055","52.5303108, 13.3186121",26718,4843
"52.4514986936081, 13.6100897898055","52.5146378, 13.3905283",19399,3679
"52.4514986936081, 13.6100897898055","52.5145186, 13.487322",16477,3646
"52.4514986936081, 13.6100897898055","52.5170316, 13.4012274",18384,3576
"52.4514986936081, 13.6100897898055","52.5207714, 13.3889021",18799,3180
"52.4514986936081, 13.6100897898055","52.5027268, 13.4453492",14162,2905
"52.4514986936081, 13.6100897898055","52.5284267, 13.3720175",20597,3643
"52.4514986936081, 13.6100897898055","52.5209131, 13.3871461",18723,3101
"52.4514986936081, 13.6100897898055","52.5304903, 13.3791152",19811,4045
"52.4514986936081, 13.6100897898055","52.4864896, 13.4217418",20060,4051
"52.4514986936081, 13.6100897898055","52.5215057, 13.4069139",17220,3078
"52.4514986936081, 13.6100897898055","52.5174377, 13.3898033",19117,3428
"52.4514986936081, 13.6100897898055","52.5111669, 13.4430356",14404,3073
"52.4514986936081, 13.6100897898055","52.5076615, 13.454537",14093,2808
"52.4514986936081, 13.6100897898055","52.5121441, 13.3083771",25967,4636
"52.4514986936081, 13.6100897898055","52.5087884, 13.378434",20629,3858
"52.4514986936081, 13.6100897898055","52.5019061, 13.3308361",24327,4127
"52.4514986936081, 13.6100897898055","52.5088651, 13.2707514",30455,5041
"52.4514986936081, 13.6100897898055","52.5264743, 13.39691",18435,3593
"52.4514986936081, 13.6100897898055","52.5106807, 13.419484",16633,3245
"52.4514986936081, 13.6100897898055","52.4602228, 13.5056519",9233,2452
"52.4514986936081, 13.6100897898055","52.474199, 13.141735",47502,7737
"52.4514986936081, 13.6100897898055","52.5021802, 13.364582",21886,4606
"52.4514986936081, 13.6100897898055","52.5205791, 13.4089041",17114,2970
"52.4514986936081, 13.6100897898055","52.4986678, 13.3566505",25900,4882
"52.4514986936081, 13.6100897898055","52.520848, 13.4084747",17117,2972
"52.4514986936081, 13.6100897898055","52.49694, 13.4540533",16139,4253
"52.4514986936081, 13.6100897898055","52.4840199, 13.4053429",19769,4549
"52.4514986936081, 13.6100897898055","52.5049039, 13.4431471",14167,2892
"52.4514986936081, 13.6100897898055","52.524042, 13.402083",17790,3075
"52.4514986936081, 13.6100897898055","52.5071871, 13.390676",20444,3796
"52.4514986936081, 13.6100897898055","52.4583565, 13.2889441",31012,5768
"52.4514986936081, 13.6100897898055","52.5112074, 13.4169157",16360,3019
"52.4514986936081, 13.6100897898055","52.440493, 13.3911183",22416,4315
"52.4497883342962, 13.6229050435186","52.5075075, 13.3903737",21374,3488
"52.4497883342962, 13.6229050435186","52.5542753, 13.3785425",22473,3687
"52.4497883342962, 13.6229050435186","52.5063, 13.3840159",22569,3853
"52.4497883342962, 13.6229050435186","52.5206458, 13.2932877",31102,4868
"52.4497883342962, 13.6229050435186","52.5239216, 13.3888786",20018,3109
"52.4497883342962, 13.6229050435186","52.5168416, 13.3816742",20481,3312
"52.4497883342962, 13.6229050435186","52.5040556, 13.3379413",25288,3851
"52.4497883342962, 13.6229050435186","52.5090125, 13.3792937",21529,3552
"52.4497883342962, 13.6229050435186","52.4983661, 13.3605076",24993,4188
"52.4497883342962, 13.6229050435186","52.5478117, 13.3892456",21562,3367
"52.4497883342962, 13.6229050435186","52.5046782, 13.4490212",14653,2234
"52.4497883342962, 13.6229050435186","52.5136642, 13.4727613",14921,2503
"52.4497883342962, 13.6229050435186","52.5016098, 13.381181",22267,3612
"52.4497883342962, 13.6229050435186","52.5214137, 13.4034811",18677,2740
"52.4497883342962, 13.6229050435186","52.5176913, 13.4419715",16998,3329
"52.4497883342962, 13.6229050435186","52.517699, 13.3970326",19310,3237
"52.4497883342962, 13.6229050435186","52.5303108, 13.3186121",27609,4505
"52.4497883342962, 13.6229050435186","52.5146378, 13.3905283",20291,3341
"52.4497883342962, 13.6229050435186","52.5145186, 13.487322",18576,3879
"52.4497883342962, 13.6229050435186","52.5170316, 13.4012274",19275,3238
"52.4497883342962, 13.6229050435186","52.5207714, 13.3889021",19691,2842
"52.4497883342962, 13.6229050435186","52.5027268, 13.4453492",15053,2567
"52.4497883342962, 13.6229050435186","52.5284267, 13.3720175",21489,3305
"52.4497883342962, 13.6229050435186","52.5209131, 13.3871461",19615,2763
"52.4497883342962, 13.6229050435186","52.5304903, 13.3791152",20702,3707
"52.4497883342962, 13.6229050435186","52.4864896, 13.4217418",20951,3713
"52.4497883342962, 13.6229050435186","52.5215057, 13.4069139",18111,2740
"52.4497883342962, 13.6229050435186","52.5174377, 13.3898033",20009,3090
"52.4497883342962, 13.6229050435186","52.5111669, 13.4430356",15295,2735
"52.4497883342962, 13.6229050435186","52.5076615, 13.454537",14984,2470
"52.4497883342962, 13.6229050435186","52.5121441, 13.3083771",26859,4298
"52.4497883342962, 13.6229050435186","52.5087884, 13.378434",21521,3520
"52.4497883342962, 13.6229050435186","52.5019061, 13.3308361",25219,3789
"52.4497883342962, 13.6229050435186","52.5088651, 13.2707514",31347,4703
"52.4497883342962, 13.6229050435186","52.5264743, 13.39691",19326,3255
"52.4497883342962, 13.6229050435186","52.5106807, 13.419484",17524,2907
"52.4497883342962, 13.6229050435186","52.4602228, 13.5056519",10535,2424
"52.4497883342962, 13.6229050435186","52.474199, 13.141735",48394,7399
"52.4497883342962, 13.6229050435186","52.5021802, 13.364582",22778,4268
"52.4497883342962, 13.6229050435186","52.5205791, 13.4089041",18005,2632
"52.4497883342962, 13.6229050435186","52.4986678, 13.3566505",26792,4544
"52.4497883342962, 13.6229050435186","52.520848, 13.4084747",18008,2634
"52.4497883342962, 13.6229050435186","52.49694, 13.4540533",17441,4225
"52.4497883342962, 13.6229050435186","52.4840199, 13.4053429",20660,4211
"52.4497883342962, 13.6229050435186","52.5049039, 13.4431471",15058,2554
"52.4497883342962, 13.6229050435186","52.524042, 13.402083",18681,2737
"52.4497883342962, 13.6229050435186","52.5071871, 13.390676",21336,3458
"52.4497883342962, 13.6229050435186","52.4583565, 13.2889441",33110,6001
"52.4497883342962, 13.6229050435186","52.5112074, 13.4169157",17251,2681
"52.4497883342962, 13.6229050435186","52.440493, 13.3911183",23307,3977
"52.4294404288246, 13.5711064220834","52.5075075, 13.3903737",22321,4848
"52.4294404288246, 13.5711064220834","52.5542753, 13.3785425",22071,5171
"52.4294404288246, 13.5711064220834","52.5063, 13.3840159",23516,5213
"52.4294404288246, 13.5711064220834","52.5206458, 13.2932877",31258,5833
"52.4294404288246, 13.5711064220834","52.5239216, 13.3888786",20965,4469
"52.4294404288246, 13.5711064220834","52.5168416, 13.3816742",21428,4672
"52.4294404288246, 13.5711064220834","52.5040556, 13.3379413",26235,5211
"52.4294404288246, 13.5711064220834","52.5090125, 13.3792937",19323,4919
"52.4294404288246, 13.5711064220834","52.4983661, 13.3605076",21486,5287
"52.4294404288246, 13.5711064220834","52.5478117, 13.3892456",22689,4616
"52.4294404288246, 13.5711064220834","52.5046782, 13.4490212",15600,3594
"52.4294404288246, 13.5711064220834","52.5136642, 13.4727613",15259,3831
"52.4294404288246, 13.5711064220834","52.5016098, 13.381181",23214,4972
"52.4294404288246, 13.5711064220834","52.5214137, 13.4034811",19624,4100
"52.4294404288246, 13.5711064220834","52.5176913, 13.4419715",21310,5115
"52.4294404288246, 13.5711064220834","52.517699, 13.3970326",20257,4597
"52.4294404288246, 13.5711064220834","52.5303108, 13.3186121",27947,5629
"52.4294404288246, 13.5711064220834","52.5146378, 13.3905283",21238,4701
"52.4294404288246, 13.5711064220834","52.5145186, 13.487322",18756,5096
"52.4294404288246, 13.5711064220834","52.5170316, 13.4012274",20222,4598
"52.4294404288246, 13.5711064220834","52.5207714, 13.3889021",20638,4202
"52.4294404288246, 13.5711064220834","52.5027268, 13.4453492",14142,3692
"52.4294404288246, 13.5711064220834","52.5284267, 13.3720175",22436,4665
"52.4294404288246, 13.5711064220834","52.5209131, 13.3871461",20562,4123
"52.4294404288246, 13.5711064220834","52.5304903, 13.3791152",21649,5067
"52.4294404288246, 13.5711064220834","52.4864896, 13.4217418",22538,4450
"52.4294404288246, 13.5711064220834","52.5215057, 13.4069139",19058,4100
"52.4294404288246, 13.5711064220834","52.5174377, 13.3898033",20956,4450
"52.4294404288246, 13.5711064220834","52.5111669, 13.4430356",16242,4095
"52.4294404288246, 13.5711064220834","52.5076615, 13.454537",15931,3830
"52.4294404288246, 13.5711064220834","52.5121441, 13.3083771",25547,5782
"52.4294404288246, 13.5711064220834","52.5087884, 13.378434",19279,4877
"52.4294404288246, 13.5711064220834","52.5019061, 13.3308361",26166,5149
"52.4294404288246, 13.5711064220834","52.5088651, 13.2707514",32294,6063
"52.4294404288246, 13.5711064220834","52.5264743, 13.39691",20273,4615
"52.4294404288246, 13.5711064220834","52.5106807, 13.419484",15760,3768
"52.4294404288246, 13.5711064220834","52.4602228, 13.5056519",6885,2174
"52.4294404288246, 13.5711064220834","52.474199, 13.141735",49341,8759
"52.4294404288246, 13.5711064220834","52.5021802, 13.364582",21874,5600
"52.4294404288246, 13.5711064220834","52.5205791, 13.4089041",18952,3992
"52.4294404288246, 13.5711064220834","52.4986678, 13.3566505",22301,5480
"52.4294404288246, 13.5711064220834","52.520848, 13.4084747",18955,3994
"52.4294404288246, 13.5711064220834","52.49694, 13.4540533",13586,3471
"52.4294404288246, 13.5711064220834","52.4840199, 13.4053429",18669,4495
"52.4294404288246, 13.5711064220834","52.5049039, 13.4431471",14435,3952
"52.4294404288246, 13.5711064220834","52.524042, 13.402083",19628,4097
"52.4294404288246, 13.5711064220834","52.5071871, 13.390676",22283,4818
"52.4294404288246, 13.5711064220834","52.4583565, 13.2889441",31720,6618
"52.4294404288246, 13.5711064220834","52.5112074, 13.4169157",15951,3721
"52.4294404288246, 13.5711064220834","52.440493, 13.3911183",21951,5014
"52.6368175732154, 13.4947062115684","52.5075075, 13.3903737",18743,2584
"52.6368175732154, 13.4947062115684","52.5542753, 13.3785425",13896,2183
"52.6368175732154, 13.4947062115684","52.5063, 13.3840159",19773,2649
"52.6368175732154, 13.4947062115684","52.5206458, 13.2932877",22383,3445
"52.6368175732154, 13.4947062115684","52.5239216, 13.3888786",16485,2078
"52.6368175732154, 13.4947062115684","52.5168416, 13.3816742",17685,2108
"52.6368175732154, 13.4947062115684","52.5040556, 13.3379413",22229,3459
"52.6368175732154, 13.4947062115684","52.5090125, 13.3792937",18733,2348
"52.6368175732154, 13.4947062115684","52.4983661, 13.3605076",20649,3100
"52.6368175732154, 13.4947062115684","52.5478117, 13.3892456",12941,1570
"52.6368175732154, 13.4947062115684","52.5046782, 13.4490212",22270,3022
"52.6368175732154, 13.4947062115684","52.5136642, 13.4727613",19178,2530
"52.6368175732154, 13.4947062115684","52.5016098, 13.381181",19471,2408
"52.6368175732154, 13.4947062115684","52.5214137, 13.4034811",17078,2340
"52.6368175732154, 13.4947062115684","52.5176913, 13.4419715",22338,3474
"52.6368175732154, 13.4947062115684","52.517699, 13.3970326",17867,2697
"52.6368175732154, 13.4947062115684","52.5303108, 13.3186121",18223,3241
"52.6368175732154, 13.4947062115684","52.5146378, 13.3905283",17657,2551
"52.6368175732154, 13.4947062115684","52.5145186, 13.487322",20146,3350
"52.6368175732154, 13.4947062115684","52.5170316, 13.4012274",19253,2968
"52.6368175732154, 13.4947062115684","52.5207714, 13.3889021",17066,2046
"52.6368175732154, 13.4947062115684","52.5027268, 13.4453492",22670,3356
"52.6368175732154, 13.4947062115684","52.5284267, 13.3720175",16936,2624
"52.6368175732154, 13.4947062115684","52.5209131, 13.3871461",16925,1923
"52.6368175732154, 13.4947062115684","52.5304903, 13.3791152",15928,2265
"52.6368175732154, 13.4947062115684","52.4864896, 13.4217418",21318,3409
"52.6368175732154, 13.4947062115684","52.5215057, 13.4069139",17459,2564
"52.6368175732154, 13.4947062115684","52.5174377, 13.3898033",17375,2300
"52.6368175732154, 13.4947062115684","52.5111669, 13.4430356",22925,3557
"52.6368175732154, 13.4947062115684","52.5076615, 13.454537",22615,3292
"52.6368175732154, 13.4947062115684","52.5121441, 13.3083771",24239,3394
"52.6368175732154, 13.4947062115684","52.5087884, 13.378434",18725,2316
"52.6368175732154, 13.4947062115684","52.5019061, 13.3308361",22599,3185
"52.6368175732154, 13.4947062115684","52.5088651, 13.2707514",24016,3865
"52.6368175732154, 13.4947062115684","52.5264743, 13.39691",16686,2244
"52.6368175732154, 13.4947062115684","52.5106807, 13.419484",18128,3009
"52.6368175732154, 13.4947062115684","52.4602228, 13.5056519",27196,4566
"52.6368175732154, 13.4947062115684","52.474199, 13.141735",44684,6495
"52.6368175732154, 13.4947062115684","52.5021802, 13.364582",19887,2884
"52.6368175732154, 13.4947062115684","52.5205791, 13.4089041",18029,2640
"52.6368175732154, 13.4947062115684","52.4986678, 13.3566505",20882,3272
"52.6368175732154, 13.4947062115684","52.520848, 13.4084747",18032,2642
"52.6368175732154, 13.4947062115684","52.49694, 13.4540533",22394,3287
"52.6368175732154, 13.4947062115684","52.4840199, 13.4053429",25311,4060
"52.6368175732154, 13.4947062115684","52.5049039, 13.4431471",22682,3353
"52.6368175732154, 13.4947062115684","52.524042, 13.402083",16896,2417
"52.6368175732154, 13.4947062115684","52.5071871, 13.390676",18705,2554
"52.6368175732154, 13.4947062115684","52.4583565, 13.2889441",30396,4647
"52.6368175732154, 13.4947062115684","52.5112074, 13.4169157",17963,2869
"52.6368175732154, 13.4947062115684","52.440493, 13.3911183",26392,3592
"52.6061211323533, 13.3139475764521","52.5075075, 13.3903737",15702,2766
"52.6061211323533, 13.3139475764521","52.5542753, 13.3785425",10744,2315
"52.6061211323533, 13.3139475764521","52.5063, 13.3840159",16735,2681
"52.6061211323533, 13.3139475764521","52.5206458, 13.2932877",19342,3027
"52.6061211323533, 13.3139475764521","52.5239216, 13.3888786",13444,2110
"52.6061211323533, 13.3139475764521","52.5168416, 13.3816742",14644,2140
"52.6061211323533, 13.3139475764521","52.5040556, 13.3379413",20200,3552
"52.6061211323533, 13.3139475764521","52.5090125, 13.3792937",15692,2380
"52.6061211323533, 13.3139475764521","52.4983661, 13.3605076",17702,3162
"52.6061211323533, 13.3139475764521","52.5478117, 13.3892456",9900,1584
"52.6061211323533, 13.3139475764521","52.5046782, 13.4490212",19223,3054
"52.6061211323533, 13.3139475764521","52.5136642, 13.4727613",16139,2760
"52.6061211323533, 13.3139475764521","52.5016098, 13.381181",16433,2440
"52.6061211323533, 13.3139475764521","52.5214137, 13.4034811",14037,2522
"52.6061211323533, 13.3139475764521","52.5176913, 13.4419715",16047,3056
"52.6061211323533, 13.3139475764521","52.517699, 13.3970326",14826,2729
"52.6061211323533, 13.3139475764521","52.5303108, 13.3186121",15182,2823
"52.6061211323533, 13.3139475764521","52.5146378, 13.3905283",14616,2583
"52.6061211323533, 13.3139475764521","52.5145186, 13.487322",17107,3580
"52.6061211323533, 13.3139475764521","52.5170316, 13.4012274",15684,3033
"52.6061211323533, 13.3139475764521","52.5207714, 13.3889021",14025,2078
"52.6061211323533, 13.3139475764521","52.5027268, 13.4453492",19623,3388
"52.6061211323533, 13.3139475764521","52.5284267, 13.3720175",13895,2686
"52.6061211323533, 13.3139475764521","52.5209131, 13.3871461",13884,1955
"52.6061211323533, 13.3139475764521","52.5304903, 13.3791152",12887,2297
"52.6061211323533, 13.3139475764521","52.4864896, 13.4217418",18277,2991
"52.6061211323533, 13.3139475764521","52.5215057, 13.4069139",14418,2746
"52.6061211323533, 13.3139475764521","52.5174377, 13.3898033",14334,2332
"52.6061211323533, 13.3139475764521","52.5111669, 13.4430356",19878,3589
"52.6061211323533, 13.3139475764521","52.5076615, 13.454537",19568,3324
"52.6061211323533, 13.3139475764521","52.5121441, 13.3083771",14055,3043
"52.6061211323533, 13.3139475764521","52.5087884, 13.378434",15684,2348
"52.6061211323533, 13.3139475764521","52.5088651, 13.2707514",20975,3447
"52.6061211323533, 13.3139475764521","52.5264743, 13.39691",13645,2276
"52.6061211323533, 13.3139475764521","52.5106807, 13.419484",15087,2591
"52.6061211323533, 13.3139475764521","52.4602228, 13.5056519",23907,4748
"52.6061211323533, 13.3139475764521","52.474199, 13.141735",35892,6077
"52.6061211323533, 13.3139475764521","52.5021802, 13.364582",16941,2946
"52.6061211323533, 13.3139475764521","52.5205791, 13.4089041",13817,2472
"52.6061211323533, 13.3139475764521","52.4986678, 13.3566505",17935,3334
"52.6061211323533, 13.3139475764521","52.520848, 13.4084747",13820,2474
"52.6061211323533, 13.3139475764521","52.49694, 13.4540533",19355,3511
"52.6061211323533, 13.3139475764521","52.4840199, 13.4053429",21925,4347
"52.6061211323533, 13.3139475764521","52.5049039, 13.4431471",19635,3385
"52.6061211323533, 13.3139475764521","52.524042, 13.402083",13855,2449
"52.6061211323533, 13.3139475764521","52.5071871, 13.390676",15664,2736
"52.6061211323533, 13.3139475764521","52.4583565, 13.2889441",25731,4319
"52.6061211323533, 13.3139475764521","52.5112074, 13.4169157",14922,2451
"52.6061211323533, 13.3139475764521","52.440493, 13.3911183",23351,3774
"52.6420713793586, 13.2984316095348","52.5075075, 13.3903737",20671,3627
"52.6420713793586, 13.2984316095348","52.5542753, 13.3785425",15713,3176
"52.6420713793586, 13.2984316095348","52.5063, 13.3840159",21704,3542
"52.6420713793586, 13.2984316095348","52.5206458, 13.2932877",24311,3888
"52.6420713793586, 13.2984316095348","52.5239216, 13.3888786",18414,2971
"52.6420713793586, 13.2984316095348","52.5168416, 13.3816742",19614,3001
"52.6420713793586, 13.2984316095348","52.5040556, 13.3379413",25169,4413
"52.6420713793586, 13.2984316095348","52.4983661, 13.3605076",22672,4023
"52.6420713793586, 13.2984316095348","52.5478117, 13.3892456",14869,2445
"52.6420713793586, 13.2984316095348","52.5046782, 13.4490212",24192,3915
"52.6420713793586, 13.2984316095348","52.5136642, 13.4727613",21108,3573
"52.6420713793586, 13.2984316095348","52.5016098, 13.381181",21402,3301
"52.6420713793586, 13.2984316095348","52.5214137, 13.4034811",19007,3383
"52.6420713793586, 13.2984316095348","52.5176913, 13.4419715",21016,3917
"52.6420713793586, 13.2984316095348","52.517699, 13.3970326",19795,3590
"52.6420713793586, 13.2984316095348","52.5303108, 13.3186121",20151,3684
"52.6420713793586, 13.2984316095348","52.5146378, 13.3905283",19585,3444
"52.6420713793586, 13.2984316095348","52.5145186, 13.487322",22076,4393
"52.6420713793586, 13.2984316095348","52.5170316, 13.4012274",21182,4011
"52.6420713793586, 13.2984316095348","52.5207714, 13.3889021",18994,2939
"52.6420713793586, 13.2984316095348","52.5027268, 13.4453492",24592,4249
"52.6420713793586, 13.2984316095348","52.5284267, 13.3720175",18864,3667
"52.6420713793586, 13.2984316095348","52.5209131, 13.3871461",18853,2816
"52.6420713793586, 13.2984316095348","52.5304903, 13.3791152",17856,3158
"52.6420713793586, 13.2984316095348","52.4864896, 13.4217418",23246,3852
"52.6420713793586, 13.2984316095348","52.5215057, 13.4069139",19388,3607
"52.6420713793586, 13.2984316095348","52.5174377, 13.3898033",19303,3193
"52.6420713793586, 13.2984316095348","52.5111669, 13.4430356",24847,4450
"52.6420713793586, 13.2984316095348","52.5076615, 13.454537",24537,4185
"52.6420713793586, 13.2984316095348","52.5121441, 13.3083771",24078,4038
"52.6420713793586, 13.2984316095348","52.5087884, 13.378434",20654,3209
"52.6420713793586, 13.2984316095348","52.5019061, 13.3308361",24527,4228
"52.6420713793586, 13.2984316095348","52.5088651, 13.2707514",25944,4308
"52.6420713793586, 13.2984316095348","52.5264743, 13.39691",18615,3137
"52.6420713793586, 13.2984316095348","52.5106807, 13.419484",20056,3452
"52.6420713793586, 13.2984316095348","52.4602228, 13.5056519",28876,5609
"52.6420713793586, 13.2984316095348","52.474199, 13.141735",36380,7538
"52.6420713793586, 13.2984316095348","52.5021802, 13.364582",21911,3807
"52.6420713793586, 13.2984316095348","52.5205791, 13.4089041",18786,3333
"52.6420713793586, 13.2984316095348","52.4986678, 13.3566505",22905,4195
"52.6420713793586, 13.2984316095348","52.520848, 13.4084747",18789,3335
"52.6420713793586, 13.2984316095348","52.49694, 13.4540533",24324,4330
"52.6420713793586, 13.2984316095348","52.4840199, 13.4053429",26895,5208
"52.6420713793586, 13.2984316095348","52.5049039, 13.4431471",24604,4246
"52.6420713793586, 13.2984316095348","52.524042, 13.402083",18825,3310
"52.6420713793586, 13.2984316095348","52.5071871, 13.390676",20633,3597
"52.6420713793586, 13.2984316095348","52.4583565, 13.2889441",31275,5090
"52.6420713793586, 13.2984316095348","52.5112074, 13.4169157",19891,3312
"52.6420713793586, 13.2984316095348","52.440493, 13.3911183",28320,4635
"52.5872016460574, 13.4069139813278","52.5075075, 13.3903737",12367,3071
"52.5872016460574, 13.4069139813278","52.5542753, 13.3785425",5500,1848
"52.5872016460574, 13.4069139813278","52.5063, 13.3840159",13726,2997
"52.5872016460574, 13.4069139813278","52.5206458, 13.2932877",16335,3793
"52.5872016460574, 13.4069139813278","52.5239216, 13.3888786",10438,2426
"52.5872016460574, 13.4069139813278","52.5168416, 13.3816742",11638,2456
"52.5872016460574, 13.4069139813278","52.5040556, 13.3379413",12940,3240
"52.5872016460574, 13.4069139813278","52.5090125, 13.3792937",12686,2696
"52.5872016460574, 13.4069139813278","52.4983661, 13.3605076",15066,3247
"52.5872016460574, 13.4069139813278","52.5478117, 13.3892456",6893,1918
"52.5872016460574, 13.4069139813278","52.5046782, 13.4490212",13227,3329
"52.5872016460574, 13.4069139813278","52.5136642, 13.4727613",13114,2926
"52.5872016460574, 13.4069139813278","52.5016098, 13.381181",13424,2756
"52.5872016460574, 13.4069139813278","52.5214137, 13.4034811",9144,2458
"52.5872016460574, 13.4069139813278","52.5176913, 13.4419715",11704,3222
"52.5872016460574, 13.4069139813278","52.517699, 13.3970326",10402,3442
"52.5872016460574, 13.4069139813278","52.5303108, 13.3186121",11457,3308
"52.5872016460574, 13.4069139813278","52.5146378, 13.3905283",12269,2909
"52.5872016460574, 13.4069139813278","52.5145186, 13.487322",14082,3746
"52.5872016460574, 13.4069139813278","52.5170316, 13.4012274",9730,2956
"52.5872016460574, 13.4069139813278","52.5207714, 13.3889021",11019,2394
"52.5872016460574, 13.4069139813278","52.5027268, 13.4453492",12864,3787
"52.5872016460574, 13.4069139813278","52.5284267, 13.3720175",10388,3111
"52.5872016460574, 13.4069139813278","52.5209131, 13.3871461",10878,2271
"52.5872016460574, 13.4069139813278","52.5304903, 13.3791152",9431,2870
"52.5872016460574, 13.4069139813278","52.4864896, 13.4217418",14336,3416
"52.5872016460574, 13.4069139813278","52.5215057, 13.4069139",9368,2639
"52.5872016460574, 13.4069139813278","52.5174377, 13.3898033",11328,2648
"52.5872016460574, 13.4069139813278","52.5111669, 13.4430356",12851,4004
"52.5872016460574, 13.4069139813278","52.5076615, 13.454537",12481,3717
"52.5872016460574, 13.4069139813278","52.5121441, 13.3083771",19127,3742
"52.5872016460574, 13.4069139813278","52.5087884, 13.378434",12678,2664
"52.5872016460574, 13.4069139813278","52.5019061, 13.3308361",12594,2959
"52.5872016460574, 13.4069139813278","52.5088651, 13.2707514",21835,4232
"52.5872016460574, 13.4069139813278","52.5264743, 13.39691",10639,2592
"52.5872016460574, 13.4069139813278","52.5106807, 13.419484",11908,2953
"52.5872016460574, 13.4069139813278","52.4602228, 13.5056519",21190,5514
"52.5872016460574, 13.4069139813278","52.474199, 13.141735",30676,7114
"52.5872016460574, 13.4069139813278","52.5021802, 13.364582",15454,3560
"52.5872016460574, 13.4069139813278","52.5205791, 13.4089041",9561,2430
"52.5872016460574, 13.4069139813278","52.4986678, 13.3566505",15881,3440
"52.5872016460574, 13.4069139813278","52.520848, 13.4084747",9564,2432
"52.5872016460574, 13.4069139813278","52.49694, 13.4540533",16330,3677
"52.5872016460574, 13.4069139813278","52.4840199, 13.4053429",18195,4451
"52.5872016460574, 13.4069139813278","52.5049039, 13.4431471",13340,3401
"52.5872016460574, 13.4069139813278","52.524042, 13.402083",8946,2574
"52.5872016460574, 13.4069139813278","52.5071871, 13.390676",12399,3096
"52.5872016460574, 13.4069139813278","52.4583565, 13.2889441",19510,4591
"52.5872016460574, 13.4069139813278","52.5112074, 13.4169157",11743,2813
"52.5872016460574, 13.4069139813278","52.440493, 13.3911183",20345,3940
"52.5369797360524, 13.2710762177337","52.5075075, 13.3903737",14837,2577
"52.5369797360524, 13.2710762177337","52.5542753, 13.3785425",11633,3019
"52.5369797360524, 13.2710762177337","52.5063, 13.3840159",12261,2784
"52.5369797360524, 13.2710762177337","52.5206458, 13.2932877",5704,1688
"52.5369797360524, 13.2710762177337","52.5239216, 13.3888786",17079,2881
"52.5369797360524, 13.2710762177337","52.5168416, 13.3816742",15137,2526
"52.5369797360524, 13.2710762177337","52.5040556, 13.3379413",8277,1814
"52.5369797360524, 13.2710762177337","52.5090125, 13.3792937",11393,2415
"52.5369797360524, 13.2710762177337","52.4983661, 13.3605076",11593,2204
"52.5369797360524, 13.2710762177337","52.5478117, 13.3892456",9293,1700
"52.5369797360524, 13.2710762177337","52.5046782, 13.4490212",17549,2786
"52.5369797360524, 13.2710762177337","52.5136642, 13.4727613",16813,2504
"52.5369797360524, 13.2710762177337","52.5016098, 13.381181",13109,2146
"52.5369797360524, 13.2710762177337","52.5214137, 13.4034811",14020,2560
"52.5369797360524, 13.2710762177337","52.5176913, 13.4419715",14230,3238
"52.5369797360524, 13.2710762177337","52.517699, 13.3970326",16436,3076
"52.5369797360524, 13.2710762177337","52.5303108, 13.3186121",5012,1493
"52.5369797360524, 13.2710762177337","52.5146378, 13.3905283",16144,2791
"52.5369797360524, 13.2710762177337","52.5145186, 13.487322",17781,3324
"52.5369797360524, 13.2710762177337","52.5170316, 13.4012274",10846,2794
"52.5369797360524, 13.2710762177337","52.5207714, 13.3889021",12847,2374
"52.5369797360524, 13.2710762177337","52.5027268, 13.4453492",17937,3100
"52.5369797360524, 13.2710762177337","52.5284267, 13.3720175",8548,2127
"52.5369797360524, 13.2710762177337","52.5209131, 13.3871461",12716,2317
"52.5369797360524, 13.2710762177337","52.5304903, 13.3791152",9055,2463
"52.5369797360524, 13.2710762177337","52.4864896, 13.4217418",16289,2273
"52.5369797360524, 13.2710762177337","52.5215057, 13.4069139",14777,2782
"52.5369797360524, 13.2710762177337","52.5174377, 13.3898033",16006,2715
"52.5369797360524, 13.2710762177337","52.5111669, 13.4430356",18656,3621
"52.5369797360524, 13.2710762177337","52.5076615, 13.454537",18100,3181
"52.5369797360524, 13.2710762177337","52.5121441, 13.3083771",5033,959
"52.5369797360524, 13.2710762177337","52.5087884, 13.378434",11349,2373
"52.5369797360524, 13.2710762177337","52.5019061, 13.3308361",10577,1999
"52.5369797360524, 13.2710762177337","52.5088651, 13.2707514",7231,1788
"52.5369797360524, 13.2710762177337","52.5264743, 13.39691",16908,3118
"52.5369797360524, 13.2710762177337","52.5106807, 13.419484",14567,2773
"52.5369797360524, 13.2710762177337","52.4602228, 13.5056519",23670,4330
"52.5369797360524, 13.2710762177337","52.474199, 13.141735",16843,3679
"52.5369797360524, 13.2710762177337","52.5021802, 13.364582",12096,2376
"52.5369797360524, 13.2710762177337","52.5205791, 13.4089041",14671,2674
"52.5369797360524, 13.2710762177337","52.4986678, 13.3566505",8929,2204
"52.5369797360524, 13.2710762177337","52.520848, 13.4084747",14674,2676
"52.5369797360524, 13.2710762177337","52.49694, 13.4540533",20029,3273
"52.5369797360524, 13.2710762177337","52.4840199, 13.4053429",15705,2624
"52.5369797360524, 13.2710762177337","52.5049039, 13.4431471",18028,3154
"52.5369797360524, 13.2710762177337","52.524042, 13.402083",14025,2557
"52.5369797360524, 13.2710762177337","52.5071871, 13.390676",14799,2547
"52.5369797360524, 13.2710762177337","52.4583565, 13.2889441",12325,2611
"52.5369797360524, 13.2710762177337","52.5112074, 13.4169157",14402,2633
"52.5369797360524, 13.2710762177337","52.440493, 13.3911183",19821,3356
"52.5358236126999, 13.3321055277494","52.5075075, 13.3903737",8207,2241
"52.5358236126999, 13.3321055277494","52.5542753, 13.3785425",6011,1735
"52.5358236126999, 13.3321055277494","52.5063, 13.3840159",12075,2366
"52.5358236126999, 13.3321055277494","52.5206458, 13.2932877",5553,1368
"52.5358236126999, 13.3321055277494","52.5239216, 13.3888786",6076,1934
"52.5358236126999, 13.3321055277494","52.5168416, 13.3816742",9987,1825
"52.5358236126999, 13.3321055277494","52.5040556, 13.3379413",5481,1636
"52.5358236126999, 13.3321055277494","52.5090125, 13.3792937",11035,2065
"52.5358236126999, 13.3321055277494","52.4983661, 13.3605076",6409,1701
"52.5358236126999, 13.3321055277494","52.5478117, 13.3892456",5072,993
"52.5358236126999, 13.3321055277494","52.5046782, 13.4490212",15387,2337
"52.5358236126999, 13.3321055277494","52.5136642, 13.4727613",12592,1797
"52.5358236126999, 13.3321055277494","52.5016098, 13.381181",11773,2365
"52.5358236126999, 13.3321055277494","52.5214137, 13.4034811",16598,2519
"52.5358236126999, 13.3321055277494","52.5176913, 13.4419715",14921,2651
"52.5358236126999, 13.3321055277494","52.517699, 13.3970326",7454,2441
"52.5358236126999, 13.3321055277494","52.5303108, 13.3186121",1238,1055
"52.5358236126999, 13.3321055277494","52.5146378, 13.3905283",7150,2145
"52.5358236126999, 13.3321055277494","52.5145186, 13.487322",13560,2617
"52.5358236126999, 13.3321055277494","52.5170316, 13.4012274",10205,2507
"52.5358236126999, 13.3321055277494","52.5207714, 13.3889021",6588,1978
"52.5358236126999, 13.3321055277494","52.5027268, 13.4453492",15787,2670
"52.5358236126999, 13.3321055277494","52.5284267, 13.3720175",8669,2086
"52.5358236126999, 13.3321055277494","52.5209131, 13.3871461",9227,1880
"52.5358236126999, 13.3321055277494","52.5304903, 13.3791152",5481,2034
"52.5358236126999, 13.3321055277494","52.4864896, 13.4217418",13536,2466
"52.5358236126999, 13.3321055277494","52.5215057, 13.4069139",9247,2087
"52.5358236126999, 13.3321055277494","52.5174377, 13.3898033",7013,2081
"52.5358236126999, 13.3321055277494","52.5111669, 13.4430356",16029,2838
"52.5358236126999, 13.3321055277494","52.5076615, 13.454537",15718,2573
"52.5358236126999, 13.3321055277494","52.5121441, 13.3083771",5320,1518
"52.5358236126999, 13.3321055277494","52.5087884, 13.378434",10244,2312
"52.5358236126999, 13.3321055277494","52.5019061, 13.3308361",5135,1355
"52.5358236126999, 13.3321055277494","52.5088651, 13.2707514",6941,1763
"52.5358236126999, 13.3321055277494","52.5264743, 13.39691",8988,2201
"52.5358236126999, 13.3321055277494","52.5106807, 13.419484",10346,2066
"52.5358236126999, 13.3321055277494","52.4602228, 13.5056519",21801,3183
"52.5358236126999, 13.3321055277494","52.474199, 13.141735",22103,4478
"52.5358236126999, 13.3321055277494","52.5021802, 13.364582",6796,2022
"52.5358236126999, 13.3321055277494","52.5205791, 13.4089041",9076,1947
"52.5358236126999, 13.3321055277494","52.4986678, 13.3566505",5829,1685
"52.5358236126999, 13.3321055277494","52.520848, 13.4084747",9079,1949
"52.5358236126999, 13.3321055277494","52.49694, 13.4540533",15808,2566
"52.5358236126999, 13.3321055277494","52.4840199, 13.4053429",15993,3183
"52.5358236126999, 13.3321055277494","52.5049039, 13.4431471",15790,2657
"52.5358236126999, 13.3321055277494","52.524042, 13.402083",8319,1836
"52.5358236126999, 13.3321055277494","52.5071871, 13.390676",8169,2211
"52.5358236126999, 13.3321055277494","52.4583565, 13.2889441",13566,2570
"52.5358236126999, 13.3321055277494","52.5112074, 13.4169157",10181,1926
"52.5358236126999, 13.3321055277494","52.440493, 13.3911183",15856,3249
"52.5302963162942, 13.3223767978595","52.5075075, 13.3903737",9631,2560
"52.5302963162942, 13.3223767978595","52.5542753, 13.3785425",7022,2031
"52.5302963162942, 13.3223767978595","52.5063, 13.3840159",6859,2371
"52.5302963162942, 13.3223767978595","52.5206458, 13.2932877",3218,1647
"52.5302963162942, 13.3223767978595","52.5239216, 13.3888786",5503,2053
"52.5302963162942, 13.3223767978595","52.5168416, 13.3816742",7008,2034
"52.5302963162942, 13.3223767978595","52.5040556, 13.3379413",5001,2072
"52.5302963162942, 13.3223767978595","52.5090125, 13.3792937",5921,2189
"52.5302963162942, 13.3223767978595","52.4983661, 13.3605076",6011,1851
"52.5302963162942, 13.3223767978595","52.5478117, 13.3892456",5879,1640
"52.5302963162942, 13.3223767978595","52.5046782, 13.4490212",16194,2984
"52.5302963162942, 13.3223767978595","52.5136642, 13.4727613",13399,2444
"52.5302963162942, 13.3223767978595","52.5016098, 13.381181",6431,2271
"52.5302963162942, 13.3223767978595","52.5214137, 13.4034811",7600,2472
"52.5302963162942, 13.3223767978595","52.5176913, 13.4419715",15728,3058
"52.5302963162942, 13.3223767978595","52.517699, 13.3970326",8878,2760
"52.5302963162942, 13.3223767978595","52.5303108, 13.3186121",257,212
"52.5302963162942, 13.3223767978595","52.5146378, 13.3905283",9614,2649
"52.5302963162942, 13.3223767978595","52.5145186, 13.487322",14367,3264
"52.5302963162942, 13.3223767978595","52.5170316, 13.4012274",10586,2827
"52.5302963162942, 13.3223767978595","52.5207714, 13.3889021",8939,2484
"52.5302963162942, 13.3223767978595","52.5027268, 13.4453492",16980,3419
"52.5302963162942, 13.3223767978595","52.5284267, 13.3720175",4314,2000
"52.5302963162942, 13.3223767978595","52.5209131, 13.3871461",5839,2080
"52.5302963162942, 13.3223767978595","52.5304903, 13.3791152",4931,2195
"52.5302963162942, 13.3223767978595","52.4864896, 13.4217418",15259,2844
"52.5302963162942, 13.3223767978595","52.5215057, 13.4069139",11425,3006
"52.5302963162942, 13.3223767978595","52.5174377, 13.3898033",8437,2400
"52.5302963162942, 13.3223767978595","52.5111669, 13.4430356",16836,3485
"52.5302963162942, 13.3223767978595","52.5076615, 13.454537",16525,3220
"52.5302963162942, 13.3223767978595","52.5121441, 13.3083771",4002,1530
"52.5302963162942, 13.3223767978595","52.5087884, 13.378434",5889,2163
"52.5302963162942, 13.3223767978595","52.5019061, 13.3308361",4655,1791
"52.5302963162942, 13.3223767978595","52.5088651, 13.2707514",7993,2315
"52.5302963162942, 13.3223767978595","52.5264743, 13.39691",9795,2758
"52.5302963162942, 13.3223767978595","52.5106807, 13.419484",12524,2985
"52.5302963162942, 13.3223767978595","52.4602228, 13.5056519",21417,4030
"52.5302963162942, 13.3223767978595","52.474199, 13.141735",22910,5125
"52.5302963162942, 13.3223767978595","52.5021802, 13.364582",6398,2172
"52.5302963162942, 13.3223767978595","52.5205791, 13.4089041",11254,2866
"52.5302963162942, 13.3223767978595","52.4986678, 13.3566505",5431,1835
"52.5302963162942, 13.3223767978595","52.520848, 13.4084747",11257,2868
"52.5302963162942, 13.3223767978595","52.49694, 13.4540533",16615,3213
"52.5302963162942, 13.3223767978595","52.4840199, 13.4053429",14675,3195
"52.5302963162942, 13.3223767978595","52.5049039, 13.4431471",16597,3304
"52.5302963162942, 13.3223767978595","52.524042, 13.402083",10497,2755
"52.5302963162942, 13.3223767978595","52.5071871, 13.390676",9593,2530
"52.5302963162942, 13.3223767978595","52.4583565, 13.2889441",14373,2917
"52.5302963162942, 13.3223767978595","52.5112074, 13.4169157",12359,2845
"52.5302963162942, 13.3223767978595","52.440493, 13.3911183",17280,3568
"52.5153785984356, 13.2803809927063","52.5075075, 13.3903737",10292,2399
"52.5153785984356, 13.2803809927063","52.5542753, 13.3785425",10704,2341
"52.5153785984356, 13.2803809927063","52.5063, 13.3840159",9679,2545
"52.5153785984356, 13.2803809927063","52.5206458, 13.2932877",1588,790
"52.5153785984356, 13.2803809927063","52.5239216, 13.3888786",10769,2300
"52.5153785984356, 13.2803809927063","52.5168416, 13.3816742",10156,2742
"52.5153785984356, 13.2803809927063","52.5040556, 13.3379413",4897,1485
"52.5153785984356, 13.2803809927063","52.5090125, 13.3792937",8896,1912
"52.5153785984356, 13.2803809927063","52.4983661, 13.3605076",6965,1700
"52.5153785984356, 13.2803809927063","52.5478117, 13.3892456",9765,1599
"52.5153785984356, 13.2803809927063","52.5046782, 13.4490212",16621,2985
"52.5153785984356, 13.2803809927063","52.5136642, 13.4727613",17285,2403
"52.5153785984356, 13.2803809927063","52.5016098, 13.381181",8672,2146
"52.5153785984356, 13.2803809927063","52.5214137, 13.4034811",12640,2459
"52.5153785984356, 13.2803809927063","52.5176913, 13.4419715",19614,3017
"52.5153785984356, 13.2803809927063","52.517699, 13.3970326",10966,3020
"52.5153785984356, 13.2803809927063","52.5303108, 13.3186121",6068,1770
"52.5153785984356, 13.2803809927063","52.5146378, 13.3905283",10200,2294
"52.5153785984356, 13.2803809927063","52.5145186, 13.487322",18253,3223
"52.5153785984356, 13.2803809927063","52.5170316, 13.4012274",11483,3027
"52.5153785984356, 13.2803809927063","52.5207714, 13.3889021",11467,2273
"52.5153785984356, 13.2803809927063","52.5027268, 13.4453492",20866,3378
"52.5153785984356, 13.2803809927063","52.5284267, 13.3720175",10406,2448
"52.5153785984356, 13.2803809927063","52.5209131, 13.3871461",11336,2216
"52.5153785984356, 13.2803809927063","52.5304903, 13.3791152",11676,2602
"52.5153785984356, 13.2803809927063","52.4864896, 13.4217418",17006,2862
"52.5153785984356, 13.2803809927063","52.5215057, 13.4069139",13397,2681
"52.5153785984356, 13.2803809927063","52.5174377, 13.3898033",10612,2826
"52.5153785984356, 13.2803809927063","52.5111669, 13.4430356",20722,3444
"52.5153785984356, 13.2803809927063","52.5076615, 13.454537",20411,3179
"52.5153785984356, 13.2803809927063","52.5121441, 13.3083771",2775,1036
"52.5153785984356, 13.2803809927063","52.5087884, 13.378434",8852,1870
"52.5153785984356, 13.2803809927063","52.5019061, 13.3308361",5285,1874
"52.5153785984356, 13.2803809927063","52.5088651, 13.2707514",1740,1015
"52.5153785984356, 13.2803809927063","52.5264743, 13.39691",13681,2717
"52.5153785984356, 13.2803809927063","52.5106807, 13.419484",15039,2672
"52.5153785984356, 13.2803809927063","52.4602228, 13.5056519",25303,3989
"52.5153785984356, 13.2803809927063","52.474199, 13.141735",17587,3716
"52.5153785984356, 13.2803809927063","52.5021802, 13.364582",7352,2013
"52.5153785984356, 13.2803809927063","52.5205791, 13.4089041",13291,2573
"52.5153785984356, 13.2803809927063","52.4986678, 13.3566505",6431,1701
"52.5153785984356, 13.2803809927063","52.520848, 13.4084747",13294,2575
"52.5153785984356, 13.2803809927063","52.49694, 13.4540533",19595,3146
"52.5153785984356, 13.2803809927063","52.4840199, 13.4053429",14019,3519
"52.5153785984356, 13.2803809927063","52.5049039, 13.4431471",17033,3316
"52.5153785984356, 13.2803809927063","52.524042, 13.402083",12645,2456
"52.5153785984356, 13.2803809927063","52.5071871, 13.390676",10324,2424
"52.5153785984356, 13.2803809927063","52.4583565, 13.2889441",9608,2510
"52.5153785984356, 13.2803809927063","52.5112074, 13.4169157",14874,2532
"52.5153785984356, 13.2803809927063","52.440493, 13.3911183",15077,3255
"52.5115145181763, 13.2578412110306","52.5075075, 13.3903737",12129,2584
"52.5115145181763, 13.2578412110306","52.5542753, 13.3785425",18068,3258
"52.5115145181763, 13.2578412110306","52.5063, 13.3840159",11515,2730
"52.5115145181763, 13.2578412110306","52.5206458, 13.2932877",3905,1749
"52.5115145181763, 13.2578412110306","52.5239216, 13.3888786",11937,2148
"52.5115145181763, 13.2578412110306","52.5168416, 13.3816742",12193,2354
"52.5115145181763, 13.2578412110306","52.5040556, 13.3379413",6734,1670
"52.5115145181763, 13.2578412110306","52.5090125, 13.3792937",10732,2097
"52.5115145181763, 13.2578412110306","52.4983661, 13.3605076",8802,1885
"52.5115145181763, 13.2578412110306","52.5478117, 13.3892456",13940,2411
"52.5115145181763, 13.2578412110306","52.5046782, 13.4490212",16759,2597
"52.5115145181763, 13.2578412110306","52.5136642, 13.4727613",21883,3118
"52.5115145181763, 13.2578412110306","52.5016098, 13.381181",10508,2331
"52.5115145181763, 13.2578412110306","52.5214137, 13.4034811",12777,2071
"52.5115145181763, 13.2578412110306","52.5176913, 13.4419715",15847,3349
"52.5115145181763, 13.2578412110306","52.517699, 13.3970326",13413,2571
"52.5115145181763, 13.2578412110306","52.5303108, 13.3186121",10243,2582
"52.5115145181763, 13.2578412110306","52.5146378, 13.3905283",12037,2479
"52.5115145181763, 13.2578412110306","52.5145186, 13.487322",19101,3990
"52.5115145181763, 13.2578412110306","52.5170316, 13.4012274",13378,2572
"52.5115145181763, 13.2578412110306","52.5207714, 13.3889021",11604,1885
"52.5115145181763, 13.2578412110306","52.5027268, 13.4453492",17159,2931
"52.5115145181763, 13.2578412110306","52.5284267, 13.3720175",10543,2060
"52.5115145181763, 13.2578412110306","52.5209131, 13.3871461",11473,1828
"52.5115145181763, 13.2578412110306","52.5304903, 13.3791152",11050,2454
"52.5115145181763, 13.2578412110306","52.4864896, 13.4217418",14863,2992
"52.5115145181763, 13.2578412110306","52.5215057, 13.4069139",13534,2293
"52.5115145181763, 13.2578412110306","52.5174377, 13.3898033",11897,2124
"52.5115145181763, 13.2578412110306","52.5111669, 13.4430356",17414,3132
"52.5115145181763, 13.2578412110306","52.5076615, 13.454537",17104,2867
"52.5115145181763, 13.2578412110306","52.5121441, 13.3083771",4612,1221
"52.5115145181763, 13.2578412110306","52.5087884, 13.378434",10688,2055
"52.5115145181763, 13.2578412110306","52.5019061, 13.3308361",5903,1908
"52.5115145181763, 13.2578412110306","52.5088651, 13.2707514",1710,780
"52.5115145181763, 13.2578412110306","52.5264743, 13.39691",13429,2589
"52.5115145181763, 13.2578412110306","52.5106807, 13.419484",14959,2696
"52.5115145181763, 13.2578412110306","52.4602228, 13.5056519",26302,4437
"52.5115145181763, 13.2578412110306","52.474199, 13.141735",14721,3419
"52.5115145181763, 13.2578412110306","52.5021802, 13.364582",9189,2198
"52.5115145181763, 13.2578412110306","52.5205791, 13.4089041",13428,2185
"52.5115145181763, 13.2578412110306","52.4986678, 13.3566505",8268,1886
"52.5115145181763, 13.2578412110306","52.520848, 13.4084747",13431,2187
"52.5115145181763, 13.2578412110306","52.49694, 13.4540533",19831,3358
"52.5115145181763, 13.2578412110306","52.4840199, 13.4053429",14279,3343
"52.5115145181763, 13.2578412110306","52.5049039, 13.4431471",17171,2928
"52.5115145181763, 13.2578412110306","52.524042, 13.402083",12782,2068
"52.5115145181763, 13.2578412110306","52.5071871, 13.390676",12161,2609
"52.5115145181763, 13.2578412110306","52.4583565, 13.2889441",10561,2949
"52.5115145181763, 13.2578412110306","52.5112074, 13.4169157",14686,2470
"52.5115145181763, 13.2578412110306","52.440493, 13.3911183",20886,3467
"52.5098461552411, 13.2706612937401","52.5075075, 13.3903737",10432,2039
"52.5098461552411, 13.2706612937401","52.5542753, 13.3785425",12048,2895
"52.5098461552411, 13.2706612937401","52.5063, 13.3840159",9819,2185
"52.5098461552411, 13.2706612937401","52.5206458, 13.2932877",2560,1472
"52.5098461552411, 13.2706612937401","52.5239216, 13.3888786",10399,2074
"52.5098461552411, 13.2706612937401","52.5168416, 13.3816742",10314,2173
"52.5098461552411, 13.2706612937401","52.5040556, 13.3379413",5037,1125
"52.5098461552411, 13.2706612937401","52.5090125, 13.3792937",9036,1552
"52.5098461552411, 13.2706612937401","52.4983661, 13.3605076",7105,1340
"52.5098461552411, 13.2706612937401","52.5478117, 13.3892456",11406,2037
"52.5098461552411, 13.2706612937401","52.5046782, 13.4490212",13337,2523
"52.5098461552411, 13.2706612937401","52.5136642, 13.4727613",18926,2841
"52.5098461552411, 13.2706612937401","52.5016098, 13.381181",8812,1786
"52.5098461552411, 13.2706612937401","52.5214137, 13.4034811",11226,1997
"52.5098461552411, 13.2706612937401","52.5176913, 13.4419715",15153,2975
"52.5098461552411, 13.2706612937401","52.517699, 13.3970326",11078,2347
"52.5098461552411, 13.2706612937401","52.5303108, 13.3186121",5925,1890
"52.5098461552411, 13.2706612937401","52.5146378, 13.3905283",10340,1934
"52.5098461552411, 13.2706612937401","52.5145186, 13.487322",18407,3616
"52.5098461552411, 13.2706612937401","52.5170316, 13.4012274",11083,2328
"52.5098461552411, 13.2706612937401","52.5207714, 13.3889021",10066,1811
"52.5098461552411, 13.2706612937401","52.5027268, 13.4453492",13725,2837
"52.5098461552411, 13.2706612937401","52.5284267, 13.3720175",8998,1986
"52.5098461552411, 13.2706612937401","52.5209131, 13.3871461",9935,1754
"52.5098461552411, 13.2706612937401","52.5304903, 13.3791152",12977,2898
"52.5098461552411, 13.2706612937401","52.4864896, 13.4217418",13960,2610
"52.5098461552411, 13.2706612937401","52.5215057, 13.4069139",13152,2526
"52.5098461552411, 13.2706612937401","52.5174377, 13.3898033",10600,2194
"52.5098461552411, 13.2706612937401","52.5111669, 13.4430356",15865,3058
"52.5098461552411, 13.2706612937401","52.5076615, 13.454537",15555,2793
"52.5098461552411, 13.2706612937401","52.5121441, 13.3083771",2915,676
"52.5098461552411, 13.2706612937401","52.5087884, 13.378434",8992,1510
"52.5098461552411, 13.2706612937401","52.5019061, 13.3308361",5166,1272
"52.5098461552411, 13.2706612937401","52.5088651, 13.2707514",124,126
"52.5098461552411, 13.2706612937401","52.5264743, 13.39691",11878,2515
"52.5098461552411, 13.2706612937401","52.5106807, 13.419484",12110,2436
"52.5098461552411, 13.2706612937401","52.4602228, 13.5056519",20949,4067
"52.5098461552411, 13.2706612937401","52.474199, 13.141735",15373,3237
"52.5098461552411, 13.2706612937401","52.5021802, 13.364582",7492,1653
"52.5098461552411, 13.2706612937401","52.5205791, 13.4089041",13010,2397
"52.5098461552411, 13.2706612937401","52.4986678, 13.3566505",6571,1341
"52.5098461552411, 13.2706612937401","52.520848, 13.4084747",13013,2399
"52.5098461552411, 13.2706612937401","52.49694, 13.4540533",15105,3163
"52.5098461552411, 13.2706612937401","52.4840199, 13.4053429",13376,2961
"52.5098461552411, 13.2706612937401","52.5049039, 13.4431471",13816,2891
"52.5098461552411, 13.2706612937401","52.524042, 13.402083",11231,1994
"52.5098461552411, 13.2706612937401","52.5071871, 13.390676",10464,2064
"52.5098461552411, 13.2706612937401","52.4583565, 13.2889441",9669,2120
"52.5098461552411, 13.2706612937401","52.5112074, 13.4169157",11899,2260
"52.5098461552411, 13.2706612937401","52.440493, 13.3911183",18413,3693
"52.5192384699814, 13.3029251684538","52.5075075, 13.3903737",9292,2349
"52.5192384699814, 13.3029251684538","52.5542753, 13.3785425",9443,2815
"52.5192384699814, 13.3029251684538","52.5063, 13.3840159",8777,2376
"52.5192384699814, 13.3029251684538","52.5206458, 13.2932877",1256,516
"52.5192384699814, 13.3029251684538","52.5239216, 13.3888786",13401,2698
"52.5192384699814, 13.3029251684538","52.5168416, 13.3816742",11460,2343
"52.5192384699814, 13.3029251684538","52.5040556, 13.3379413",4793,1406
"52.5192384699814, 13.3029251684538","52.5090125, 13.3792937",7606,1924
"52.5192384699814, 13.3029251684538","52.4983661, 13.3605076",7915,2021
"52.5192384699814, 13.3029251684538","52.5478117, 13.3892456",8460,1727
"52.5192384699814, 13.3029251684538","52.5046782, 13.4490212",13871,2603
"52.5192384699814, 13.3029251684538","52.5136642, 13.4727613",16008,2576
"52.5192384699814, 13.3029251684538","52.5016098, 13.381181",9431,1963
"52.5192384699814, 13.3029251684538","52.5214137, 13.4034811",10343,2377
"52.5192384699814, 13.3029251684538","52.5176913, 13.4419715",18337,3190
"52.5192384699814, 13.3029251684538","52.517699, 13.3970326",9110,2609
"52.5192384699814, 13.3029251684538","52.5303108, 13.3186121",2822,1289
"52.5192384699814, 13.3029251684538","52.5146378, 13.3905283",12466,2608
"52.5192384699814, 13.3029251684538","52.5145186, 13.487322",19121,3352
"52.5192384699814, 13.3029251684538","52.5170316, 13.4012274",9627,2616
"52.5192384699814, 13.3029251684538","52.5207714, 13.3889021",9752,1960
"52.5192384699814, 13.3029251684538","52.5027268, 13.4453492",14259,2917
"52.5192384699814, 13.3029251684538","52.5284267, 13.3720175",8659,2054
"52.5192384699814, 13.3029251684538","52.5209131, 13.3871461",9621,1903
"52.5192384699814, 13.3029251684538","52.5304903, 13.3791152",14315,2978
"52.5192384699814, 13.3029251684538","52.4864896, 13.4217418",12612,2090
"52.5192384699814, 13.3029251684538","52.5215057, 13.4069139",11612,2341
"52.5192384699814, 13.3029251684538","52.5174377, 13.3898033",12328,2472
"52.5192384699814, 13.3029251684538","52.5111669, 13.4430356",14525,3106
"52.5192384699814, 13.3029251684538","52.5076615, 13.454537",14669,3113
"52.5192384699814, 13.3029251684538","52.5121441, 13.3083771",1356,776
"52.5192384699814, 13.3029251684538","52.5087884, 13.378434",7562,1882
"52.5192384699814, 13.3029251684538","52.5019061, 13.3308361",4682,1376
"52.5192384699814, 13.3029251684538","52.5088651, 13.2707514",3442,1409
"52.5192384699814, 13.3029251684538","52.5264743, 13.39691",13231,2875
"52.5192384699814, 13.3029251684538","52.5106807, 13.419484",15976,3220
"52.5192384699814, 13.3029251684538","52.4602228, 13.5056519",22391,4532
"52.5192384699814, 13.3029251684538","52.474199, 13.141735",19623,3947
"52.5192384699814, 13.3029251684538","52.5021802, 13.364582",8418,2133
"52.5192384699814, 13.3029251684538","52.5205791, 13.4089041",11506,2233
"52.5192384699814, 13.3029251684538","52.4986678, 13.3566505",5142,1713
"52.5192384699814, 13.3029251684538","52.520848, 13.4084747",11509,2235
"52.5192384699814, 13.3029251684538","52.49694, 13.4540533",20464,3275
"52.5192384699814, 13.3029251684538","52.4840199, 13.4053429",12028,2441
"52.5192384699814, 13.3029251684538","52.5049039, 13.4431471",14350,3211
"52.5192384699814, 13.3029251684538","52.524042, 13.402083",10348,2314
"52.5192384699814, 13.3029251684538","52.5071871, 13.390676",11121,2304
"52.5192384699814, 13.3029251684538","52.4583565, 13.2889441",9148,2306
"52.5192384699814, 13.3029251684538","52.5112074, 13.4169157",15811,3080
"52.5192384699814, 13.3029251684538","52.440493, 13.3911183",16143,3113
"52.5120357394369, 13.3060234790956","52.5075075, 13.3903737",8206,1718
"52.5120357394369, 13.3060234790956","52.5542753, 13.3785425",13542,2481
"52.5120357394369, 13.3060234790956","52.5063, 13.3840159",7592,1864
"52.5120357394369, 13.3060234790956","52.5206458, 13.2932877",3070,1021
"52.5120357394369, 13.3060234790956","52.5239216, 13.3888786",8173,1753
"52.5120357394369, 13.3060234790956","52.5168416, 13.3816742",8087,1852
"52.5120357394369, 13.3060234790956","52.5040556, 13.3379413",2811,804
"52.5120357394369, 13.3060234790956","52.5090125, 13.3792937",6809,1231
"52.5120357394369, 13.3060234790956","52.4983661, 13.3605076",4878,1019
"52.5120357394369, 13.3060234790956","52.5478117, 13.3892456",12162,2013
"52.5120357394369, 13.3060234790956","52.5046782, 13.4490212",11110,2202
"52.5120357394369, 13.3060234790956","52.5136642, 13.4727613",19682,2817
"52.5120357394369, 13.3060234790956","52.5016098, 13.381181",6585,1465
"52.5120357394369, 13.3060234790956","52.5214137, 13.4034811",9000,1676
"52.5120357394369, 13.3060234790956","52.5176913, 13.4419715",12926,2654
"52.5120357394369, 13.3060234790956","52.517699, 13.3970326",8852,2026
"52.5120357394369, 13.3060234790956","52.5303108, 13.3186121",3666,1266
"52.5120357394369, 13.3060234790956","52.5146378, 13.3905283",8114,1613
"52.5120357394369, 13.3060234790956","52.5145186, 13.487322",16180,3295
"52.5120357394369, 13.3060234790956","52.5170316, 13.4012274",8857,2007
"52.5120357394369, 13.3060234790956","52.5207714, 13.3889021",7840,1490
"52.5120357394369, 13.3060234790956","52.5027268, 13.4453492",11498,2516
"52.5120357394369, 13.3060234790956","52.5284267, 13.3720175",6772,1665
"52.5120357394369, 13.3060234790956","52.5209131, 13.3871461",7709,1433
"52.5120357394369, 13.3060234790956","52.5304903, 13.3791152",13406,2484
"52.5120357394369, 13.3060234790956","52.4864896, 13.4217418",11703,1656
"52.5120357394369, 13.3060234790956","52.5215057, 13.4069139",10925,2205
"52.5120357394369, 13.3060234790956","52.5174377, 13.3898033",8374,1873
"52.5120357394369, 13.3060234790956","52.5111669, 13.4430356",13639,2737
"52.5120357394369, 13.3060234790956","52.5076615, 13.454537",13329,2472
"52.5120357394369, 13.3060234790956","52.5121441, 13.3083771",160,148
"52.5120357394369, 13.3060234790956","52.5087884, 13.378434",6765,1189
"52.5120357394369, 13.3060234790956","52.5019061, 13.3308361",2940,951
"52.5120357394369, 13.3060234790956","52.5088651, 13.2707514",2640,721
"52.5120357394369, 13.3060234790956","52.5264743, 13.39691",9652,2194
"52.5120357394369, 13.3060234790956","52.5106807, 13.419484",9883,2115
"52.5120357394369, 13.3060234790956","52.4602228, 13.5056519",18722,3746
"52.5120357394369, 13.3060234790956","52.474199, 13.141735",21374,4232
"52.5120357394369, 13.3060234790956","52.5021802, 13.364582",5265,1332
"52.5120357394369, 13.3060234790956","52.5205791, 13.4089041",10783,2076
"52.5120357394369, 13.3060234790956","52.4986678, 13.3566505",4345,1020
"52.5120357394369, 13.3060234790956","52.520848, 13.4084747",10786,2078
"52.5120357394369, 13.3060234790956","52.49694, 13.4540533",12878,2842
"52.5120357394369, 13.3060234790956","52.4840199, 13.4053429",11119,2007
"52.5120357394369, 13.3060234790956","52.5049039, 13.4431471",11589,2570
"52.5120357394369, 13.3060234790956","52.524042, 13.402083",9005,1673
"52.5120357394369, 13.3060234790956","52.5071871, 13.390676",8238,1743
"52.5120357394369, 13.3060234790956","52.4583565, 13.2889441",7738,1934
"52.5120357394369, 13.3060234790956","52.5112074, 13.4169157",9672,1939
"52.5120357394369, 13.3060234790956","52.440493, 13.3911183",15234,2679
"52.5264402352971, 13.2998262223331","52.5075075, 13.3903737",10189,2448
"52.5264402352971, 13.2998262223331","52.5542753, 13.3785425",8926,2388
"52.5264402352971, 13.2998262223331","52.5063, 13.3840159",9674,2475
"52.5264402352971, 13.2998262223331","52.5206458, 13.2932877",1835,906
"52.5264402352971, 13.2998262223331","52.5239216, 13.3888786",8448,2013
"52.5264402352971, 13.2998262223331","52.5168416, 13.3816742",11049,2738
"52.5264402352971, 13.2998262223331","52.5040556, 13.3379413",5690,1505
"52.5264402352971, 13.2998262223331","52.5090125, 13.3792937",8254,1899
"52.5264402352971, 13.2998262223331","52.4983661, 13.3605076",7663,2325
"52.5264402352971, 13.2998262223331","52.5478117, 13.3892456",7444,1312
"52.5264402352971, 13.2998262223331","52.5046782, 13.4490212",15577,2927
"52.5264402352971, 13.2998262223331","52.5136642, 13.4727613",14964,2116
"52.5264402352971, 13.2998262223331","52.5016098, 13.381181",9245,2375
"52.5264402352971, 13.2998262223331","52.5214137, 13.4034811",11596,2401
"52.5264402352971, 13.2998262223331","52.5176913, 13.4419715",12308,2742
"52.5264402352971, 13.2998262223331","52.517699, 13.3970326",8828,2284
"52.5264402352971, 13.2998262223331","52.5303108, 13.3186121",2305,862
"52.5264402352971, 13.2998262223331","52.5146378, 13.3905283",9522,2224
"52.5264402352971, 13.2998262223331","52.5145186, 13.487322",15932,2936
"52.5264402352971, 13.2998262223331","52.5170316, 13.4012274",8924,2298
"52.5264402352971, 13.2998262223331","52.5207714, 13.3889021",10649,2059
"52.5264402352971, 13.2998262223331","52.5027268, 13.4453492",18545,3091
"52.5264402352971, 13.2998262223331","52.5284267, 13.3720175",6626,1631
"52.5264402352971, 13.2998262223331","52.5209131, 13.3871461",10518,2002
"52.5264402352971, 13.2998262223331","52.5304903, 13.3791152",7133,1967
"52.5264402352971, 13.2998262223331","52.4864896, 13.4217418",13677,2211
"52.5264402352971, 13.2998262223331","52.5215057, 13.4069139",12509,2440
"52.5264402352971, 13.2998262223331","52.5174377, 13.3898033",10942,2298
"52.5264402352971, 13.2998262223331","52.5111669, 13.4430356",15422,3205
"52.5264402352971, 13.2998262223331","52.5076615, 13.454537",18090,2892
"52.5264402352971, 13.2998262223331","52.5121441, 13.3083771",2693,1079
"52.5264402352971, 13.2998262223331","52.5087884, 13.378434",8201,1857
"52.5264402352971, 13.2998262223331","52.5019061, 13.3308361",5579,1475
"52.5264402352971, 13.2998262223331","52.5088651, 13.2707514",5249,2000
"52.5264402352971, 13.2998262223331","52.5264743, 13.39691",8971,2392
"52.5264402352971, 13.2998262223331","52.5106807, 13.419484",12718,2385
"52.5264402352971, 13.2998262223331","52.4602228, 13.5056519",22982,3702
"52.5264402352971, 13.2998262223331","52.474199, 13.141735",20108,4337
"52.5264402352971, 13.2998262223331","52.5021802, 13.364582",8560,2367
"52.5264402352971, 13.2998262223331","52.5205791, 13.4089041",12403,2332
"52.5264402352971, 13.2998262223331","52.4986678, 13.3566505",7088,2239
"52.5264402352971, 13.2998262223331","52.520848, 13.4084747",12406,2334
"52.5264402352971, 13.2998262223331","52.49694, 13.4540533",18180,2885
"52.5264402352971, 13.2998262223331","52.4840199, 13.4053429",13093,2562
"52.5264402352971, 13.2998262223331","52.5049039, 13.4431471",15989,3258
"52.5264402352971, 13.2998262223331","52.524042, 13.402083",11601,2398
"52.5264402352971, 13.2998262223331","52.5071871, 13.390676",10152,2420
"52.5264402352971, 13.2998262223331","52.4583565, 13.2889441",10045,2405
"52.5264402352971, 13.2998262223331","52.5112074, 13.4169157",12553,2245
"52.5264402352971, 13.2998262223331","52.440493, 13.3911183",21406,3383
"52.5247679352433, 13.3126500114349","52.5075075, 13.3903737",10708,2614
"52.5247679352433, 13.3126500114349","52.5542753, 13.3785425",8099,2085
"52.5247679352433, 13.3126500114349","52.5063, 13.3840159",7931,2450
"52.5247679352433, 13.3126500114349","52.5206458, 13.2932877",1668,1383
"52.5247679352433, 13.3126500114349","52.5239216, 13.3888786",6395,2173
"52.5247679352433, 13.3126500114349","52.5168416, 13.3816742",8080,2113
"52.5247679352433, 13.3126500114349","52.5040556, 13.3379413",5803,1868
"52.5247679352433, 13.3126500114349","52.5090125, 13.3792937",8919,2469
"52.5247679352433, 13.3126500114349","52.4983661, 13.3605076",7083,1930
"52.5247679352433, 13.3126500114349","52.5478117, 13.3892456",8310,2251
"52.5247679352433, 13.3126500114349","52.5046782, 13.4490212",15075,2840
"52.5247679352433, 13.3126500114349","52.5136642, 13.4727613",16577,2610
"52.5247679352433, 13.3126500114349","52.5016098, 13.381181",10635,2200
"52.5247679352433, 13.3126500114349","52.5214137, 13.4034811",8677,2526
"52.5247679352433, 13.3126500114349","52.5176913, 13.4419715",14561,3504
"52.5247679352433, 13.3126500114349","52.517699, 13.3970326",9955,2814
"52.5247679352433, 13.3126500114349","52.5303108, 13.3186121",1478,559
"52.5247679352433, 13.3126500114349","52.5146378, 13.3905283",10691,2703
"52.5247679352433, 13.3126500114349","52.5145186, 13.487322",17815,4145
"52.5247679352433, 13.3126500114349","52.5170316, 13.4012274",11663,2881
"52.5247679352433, 13.3126500114349","52.5207714, 13.3889021",10016,2538
"52.5247679352433, 13.3126500114349","52.5027268, 13.4453492",15463,3154
"52.5247679352433, 13.3126500114349","52.5284267, 13.3720175",5391,2054
"52.5247679352433, 13.3126500114349","52.5209131, 13.3871461",6731,2200
"52.5247679352433, 13.3126500114349","52.5304903, 13.3791152",6008,2249
"52.5247679352433, 13.3126500114349","52.4864896, 13.4217418",13816,2327
"52.5247679352433, 13.3126500114349","52.5215057, 13.4069139",12502,3060
"52.5247679352433, 13.3126500114349","52.5174377, 13.3898033",9514,2454
"52.5247679352433, 13.3126500114349","52.5111669, 13.4430356",16183,3675
"52.5247679352433, 13.3126500114349","52.5076615, 13.454537",15626,3235
"52.5247679352433, 13.3126500114349","52.5121441, 13.3083771",2559,1013
"52.5247679352433, 13.3126500114349","52.5087884, 13.378434",8875,2427
"52.5247679352433, 13.3126500114349","52.5019061, 13.3308361",5732,1845
"52.5247679352433, 13.3126500114349","52.5088651, 13.2707514",4757,1902
"52.5247679352433, 13.3126500114349","52.5264743, 13.39691",7716,3086
"52.5247679352433, 13.3126500114349","52.5106807, 13.419484",13601,3039
"52.5247679352433, 13.3126500114349","52.4602228, 13.5056519",23594,4829
"52.5247679352433, 13.3126500114349","52.474199, 13.141735",20247,4453
"52.5247679352433, 13.3126500114349","52.5021802, 13.364582",7470,2251
"52.5247679352433, 13.3126500114349","52.5205791, 13.4089041",12198,2728
"52.5247679352433, 13.3126500114349","52.4986678, 13.3566505",6503,1914
"52.5247679352433, 13.3126500114349","52.520848, 13.4084747",12201,2730
"52.5247679352433, 13.3126500114349","52.49694, 13.4540533",22998,3593
"52.5247679352433, 13.3126500114349","52.4840199, 13.4053429",13232,2678
"52.5247679352433, 13.3126500114349","52.5049039, 13.4431471",15554,3208
"52.5247679352433, 13.3126500114349","52.524042, 13.402083",11552,2611
"52.5247679352433, 13.3126500114349","52.5071871, 13.390676",12325,2601
"52.5247679352433, 13.3126500114349","52.4583565, 13.2889441",9851,2665
"52.5247679352433, 13.3126500114349","52.5112074, 13.4169157",13436,2899
"52.5247679352433, 13.3126500114349","52.440493, 13.3911183",17347,3410
"52.5458445845274, 13.2551467233971","52.5075075, 13.3903737",17034,3845
"52.5458445845274, 13.2551467233971","52.5542753, 13.3785425",15211,2967
"52.5458445845274, 13.2551467233971","52.5063, 13.3840159",15894,3843
"52.5458445845274, 13.2551467233971","52.5206458, 13.2932877",7901,2836
"52.5458445845274, 13.2551467233971","52.5239216, 13.3888786",22271,3785
"52.5458445845274, 13.2551467233971","52.5168416, 13.3816742",20509,3702
"52.5458445845274, 13.2551467233971","52.5040556, 13.3379413",10474,3382
"52.5458445845274, 13.2551467233971","52.5090125, 13.3792937",12397,3255
"52.5458445845274, 13.2551467233971","52.4983661, 13.3605076",13790,3472
"52.5458445845274, 13.2551467233971","52.5478117, 13.3892456",15479,2827
"52.5458445845274, 13.2551467233971","52.5046782, 13.4490212",22531,4016
"52.5458445845274, 13.2551467233971","52.5136642, 13.4727613",23145,3884
"52.5458445845274, 13.2551467233971","52.5016098, 13.381181",15306,3414
"52.5458445845274, 13.2551467233971","52.5214137, 13.4034811",18996,3597
"52.5458445845274, 13.2551467233971","52.5176913, 13.4419715",21582,4018
"52.5458445845274, 13.2551467233971","52.517699, 13.3970326",20374,3980
"52.5458445845274, 13.2551467233971","52.5303108, 13.3186121",11377,3013
"52.5458445845274, 13.2551467233971","52.5146378, 13.3905283",22620,4145
"52.5458445845274, 13.2551467233971","52.5145186, 13.487322",24836,4659
"52.5458445845274, 13.2551467233971","52.5170316, 13.4012274",20481,3994
"52.5458445845274, 13.2551467233971","52.5207714, 13.3889021",22029,3640
"52.5458445845274, 13.2551467233971","52.5027268, 13.4453492",22620,4452
"52.5458445845274, 13.2551467233971","52.5284267, 13.3720175",10745,3179
"52.5458445845274, 13.2551467233971","52.5209131, 13.3871461",21888,3517
"52.5458445845274, 13.2551467233971","52.5304903, 13.3791152",20892,3859
"52.5458445845274, 13.2551467233971","52.4864896, 13.4217418",18486,3541
"52.5458445845274, 13.2551467233971","52.5215057, 13.4069139",19523,3574
"52.5458445845274, 13.2551467233971","52.5174377, 13.3898033",22338,3894
"52.5458445845274, 13.2551467233971","52.5111669, 13.4430356",23186,4551
"52.5458445845274, 13.2551467233971","52.5076615, 13.454537",22876,4286
"52.5458445845274, 13.2551467233971","52.5121441, 13.3083771",7230,2227
"52.5458445845274, 13.2551467233971","52.5087884, 13.378434",12344,3213
"52.5458445845274, 13.2551467233971","52.5019061, 13.3308361",12774,3267
"52.5458445845274, 13.2551467233971","52.5088651, 13.2707514",9428,3116
"52.5458445845274, 13.2551467233971","52.5264743, 13.39691",19164,3780
"52.5458445845274, 13.2551467233971","52.5106807, 13.419484",20622,3553
"52.5458445845274, 13.2551467233971","52.4602228, 13.5056519",25949,5356
"52.5458445845274, 13.2551467233971","52.474199, 13.141735",16608,4819
"52.5458445845274, 13.2551467233971","52.5021802, 13.364582",14538,3644
"52.5458445845274, 13.2551467233971","52.5205791, 13.4089041",19352,3434
"52.5458445845274, 13.2551467233971","52.4986678, 13.3566505",11126,3472
"52.5458445845274, 13.2551467233971","52.520848, 13.4084747",19355,3436
"52.5458445845274, 13.2551467233971","52.49694, 13.4540533",26361,4653
"52.5458445845274, 13.2551467233971","52.4840199, 13.4053429",17903,3892
"52.5458445845274, 13.2551467233971","52.5049039, 13.4431471",22624,4446
"52.5458445845274, 13.2551467233971","52.524042, 13.402083",18595,3323
"52.5458445845274, 13.2551467233971","52.5071871, 13.390676",16996,3815
"52.5458445845274, 13.2551467233971","52.4583565, 13.2889441",14522,3879
"52.5458445845274, 13.2551467233971","52.5112074, 13.4169157",20457,3413
"52.5458445845274, 13.2551467233971","52.440493, 13.3911183",22018,4624
"52.5235888219395, 13.3736762748021","52.5075075, 13.3903737",3662,1165
"52.5235888219395, 13.3736762748021","52.5542753, 13.3785425",8493,1964
"52.5235888219395, 13.3736762748021","52.5063, 13.3840159",3107,1115
"52.5235888219395, 13.3736762748021","52.5206458, 13.2932877",9031,1769
"52.5235888219395, 13.3736762748021","52.5239216, 13.3888786",1667,584
"52.5235888219395, 13.3736762748021","52.5168416, 13.3816742",1886,707
"52.5235888219395, 13.3736762748021","52.5040556, 13.3379413",4579,1288
"52.5235888219395, 13.3736762748021","52.5090125, 13.3792937",2655,686
"52.5235888219395, 13.3736762748021","52.4983661, 13.3605076",4884,1362
"52.5235888219395, 13.3736762748021","52.5478117, 13.3892456",4874,733
"52.5235888219395, 13.3736762748021","52.5046782, 13.4490212",7183,1303
"52.5235888219395, 13.3736762748021","52.5136642, 13.4727613",8616,1561
"52.5235888219395, 13.3736762748021","52.5016098, 13.381181",3500,1021
"52.5235888219395, 13.3736762748021","52.5214137, 13.4034811",3202,777
"52.5235888219395, 13.3736762748021","52.5176913, 13.4419715",6538,1351
"52.5235888219395, 13.3736762748021","52.517699, 13.3970326",3058,893
"52.5235888219395, 13.3736762748021","52.5303108, 13.3186121",4232,1588
"52.5235888219395, 13.3736762748021","52.5146378, 13.3905283",2614,892
"52.5235888219395, 13.3736762748021","52.5145186, 13.487322",9792,1992
"52.5235888219395, 13.3736762748021","52.5170316, 13.4012274",3154,907
"52.5235888219395, 13.3736762748021","52.5207714, 13.3889021",2083,643
"52.5235888219395, 13.3736762748021","52.5027268, 13.4453492",7583,1637
"52.5235888219395, 13.3736762748021","52.5284267, 13.3720175",704,582
"52.5235888219395, 13.3736762748021","52.5209131, 13.3871461",1952,586
"52.5235888219395, 13.3736762748021","52.5304903, 13.3791152",1050,865
"52.5235888219395, 13.3736762748021","52.4864896, 13.4217418",8622,1820
"52.5235888219395, 13.3736762748021","52.5215057, 13.4069139",3942,1024
"52.5235888219395, 13.3736762748021","52.5174377, 13.3898033",2403,745
"52.5235888219395, 13.3736762748021","52.5111669, 13.4430356",6927,1549
"52.5235888219395, 13.3736762748021","52.5076615, 13.454537",7528,1573
"52.5235888219395, 13.3736762748021","52.5121441, 13.3083771",6350,1525
"52.5235888219395, 13.3736762748021","52.5087884, 13.378434",2585,832
"52.5235888219395, 13.3736762748021","52.5019061, 13.3308361",4710,1316
"52.5235888219395, 13.3736762748021","52.5088651, 13.2707514",9058,2015
"52.5235888219395, 13.3736762748021","52.5264743, 13.39691",3854,1295
"52.5235888219395, 13.3736762748021","52.5106807, 13.419484",5383,1402
"52.5235888219395, 13.3736762748021","52.4602228, 13.5056519",16168,2765
"52.5235888219395, 13.3736762748021","52.474199, 13.141735",24703,3814
"52.5235888219395, 13.3736762748021","52.5021802, 13.364582",4779,1515
"52.5235888219395, 13.3736762748021","52.5205791, 13.4089041",3836,916
"52.5235888219395, 13.3736762748021","52.4986678, 13.3566505",6283,1771
"52.5235888219395, 13.3736762748021","52.520848, 13.4084747",3839,918
"52.5235888219395, 13.3736762748021","52.49694, 13.4540533",7585,2488
"52.5235888219395, 13.3736762748021","52.4840199, 13.4053429",8173,2753
"52.5235888219395, 13.3736762748021","52.5049039, 13.4431471",7595,1694
"52.5235888219395, 13.3736762748021","52.524042, 13.402083",3207,834
"52.5235888219395, 13.3736762748021","52.5071871, 13.390676",3678,1193
"52.5235888219395, 13.3736762748021","52.4583565, 13.2889441",17044,2671
"52.5235888219395, 13.3736762748021","52.5112074, 13.4169157",5110,1236
"52.5235888219395, 13.3736762748021","52.440493, 13.3911183",11365,2231
"52.521908186303, 13.3865009620312","52.5075075, 13.3903737",2137,668
"52.521908186303, 13.3865009620312","52.5542753, 13.3785425",5653,1743
"52.521908186303, 13.3865009620312","52.5063, 13.3840159",3352,1041
"52.521908186303, 13.3865009620312","52.5206458, 13.2932877",9327,2231
"52.521908186303, 13.3865009620312","52.5239216, 13.3888786",417,359
"52.521908186303, 13.3865009620312","52.5168416, 13.3816742",1264,500
"52.521908186303, 13.3865009620312","52.5040556, 13.3379413",6077,1484
"52.521908186303, 13.3865009620312","52.5090125, 13.3792937",2312,740
"52.521908186303, 13.3865009620312","52.4983661, 13.3605076",5776,1376
"52.521908186303, 13.3865009620312","52.5478117, 13.3892456",4787,1001
"52.521908186303, 13.3865009620312","52.5046782, 13.4490212",5681,1039
"52.521908186303, 13.3865009620312","52.5136642, 13.4727613",7102,1681
"52.521908186303, 13.3865009620312","52.5016098, 13.381181",3050,800
"52.521908186303, 13.3865009620312","52.5214137, 13.4034811",1697,513
"52.521908186303, 13.3865009620312","52.5176913, 13.4419715",5024,1471
"52.521908186303, 13.3865009620312","52.517699, 13.3970326",1385,868
"52.521908186303, 13.3865009620312","52.5303108, 13.3186121",5409,1996
"52.521908186303, 13.3865009620312","52.5146378, 13.3905283",1081,572
"52.521908186303, 13.3865009620312","52.5145186, 13.487322",8278,2112
"52.521908186303, 13.3865009620312","52.5170316, 13.4012274",2058,679
"52.521908186303, 13.3865009620312","52.5207714, 13.3889021",368,309
"52.521908186303, 13.3865009620312","52.5027268, 13.4453492",6081,1373
"52.521908186303, 13.3865009620312","52.5284267, 13.3720175",2278,938
"52.521908186303, 13.3865009620312","52.5209131, 13.3871461",337,289
"52.521908186303, 13.3865009620312","52.5304903, 13.3791152",1608,799
"52.521908186303, 13.3865009620312","52.4864896, 13.4217418",6269,1853
"52.521908186303, 13.3865009620312","52.5215057, 13.4069139",2454,735
"52.521908186303, 13.3865009620312","52.5174377, 13.3898033",944,508
"52.521908186303, 13.3865009620312","52.5111669, 13.4430356",6336,1574
"52.521908186303, 13.3865009620312","52.5076615, 13.454537",6026,1309
"52.521908186303, 13.3865009620312","52.5121441, 13.3083771",7648,1931
"52.521908186303, 13.3865009620312","52.5087884, 13.378434",2304,708
"52.521908186303, 13.3865009620312","52.5019061, 13.3308361",6008,1422
"52.521908186303, 13.3865009620312","52.5088651, 13.2707514",12136,2336
"52.521908186303, 13.3865009620312","52.5264743, 13.39691",1711,907
"52.521908186303, 13.3865009620312","52.5106807, 13.419484",3877,1138
"52.521908186303, 13.3865009620312","52.4602228, 13.5056519",14625,2437
"52.521908186303, 13.3865009620312","52.474199, 13.141735",29183,4972
"52.521908186303, 13.3865009620312","52.5021802, 13.364582",3561,1336
"52.521908186303, 13.3865009620312","52.5205791, 13.4089041",2348,627
"52.521908186303, 13.3865009620312","52.4986678, 13.3566505",6057,1626
"52.521908186303, 13.3865009620312","52.520848, 13.4084747",2351,629
"52.521908186303, 13.3865009620312","52.49694, 13.4540533",8776,2201
"52.521908186303, 13.3865009620312","52.4840199, 13.4053429",5784,2005
"52.521908186303, 13.3865009620312","52.5049039, 13.4431471",6093,1370
"52.521908186303, 13.3865009620312","52.524042, 13.402083",1702,510
"52.521908186303, 13.3865009620312","52.5071871, 13.390676",2099,638
"52.521908186303, 13.3865009620312","52.4583565, 13.2889441",12352,2499
"52.521908186303, 13.3865009620312","52.5112074, 13.4169157",3604,912
"52.521908186303, 13.3865009620312","52.440493, 13.3911183",9786,1676
"52.529112867957, 13.383410015698","52.5075075, 13.3903737",3614,1018
"52.529112867957, 13.383410015698","52.5542753, 13.3785425",5105,1685
"52.529112867957, 13.383410015698","52.5063, 13.3840159",5525,1714
"52.529112867957, 13.383410015698","52.5206458, 13.2932877",10378,2659
"52.529112867957, 13.383410015698","52.5239216, 13.3888786",799,658
"52.529112867957, 13.383410015698","52.5168416, 13.3816742",3434,1173
"52.529112867957, 13.383410015698","52.5040556, 13.3379413",5697,1922
"52.529112867957, 13.383410015698","52.5090125, 13.3792937",4482,1413
"52.529112867957, 13.383410015698","52.4983661, 13.3605076",6183,1955
"52.529112867957, 13.383410015698","52.5478117, 13.3892456",3593,1218
"52.529112867957, 13.383410015698","52.5046782, 13.4490212",6617,1812
"52.529112867957, 13.383410015698","52.5136642, 13.4727613",7543,1993
"52.529112867957, 13.383410015698","52.5016098, 13.381181",5223,1473
"52.529112867957, 13.383410015698","52.5214137, 13.4034811",1776,649
"52.529112867957, 13.383410015698","52.5176913, 13.4419715",5674,1852
"52.529112867957, 13.383410015698","52.517699, 13.3970326",2532,1175
"52.529112867957, 13.383410015698","52.5303108, 13.3186121",5501,2235
"52.529112867957, 13.383410015698","52.5146378, 13.3905283",2557,922
"52.529112867957, 13.383410015698","52.5145186, 13.487322",8719,2424
"52.529112867957, 13.383410015698","52.5170316, 13.4012274",2414,1104
"52.529112867957, 13.383410015698","52.5207714, 13.3889021",1995,755
"52.529112867957, 13.383410015698","52.5027268, 13.4453492",8909,2692
"52.529112867957, 13.383410015698","52.5284267, 13.3720175",1666,819
"52.529112867957, 13.383410015698","52.5209131, 13.3871461",1963,765
"52.529112867957, 13.383410015698","52.5304903, 13.3791152",701,585
"52.529112867957, 13.383410015698","52.4864896, 13.4217418",7745,2143
"52.529112867957, 13.383410015698","52.5215057, 13.4069139",2156,873
"52.529112867957, 13.383410015698","52.5174377, 13.3898033",2420,858
"52.529112867957, 13.383410015698","52.5111669, 13.4430356",8896,2909
"52.529112867957, 13.383410015698","52.5076615, 13.454537",8526,2622
"52.529112867957, 13.383410015698","52.5121441, 13.3083771",10510,2428
"52.529112867957, 13.383410015698","52.5087884, 13.378434",4474,1381
"52.529112867957, 13.383410015698","52.5019061, 13.3308361",8640,2229
"52.529112867957, 13.383410015698","52.5088651, 13.2707514",13218,2918
"52.529112867957, 13.383410015698","52.5264743, 13.39691",1670,833
"52.529112867957, 13.383410015698","52.5106807, 13.419484",4197,1792
"52.529112867957, 13.383410015698","52.4602228, 13.5056519",13091,3491
"52.529112867957, 13.383410015698","52.474199, 13.141735",25824,4570
"52.529112867957, 13.383410015698","52.5021802, 13.364582",5421,1739
"52.529112867957, 13.383410015698","52.5205791, 13.4089041",2727,949
"52.529112867957, 13.383410015698","52.4986678, 13.3566505",6416,2127
"52.529112867957, 13.383410015698","52.520848, 13.4084747",2730,951
"52.529112867957, 13.383410015698","52.49694, 13.4540533",7247,2587
"52.529112867957, 13.383410015698","52.4840199, 13.4053429",7260,2355
"52.529112867957, 13.383410015698","52.5049039, 13.4431471",7029,2143
"52.529112867957, 13.383410015698","52.524042, 13.402083",2040,864
"52.529112867957, 13.383410015698","52.5071871, 13.390676",3576,988
"52.529112867957, 13.383410015698","52.4583565, 13.2889441",18793,3279
"52.529112867957, 13.383410015698","52.5112074, 13.4169157",3986,1616
"52.529112867957, 13.383410015698","52.440493, 13.3911183",11263,2026
"52.5252679527053, 13.3608515134859","52.5075075, 13.3903737",6033,1517
"52.5252679527053, 13.3608515134859","52.5542753, 13.3785425",5004,1634
"52.5252679527053, 13.3608515134859","52.5063, 13.3840159",4612,1536
"52.5252679527053, 13.3608515134859","52.5206458, 13.2932877",7826,2290
"52.5252679527053, 13.3608515134859","52.5239216, 13.3888786",2737,902
"52.5252679527053, 13.3608515134859","52.5168416, 13.3816742",2277,1043
"52.5252679527053, 13.3608515134859","52.5040556, 13.3379413",4080,1354
"52.5252679527053, 13.3608515134859","52.5090125, 13.3792937",3660,1266
"52.5252679527053, 13.3608515134859","52.4983661, 13.3605076",4669,1204
"52.5252679527053, 13.3608515134859","52.5478117, 13.3892456",5231,1107
"52.5252679527053, 13.3608515134859","52.5046782, 13.4490212",7531,1680
"52.5252679527053, 13.3608515134859","52.5136642, 13.4727613",9007,1897
"52.5252679527053, 13.3608515134859","52.5016098, 13.381181",4561,1479
"52.5252679527053, 13.3608515134859","52.5214137, 13.4034811",3615,1187
"52.5252679527053, 13.3608515134859","52.5176913, 13.4419715",6929,1687
"52.5252679527053, 13.3608515134859","52.517699, 13.3970326",3449,1229
"52.5252679527053, 13.3608515134859","52.5303108, 13.3186121",3718,1551
"52.5252679527053, 13.3608515134859","52.5146378, 13.3905283",3718,1184
"52.5252679527053, 13.3608515134859","52.5145186, 13.487322",10183,2328
"52.5252679527053, 13.3608515134859","52.5170316, 13.4012274",4690,1362
"52.5252679527053, 13.3608515134859","52.5207714, 13.3889021",3212,1054
"52.5252679527053, 13.3608515134859","52.5027268, 13.4453492",10223,2905
"52.5252679527053, 13.3608515134859","52.5284267, 13.3720175",1052,549
"52.5252679527053, 13.3608515134859","52.5209131, 13.3871461",3073,929
"52.5252679527053, 13.3608515134859","52.5304903, 13.3791152",1669,744
"52.5252679527053, 13.3608515134859","52.4864896, 13.4217418",8287,2239
"52.5252679527053, 13.3608515134859","52.5215057, 13.4069139",3995,1411
"52.5252679527053, 13.3608515134859","52.5174377, 13.3898033",3436,1161
"52.5252679527053, 13.3608515134859","52.5111669, 13.4430356",8186,2215
"52.5252679527053, 13.3608515134859","52.5076615, 13.454537",7876,1950
"52.5252679527053, 13.3608515134859","52.5121441, 13.3083771",7617,1918
"52.5252679527053, 13.3608515134859","52.5087884, 13.378434",3607,1224
"52.5252679527053, 13.3608515134859","52.5019061, 13.3308361",4987,1546
"52.5252679527053, 13.3608515134859","52.5088651, 13.2707514",10325,2408
"52.5252679527053, 13.3608515134859","52.5264743, 13.39691",3509,1371
"52.5252679527053, 13.3608515134859","52.5106807, 13.419484",7111,2134
"52.5252679527053, 13.3608515134859","52.4602228, 13.5056519",14815,3677
"52.5252679527053, 13.3608515134859","52.474199, 13.141735",25060,4128
"52.5252679527053, 13.3608515134859","52.5021802, 13.364582",5056,1525
"52.5252679527053, 13.3608515134859","52.5205791, 13.4089041",4201,1268
"52.5252679527053, 13.3608515134859","52.4986678, 13.3566505",4089,1128
"52.5252679527053, 13.3608515134859","52.520848, 13.4084747",4204,1270
"52.5252679527053, 13.3608515134859","52.49694, 13.4540533",8971,2773
"52.5252679527053, 13.3608515134859","52.4840199, 13.4053429",9490,2689
"52.5252679527053, 13.3608515134859","52.5049039, 13.4431471",7943,2011
"52.5252679527053, 13.3608515134859","52.524042, 13.402083",3555,1151
"52.5252679527053, 13.3608515134859","52.5071871, 13.390676",5996,1489
"52.5252679527053, 13.3608515134859","52.4583565, 13.2889441",11903,3178
"52.5252679527053, 13.3608515134859","52.5112074, 13.4169157",5458,1553
"52.5252679527053, 13.3608515134859","52.440493, 13.3911183",12637,2717
"52.5257484652766, 13.4090618143482","52.5075075, 13.3903737",4415,1464
"52.5257484652766, 13.4090618143482","52.5542753, 13.3785425",4465,1197
"52.5257484652766, 13.4090618143482","52.5063, 13.3840159",5733,1905
"52.5257484652766, 13.4090618143482","52.5206458, 13.2932877",11364,2703
"52.5257484652766, 13.4090618143482","52.5239216, 13.3888786",1997,1083
"52.5257484652766, 13.4090618143482","52.5168416, 13.3816742",2584,1028
"52.5257484652766, 13.4090618143482","52.5040556, 13.3379413",8114,1896
"52.5257484652766, 13.4090618143482","52.5090125, 13.3792937",4950,1272
"52.5257484652766, 13.4090618143482","52.4983661, 13.3605076",7113,1640
"52.5257484652766, 13.4090618143482","52.5478117, 13.3892456",3555,877
"52.5257484652766, 13.4090618143482","52.5046782, 13.4490212",4152,1089
"52.5257484652766, 13.4090618143482","52.5136642, 13.4727613",5308,1337
"52.5257484652766, 13.4090618143482","52.5016098, 13.381181",5093,1567
"52.5257484652766, 13.4090618143482","52.5214137, 13.4034811",765,622
"52.5257484652766, 13.4090618143482","52.5176913, 13.4419715",3230,1127
"52.5257484652766, 13.4090618143482","52.517699, 13.3970326",1845,911
"52.5257484652766, 13.4090618143482","52.5303108, 13.3186121",10009,2574
"52.5257484652766, 13.4090618143482","52.5146378, 13.3905283",4317,1302
"52.5257484652766, 13.4090618143482","52.5145186, 13.487322",6484,1768
"52.5257484652766, 13.4090618143482","52.5170316, 13.4012274",1695,957
"52.5257484652766, 13.4090618143482","52.5207714, 13.3889021",2517,887
"52.5257484652766, 13.4090618143482","52.5027268, 13.4453492",4552,1423
"52.5257484652766, 13.4090618143482","52.5284267, 13.3720175",4315,1350
"52.5257484652766, 13.4090618143482","52.5209131, 13.3871461",2441,808
"52.5257484652766, 13.4090618143482","52.5304903, 13.3791152",2897,1152
"52.5257484652766, 13.4090618143482","52.4864896, 13.4217418",6042,1283
"52.5257484652766, 13.4090618143482","52.5215057, 13.4069139",645,519
"52.5257484652766, 13.4090618143482","52.5174377, 13.3898033",2232,1000
"52.5257484652766, 13.4090618143482","52.5111669, 13.4430356",3804,1552
"52.5257484652766, 13.4090618143482","52.5076615, 13.454537",4497,1359
"52.5257484652766, 13.4090618143482","52.5121441, 13.3083771",11175,2135
"52.5257484652766, 13.4090618143482","52.5087884, 13.378434",4906,1230
"52.5257484652766, 13.4090618143482","52.5019061, 13.3308361",8045,1834
"52.5257484652766, 13.4090618143482","52.5088651, 13.2707514",13883,2625
"52.5257484652766, 13.4090618143482","52.5264743, 13.39691",1350,1093
"52.5257484652766, 13.4090618143482","52.5106807, 13.419484",2852,883
"52.5257484652766, 13.4090618143482","52.4602228, 13.5056519",13117,2528
"52.5257484652766, 13.4090618143482","52.474199, 13.141735",31220,5384
"52.5257484652766, 13.4090618143482","52.5021802, 13.364582",7501,1953
"52.5257484652766, 13.4090618143482","52.5205791, 13.4089041",692,584
"52.5257484652766, 13.4090618143482","52.4986678, 13.3566505",7929,1833
"52.5257484652766, 13.4090618143482","52.520848, 13.4084747",695,586
"52.5257484652766, 13.4090618143482","52.49694, 13.4540533",5828,2136
"52.5257484652766, 13.4090618143482","52.4840199, 13.4053429",9139,2381
"52.5257484652766, 13.4090618143482","52.5049039, 13.4431471",4564,1420
"52.5257484652766, 13.4090618143482","52.524042, 13.402083",720,585
"52.5257484652766, 13.4090618143482","52.5071871, 13.390676",4447,1489
"52.5257484652766, 13.4090618143482","52.4583565, 13.2889441",15424,3249
"52.5257484652766, 13.4090618143482","52.5112074, 13.4169157",2687,743
"52.5257484652766, 13.4090618143482","52.440493, 13.3911183",11849,2481
"52.524064006181, 13.4218875978456","52.5075075, 13.3903737",4084,1320
"52.524064006181, 13.4218875978456","52.5542753, 13.3785425",5878,1753
"52.524064006181, 13.4218875978456","52.5063, 13.3840159",5449,2001
"52.524064006181, 13.4218875978456","52.5206458, 13.2932877",14726,2934
"52.524064006181, 13.4218875978456","52.5239216, 13.3888786",3198,1059
"52.524064006181, 13.4218875978456","52.5168416, 13.3816742",3425,1120
"52.524064006181, 13.4218875978456","52.5040556, 13.3379413",8228,2227
"52.524064006181, 13.4218875978456","52.5090125, 13.3792937",4750,1423
"52.524064006181, 13.4218875978456","52.4983661, 13.3605076",6711,1934
"52.524064006181, 13.4218875978456","52.5478117, 13.3892456",4968,1433
"52.524064006181, 13.4218875978456","52.5046782, 13.4490212",4745,1392
"52.524064006181, 13.4218875978456","52.5136642, 13.4727613",4500,1097
"52.524064006181, 13.4218875978456","52.5016098, 13.381181",5605,1985
"52.524064006181, 13.4218875978456","52.5214137, 13.4034811",2112,716
"52.524064006181, 13.4218875978456","52.5176913, 13.4419715",2423,887
"52.524064006181, 13.4218875978456","52.517699, 13.3970326",2289,1121
"52.524064006181, 13.4218875978456","52.5303108, 13.3186121",11644,2661
"52.524064006181, 13.4218875978456","52.5146378, 13.3905283",3524,1119
"52.524064006181, 13.4218875978456","52.5145186, 13.487322",5676,1528
"52.524064006181, 13.4218875978456","52.5170316, 13.4012274",2523,869
"52.524064006181, 13.4218875978456","52.5207714, 13.3889021",3315,1208
"52.524064006181, 13.4218875978456","52.5027268, 13.4453492",4166,1646
"52.524064006181, 13.4218875978456","52.5284267, 13.3720175",4445,1406
"52.524064006181, 13.4218875978456","52.5209131, 13.3871461",3239,1129
"52.524064006181, 13.4218875978456","52.5304903, 13.3791152",3488,1165
"52.524064006181, 13.4218875978456","52.4864896, 13.4217418",5708,1627
"52.524064006181, 13.4218875978456","52.5215057, 13.4069139",1615,577
"52.524064006181, 13.4218875978456","52.5174377, 13.3898033",3149,1021
"52.524064006181, 13.4218875978456","52.5111669, 13.4430356",3264,1583
"52.524064006181, 13.4218875978456","52.5076615, 13.454537",4874,1870
"52.524064006181, 13.4218875978456","52.5121441, 13.3083771",10772,2429
"52.524064006181, 13.4218875978456","52.5087884, 13.378434",4798,1462
"52.524064006181, 13.4218875978456","52.5019061, 13.3308361",8843,2155
"52.524064006181, 13.4218875978456","52.5088651, 13.2707514",13480,2919
"52.524064006181, 13.4218875978456","52.5264743, 13.39691",2950,1170
"52.524064006181, 13.4218875978456","52.5106807, 13.419484",2518,1227
"52.524064006181, 13.4218875978456","52.4602228, 13.5056519",12654,3334
"52.524064006181, 13.4218875978456","52.474199, 13.141735",32018,5945
"52.524064006181, 13.4218875978456","52.5021802, 13.364582",5987,2132
"52.524064006181, 13.4218875978456","52.5205791, 13.4089041",1234,594
"52.524064006181, 13.4218875978456","52.4986678, 13.3566505",7526,2127
"52.524064006181, 13.4218875978456","52.520848, 13.4084747",1237,596
"52.524064006181, 13.4218875978456","52.49694, 13.4540533",8736,2227
"52.524064006181, 13.4218875978456","52.4840199, 13.4053429",8805,2725
"52.524064006181, 13.4218875978456","52.5049039, 13.4431471",3650,1570
"52.524064006181, 13.4218875978456","52.524042, 13.402083",2209,797
"52.524064006181, 13.4218875978456","52.5071871, 13.390676",4117,1345
"52.524064006181, 13.4218875978456","52.4583565, 13.2889441",16260,4118
"52.524064006181, 13.4218875978456","52.5112074, 13.4169157",2353,1087
"52.524064006181, 13.4218875978456","52.440493, 13.3911183",13319,2862
"52.5202260457446, 13.3993255738889","52.5075075, 13.3903737",2278,1068
"52.5202260457446, 13.3993255738889","52.5542753, 13.3785425",4869,1576
"52.5202260457446, 13.3993255738889","52.5063, 13.3840159",3634,1612
"52.5202260457446, 13.3993255738889","52.5206458, 13.2932877",10569,2455
"52.5202260457446, 13.3993255738889","52.5239216, 13.3888786",1695,838
"52.5202260457446, 13.3993255738889","52.5168416, 13.3816742",1611,551
"52.5202260457446, 13.3993255738889","52.5040556, 13.3379413",6595,1778
"52.5202260457446, 13.3993255738889","52.5090125, 13.3792937",2935,1034
"52.5202260457446, 13.3993255738889","52.4983661, 13.3605076",4938,1779
"52.5202260457446, 13.3993255738889","52.5478117, 13.3892456",3959,1256
"52.5202260457446, 13.3993255738889","52.5046782, 13.4490212",4712,1063
"52.5202260457446, 13.3993255738889","52.5136642, 13.4727613",6131,1288
"52.5202260457446, 13.3993255738889","52.5016098, 13.381181",3713,1267
"52.5202260457446, 13.3993255738889","52.5214137, 13.4034811",310,253
"52.5202260457446, 13.3993255738889","52.5176913, 13.4419715",4053,1078
"52.5202260457446, 13.3993255738889","52.517699, 13.3970326",428,344
"52.5202260457446, 13.3993255738889","52.5303108, 13.3186121",7564,2239
"52.5202260457446, 13.3993255738889","52.5146378, 13.3905283",1541,774
"52.5202260457446, 13.3993255738889","52.5145186, 13.487322",7307,1719
"52.5202260457446, 13.3993255738889","52.5170316, 13.4012274",419,365
"52.5202260457446, 13.3993255738889","52.5207714, 13.3889021",1722,639
"52.5202260457446, 13.3993255738889","52.5027268, 13.4453492",5112,1397
"52.5202260457446, 13.3993255738889","52.5284267, 13.3720175",3565,1373
"52.5202260457446, 13.3993255738889","52.5209131, 13.3871461",1646,560
"52.5202260457446, 13.3993255738889","52.5304903, 13.3791152",2608,1132
"52.5202260457446, 13.3993255738889","52.4864896, 13.4217418",6440,1662
"52.5202260457446, 13.3993255738889","52.5215057, 13.4069139",670,547
"52.5202260457446, 13.3993255738889","52.5174377, 13.3898033",1259,523
"52.5202260457446, 13.3993255738889","52.5111669, 13.4430356",5367,1598
"52.5202260457446, 13.3993255738889","52.5076615, 13.454537",5057,1333
"52.5202260457446, 13.3993255738889","52.5121441, 13.3083771",8890,1795
"52.5202260457446, 13.3993255738889","52.5087884, 13.378434",2983,1073
"52.5202260457446, 13.3993255738889","52.5019061, 13.3308361",7250,1586
"52.5202260457446, 13.3993255738889","52.5088651, 13.2707514",13378,2500
"52.5202260457446, 13.3993255738889","52.5264743, 13.39691",1074,868
"52.5202260457446, 13.3993255738889","52.5106807, 13.419484",2912,1162
"52.5202260457446, 13.3993255738889","52.4602228, 13.5056519",10842,2932
"52.5202260457446, 13.3993255738889","52.474199, 13.141735",30425,5136
"52.5202260457446, 13.3993255738889","52.5021802, 13.364582",4177,1563
"52.5202260457446, 13.3993255738889","52.5205791, 13.4089041",1357,631
"52.5202260457446, 13.3993255738889","52.4986678, 13.3566505",6264,2103
"52.5202260457446, 13.3993255738889","52.520848, 13.4084747",1360,633
"52.5202260457446, 13.3993255738889","52.49694, 13.4540533",7839,2168
"52.5202260457446, 13.3993255738889","52.4840199, 13.4053429",9537,2760
"52.5202260457446, 13.3993255738889","52.5049039, 13.4431471",5124,1394
"52.5202260457446, 13.3993255738889","52.524042, 13.402083",619,503
"52.5202260457446, 13.3993255738889","52.5071871, 13.390676",2311,1093
"52.5202260457446, 13.3993255738889","52.4583565, 13.2889441",14629,3001
"52.5202260457446, 13.3993255738889","52.5112074, 13.4169157",2639,936
"52.5202260457446, 13.3993255738889","52.440493, 13.3911183",10322,2133
"52.5185424002137, 13.4121501090906","52.5075075, 13.3903737",2776,1063
"52.5185424002137, 13.4121501090906","52.5542753, 13.3785425",5299,1435
"52.5185424002137, 13.4121501090906","52.5063, 13.3840159",4095,1504
"52.5185424002137, 13.4121501090906","52.5206458, 13.2932877",11317,2544
"52.5185424002137, 13.4121501090906","52.5239216, 13.3888786",2892,1235
"52.5185424002137, 13.4121501090906","52.5168416, 13.3816742",2958,945
"52.5185424002137, 13.4121501090906","52.5040556, 13.3379413",7168,1640
"52.5185424002137, 13.4121501090906","52.5090125, 13.3792937",3312,871
"52.5185424002137, 13.4121501090906","52.4983661, 13.3605076",5475,1239
"52.5185424002137, 13.4121501090906","52.5478117, 13.3892456",4389,1115
"52.5185424002137, 13.4121501090906","52.5046782, 13.4490212",4251,1206
"52.5185424002137, 13.4121501090906","52.5136642, 13.4727613",5094,1169
"52.5185424002137, 13.4121501090906","52.5016098, 13.381181",4369,1290
"52.5185424002137, 13.4121501090906","52.5214137, 13.4034811",1806,892
"52.5185424002137, 13.4121501090906","52.5176913, 13.4419715",3016,959
"52.5185424002137, 13.4121501090906","52.517699, 13.3970326",1815,831
"52.5185424002137, 13.4121501090906","52.5303108, 13.3186121",11438,2511
"52.5185424002137, 13.4121501090906","52.5146378, 13.3905283",2678,901
"52.5185424002137, 13.4121501090906","52.5145186, 13.487322",6270,1600
"52.5185424002137, 13.4121501090906","52.5170316, 13.4012274",1646,1008
"52.5185424002137, 13.4121501090906","52.5207714, 13.3889021",2597,1004
"52.5185424002137, 13.4121501090906","52.5027268, 13.4453492",3823,1237
"52.5185424002137, 13.4121501090906","52.5284267, 13.3720175",4395,1467
"52.5185424002137, 13.4121501090906","52.5209131, 13.3871461",2521,925
"52.5185424002137, 13.4121501090906","52.5304903, 13.3791152",3805,1529
"52.5185424002137, 13.4121501090906","52.4864896, 13.4217418",5350,1311
"52.5185424002137, 13.4121501090906","52.5215057, 13.4069139",1309,753
"52.5185424002137, 13.4121501090906","52.5174377, 13.3898033",2962,1166
"52.5185424002137, 13.4121501090906","52.5111669, 13.4430356",4906,1741
"52.5185424002137, 13.4121501090906","52.5076615, 13.454537",4596,1476
"52.5185424002137, 13.4121501090906","52.5121441, 13.3083771",9536,1734
"52.5185424002137, 13.4121501090906","52.5087884, 13.378434",3268,829
"52.5185424002137, 13.4121501090906","52.5019061, 13.3308361",8181,1925
"52.5185424002137, 13.4121501090906","52.5088651, 13.2707514",12244,2224
"52.5185424002137, 13.4121501090906","52.5264743, 13.39691",2644,1346
"52.5185424002137, 13.4121501090906","52.5106807, 13.419484",1524,885
"52.5185424002137, 13.4121501090906","52.4602228, 13.5056519",10363,2906
"52.5185424002137, 13.4121501090906","52.474199, 13.141735",27275,5435
"52.5185424002137, 13.4121501090906","52.5021802, 13.364582",5863,1552
"52.5185424002137, 13.4121501090906","52.5205791, 13.4089041",1232,666
"52.5185424002137, 13.4121501090906","52.4986678, 13.3566505",6290,1432
"52.5185424002137, 13.4121501090906","52.520848, 13.4084747",1235,668
"52.5185424002137, 13.4121501090906","52.49694, 13.4540533",4519,2002
"52.5185424002137, 13.4121501090906","52.4840199, 13.4053429",6061,2458
"52.5185424002137, 13.4121501090906","52.5049039, 13.4431471",3307,1161
"52.5185424002137, 13.4121501090906","52.524042, 13.402083",1587,899
"52.5185424002137, 13.4121501090906","52.5071871, 13.390676",2808,1088
"52.5185424002137, 13.4121501090906","52.4583565, 13.2889441",15236,3587
"52.5185424002137, 13.4121501090906","52.5112074, 13.4169157",1313,709
"52.5185424002137, 13.4121501090906","52.440493, 13.3911183",10757,2232
"52.5329535654374, 13.4059728853842","52.5075075, 13.3903737",5865,1714
"52.5329535654374, 13.4059728853842","52.5542753, 13.3785425",3879,1204
"52.5329535654374, 13.4059728853842","52.5063, 13.3840159",10080,2270
"52.5329535654374, 13.4059728853842","52.5206458, 13.2932877",12623,2466
"52.5329535654374, 13.4059728853842","52.5239216, 13.3888786",1975,924
"52.5329535654374, 13.4059728853842","52.5168416, 13.3816742",3855,1487
"52.5329535654374, 13.4059728853842","52.5040556, 13.3379413",8662,2176
"52.5329535654374, 13.4059728853842","52.5090125, 13.3792937",5892,1657
"52.5329535654374, 13.4059728853842","52.4983661, 13.3605076",8055,2025
"52.5329535654374, 13.4059728853842","52.5478117, 13.3892456",2968,884
"52.5329535654374, 13.4059728853842","52.5046782, 13.4490212",6053,1651
"52.5329535654374, 13.4059728853842","52.5136642, 13.4727613",6645,1745
"52.5329535654374, 13.4059728853842","52.5016098, 13.381181",5644,1787
"52.5329535654374, 13.4059728853842","52.5214137, 13.4034811",1970,780
"52.5329535654374, 13.4059728853842","52.5176913, 13.4419715",4681,1754
"52.5329535654374, 13.4059728853842","52.517699, 13.3970326",3359,1497
"52.5329535654374, 13.4059728853842","52.5303108, 13.3186121",9423,2461
"52.5329535654374, 13.4059728853842","52.5146378, 13.3905283",5258,1687
"52.5329535654374, 13.4059728853842","52.5145186, 13.487322",7821,2176
"52.5329535654374, 13.4059728853842","52.5170316, 13.4012274",2556,1278
"52.5329535654374, 13.4059728853842","52.5207714, 13.3889021",3065,1167
"52.5329535654374, 13.4059728853842","52.5027268, 13.4453492",6453,1985
"52.5329535654374, 13.4059728853842","52.5284267, 13.3720175",3016,1182
"52.5329535654374, 13.4059728853842","52.5209131, 13.3871461",2989,1088
"52.5329535654374, 13.4059728853842","52.5304903, 13.3791152",2059,941
"52.5329535654374, 13.4059728853842","52.4864896, 13.4217418",6797,1470
"52.5329535654374, 13.4059728853842","52.5215057, 13.4069139",2194,961
"52.5329535654374, 13.4059728853842","52.5174377, 13.3898033",3383,1415
"52.5329535654374, 13.4059728853842","52.5111669, 13.4430356",6708,2186
"52.5329535654374, 13.4059728853842","52.5076615, 13.454537",6398,1921
"52.5329535654374, 13.4059728853842","52.5121441, 13.3083771",12116,2520
"52.5329535654374, 13.4059728853842","52.5087884, 13.378434",5848,1615
"52.5329535654374, 13.4059728853842","52.5019061, 13.3308361",8593,2114
"52.5329535654374, 13.4059728853842","52.5088651, 13.2707514",14824,3010
"52.5329535654374, 13.4059728853842","52.5264743, 13.39691",2395,1126
"52.5329535654374, 13.4059728853842","52.5106807, 13.419484",3607,1070
"52.5329535654374, 13.4059728853842","52.4602228, 13.5056519",12427,3227
"52.5329535654374, 13.4059728853842","52.474199, 13.141735",28198,4916
"52.5329535654374, 13.4059728853842","52.5021802, 13.364582",8443,2338
"52.5329535654374, 13.4059728853842","52.5205791, 13.4089041",2302,1075
"52.5329535654374, 13.4059728853842","52.4986678, 13.3566505",8870,2218
"52.5329535654374, 13.4059728853842","52.520848, 13.4084747",2299,1073
"52.5329535654374, 13.4059728853842","52.49694, 13.4540533",6583,2323
"52.5329535654374, 13.4059728853842","52.4840199, 13.4053429",9894,2568
"52.5329535654374, 13.4059728853842","52.5049039, 13.4431471",6465,1982
"52.5329535654374, 13.4059728853842","52.524042, 13.402083",1688,555
"52.5329535654374, 13.4059728853842","52.5071871, 13.390676",5827,1686
"52.5329535654374, 13.4059728853842","52.4583565, 13.2889441",21609,3696
"52.5329535654374, 13.4059728853842","52.5112074, 13.4169157",3442,930
"52.5329535654374, 13.4059728853842","52.440493, 13.3911183",13438,2934
"52.5312697978691, 13.4187999953172","52.5075075, 13.3903737",4171,1693
"52.5312697978691, 13.4187999953172","52.5542753, 13.3785425",6264,2109
"52.5312697978691, 13.4187999953172","52.5063, 13.3840159",6712,2289
"52.5312697978691, 13.4187999953172","52.5206458, 13.2932877",14188,3011
"52.5312697978691, 13.4187999953172","52.5239216, 13.3888786",2831,1352
"52.5312697978691, 13.4187999953172","52.5168416, 13.3816742",3390,1678
"52.5312697978691, 13.4187999953172","52.5040556, 13.3379413",9041,2273
"52.5312697978691, 13.4187999953172","52.5090125, 13.3792937",5929,1656
"52.5312697978691, 13.4187999953172","52.4983661, 13.3605076",8092,2024
"52.5312697978691, 13.4187999953172","52.5478117, 13.3892456",5354,1789
"52.5312697978691, 13.4187999953172","52.5046782, 13.4490212",5098,1448
"52.5312697978691, 13.4187999953172","52.5136642, 13.4727613",6129,1810
"52.5312697978691, 13.4187999953172","52.5016098, 13.381181",6986,2075
"52.5312697978691, 13.4187999953172","52.5214137, 13.4034811",1829,945
"52.5312697978691, 13.4187999953172","52.5176913, 13.4419715",4051,1600
"52.5312697978691, 13.4187999953172","52.517699, 13.3970326",2837,1562
"52.5312697978691, 13.4187999953172","52.5303108, 13.3186121",10028,2807
"52.5312697978691, 13.4187999953172","52.5146378, 13.3905283",3611,1492
"52.5312697978691, 13.4187999953172","52.5145186, 13.487322",7305,2241
"52.5312697978691, 13.4187999953172","52.5170316, 13.4012274",2610,1242
"52.5312697978691, 13.4187999953172","52.5207714, 13.3889021",3444,1264
"52.5312697978691, 13.4187999953172","52.5027268, 13.4453492",5498,1782
"52.5312697978691, 13.4187999953172","52.5284267, 13.3720175",3769,1606
"52.5312697978691, 13.4187999953172","52.5209131, 13.3871461",3368,1185
"52.5312697978691, 13.4187999953172","52.5304903, 13.3791152",3632,1422
"52.5312697978691, 13.4187999953172","52.4864896, 13.4217418",6313,2135
"52.5312697978691, 13.4187999953172","52.5215057, 13.4069139",1451,642
"52.5312697978691, 13.4187999953172","52.5174377, 13.3898033",3407,1614
"52.5312697978691, 13.4187999953172","52.5111669, 13.4430356",5753,1983
"52.5312697978691, 13.4187999953172","52.5076615, 13.454537",5443,1718
"52.5312697978691, 13.4187999953172","52.5121441, 13.3083771",12153,2519
"52.5312697978691, 13.4187999953172","52.5087884, 13.378434",5885,1614
"52.5312697978691, 13.4187999953172","52.5019061, 13.3308361",8972,2211
"52.5312697978691, 13.4187999953172","52.5088651, 13.2707514",14861,3009
"52.5312697978691, 13.4187999953172","52.5264743, 13.39691",3079,1677
"52.5312697978691, 13.4187999953172","52.5106807, 13.419484",3123,1735
"52.5312697978691, 13.4187999953172","52.4602228, 13.5056519",14641,3288
"52.5312697978691, 13.4187999953172","52.474199, 13.141735",32147,5821
"52.5312697978691, 13.4187999953172","52.5021802, 13.364582",8480,2337
"52.5312697978691, 13.4187999953172","52.5205791, 13.4089041",1465,633
"52.5312697978691, 13.4187999953172","52.4986678, 13.3566505",8907,2217
"52.5312697978691, 13.4187999953172","52.520848, 13.4084747",1468,635
"52.5312697978691, 13.4187999953172","52.49694, 13.4540533",10210,2475
"52.5312697978691, 13.4187999953172","52.4840199, 13.4053429",9410,3233
"52.5312697978691, 13.4187999953172","52.5049039, 13.4431471",5510,1779
"52.5312697978691, 13.4187999953172","52.524042, 13.402083",1864,963
"52.5312697978691, 13.4187999953172","52.5071871, 13.390676",4204,1718
"52.5312697978691, 13.4187999953172","52.4583565, 13.2889441",16147,3476
"52.5312697978691, 13.4187999953172","52.5112074, 13.4169157",3025,1321
"52.5312697978691, 13.4187999953172","52.440493, 13.3911183",12776,2918
"52.5274314191851, 13.3962359532041","52.5075075, 13.3903737",3222,1146
"52.5274314191851, 13.3962359532041","52.5542753, 13.3785425",4638,1393
"52.5274314191851, 13.3962359532041","52.5063, 13.3840159",4141,1223
"52.5274314191851, 13.3962359532041","52.5206458, 13.2932877",12847,2478
"52.5274314191851, 13.3962359532041","52.5239216, 13.3888786",778,628
"52.5274314191851, 13.3962359532041","52.5168416, 13.3816742",2050,682
"52.5274314191851, 13.3962359532041","52.5040556, 13.3379413",7606,2094
"52.5274314191851, 13.3962359532041","52.5090125, 13.3792937",3098,922
"52.5274314191851, 13.3962359532041","52.4983661, 13.3605076",5014,1824
"52.5274314191851, 13.3962359532041","52.5478117, 13.3892456",4123,912
"52.5274314191851, 13.3962359532041","52.5046782, 13.4490212",5148,1413
"52.5274314191851, 13.3962359532041","52.5136642, 13.4727613",6057,1754
"52.5274314191851, 13.3962359532041","52.5016098, 13.381181",3839,982
"52.5274314191851, 13.3962359532041","52.5214137, 13.4034811",1425,649
"52.5274314191851, 13.3962359532041","52.5176913, 13.4419715",3979,1544
"52.5274314191851, 13.3962359532041","52.517699, 13.3970326",2182,1175
"52.5274314191851, 13.3962359532041","52.5303108, 13.3186121",9438,2295
"52.5274314191851, 13.3962359532041","52.5146378, 13.3905283",2165,1050
"52.5274314191851, 13.3962359532041","52.5145186, 13.487322",7233,2185
"52.5274314191851, 13.3962359532041","52.5170316, 13.4012274",2064,1104
"52.5274314191851, 13.3962359532041","52.5207714, 13.3889021",1431,620
"52.5274314191851, 13.3962359532041","52.5027268, 13.4453492",5548,1747
"52.5274314191851, 13.3962359532041","52.5284267, 13.3720175",2730,1233
"52.5274314191851, 13.3962359532041","52.5209131, 13.3871461",1290,497
"52.5274314191851, 13.3962359532041","52.5304903, 13.3791152",1773,992
"52.5274314191851, 13.3962359532041","52.4864896, 13.4217418",6209,1479
"52.5274314191851, 13.3962359532041","52.5215057, 13.4069139",1806,873
"52.5274314191851, 13.3962359532041","52.5174377, 13.3898033",1740,874
"52.5274314191851, 13.3962359532041","52.5111669, 13.4430356",5803,1948
"52.5274314191851, 13.3962359532041","52.5076615, 13.454537",5493,1683
"52.5274314191851, 13.3962359532041","52.5121441, 13.3083771",8604,1908
"52.5274314191851, 13.3962359532041","52.5087884, 13.378434",3090,890
"52.5274314191851, 13.3962359532041","52.5019061, 13.3308361",6964,1699
"52.5274314191851, 13.3962359532041","52.5088651, 13.2707514",11312,2398
"52.5274314191851, 13.3962359532041","52.5264743, 13.39691",715,578
"52.5274314191851, 13.3962359532041","52.5106807, 13.419484",3019,1079
"52.5274314191851, 13.3962359532041","52.4602228, 13.5056519",11839,3236
"52.5274314191851, 13.3962359532041","52.474199, 13.141735",29049,5219
"52.5274314191851, 13.3962359532041","52.5021802, 13.364582",4252,1608
"52.5274314191851, 13.3962359532041","52.5205791, 13.4089041",1749,960
"52.5274314191851, 13.3962359532041","52.4986678, 13.3566505",5247,1996
"52.5274314191851, 13.3962359532041","52.520848, 13.4084747",1752,962
"52.5274314191851, 13.3962359532041","52.49694, 13.4540533",5995,2332
"52.5274314191851, 13.3962359532041","52.4840199, 13.4053429",9306,2577
"52.5274314191851, 13.3962359532041","52.5049039, 13.4431471",5560,1744
"52.5274314191851, 13.3962359532041","52.524042, 13.402083",647,522
"52.5274314191851, 13.3962359532041","52.5071871, 13.390676",3184,1116
"52.5274314191851, 13.3962359532041","52.4583565, 13.2889441",13712,2771
"52.5274314191851, 13.3962359532041","52.5112074, 13.4169157",2854,939
"52.5274314191851, 13.3962359532041","52.440493, 13.3911183",10871,2154
"52.5036522698482, 13.3701284953873","52.5075075, 13.3903737",2605,917
"52.5036522698482, 13.3701284953873","52.5542753, 13.3785425",8359,2600
"52.5036522698482, 13.3701284953873","52.5063, 13.3840159",2090,944
"52.5036522698482, 13.3701284953873","52.5206458, 13.2932877",7805,2276
"52.5036522698482, 13.3701284953873","52.5239216, 13.3888786",3470,1577
"52.5036522698482, 13.3701284953873","52.5168416, 13.3816742",2450,1255
"52.5036522698482, 13.3701284953873","52.5040556, 13.3379413",3134,1167
"52.5036522698482, 13.3701284953873","52.5090125, 13.3792937",1387,701
"52.5036522698482, 13.3701284953873","52.4983661, 13.3605076",1298,644
"52.5036522698482, 13.3701284953873","52.5478117, 13.3892456",7393,1915
"52.5036522698482, 13.3701284953873","52.5046782, 13.4490212",6349,1591
"52.5036522698482, 13.3701284953873","52.5136642, 13.4727613",9253,2361
"52.5036522698482, 13.3701284953873","52.5016098, 13.381181",1661,844
"52.5036522698482, 13.3701284953873","52.5214137, 13.4034811",4641,2062
"52.5036522698482, 13.3701284953873","52.5176913, 13.4419715",7175,2151
"52.5036522698482, 13.3701284953873","52.517699, 13.3970326",3524,1758
"52.5036522698482, 13.3701284953873","52.5303108, 13.3186121",8095,2424
"52.5036522698482, 13.3701284953873","52.5146378, 13.3905283",3370,1392
"52.5036522698482, 13.3701284953873","52.5145186, 13.487322",10429,2792
"52.5036522698482, 13.3701284953873","52.5170316, 13.4012274",4041,1765
"52.5036522698482, 13.3701284953873","52.5207714, 13.3889021",3215,1389
"52.5036522698482, 13.3701284953873","52.5027268, 13.4453492",6737,1905
"52.5036522698482, 13.3701284953873","52.5284267, 13.3720175",4438,1506
"52.5036522698482, 13.3701284953873","52.5209131, 13.3871461",3083,1293
"52.5036522698482, 13.3701284953873","52.5304903, 13.3791152",4990,1916
"52.5036522698482, 13.3701284953873","52.4864896, 13.4217418",5092,1797
"52.5036522698482, 13.3701284953873","52.5215057, 13.4069139",4973,1706
"52.5036522698482, 13.3701284953873","52.5174377, 13.3898033",3170,1624
"52.5036522698482, 13.3701284953873","52.5111669, 13.4430356",8517,3083
"52.5036522698482, 13.3701284953873","52.5076615, 13.454537",6900,1986
"52.5036522698482, 13.3701284953873","52.5121441, 13.3083771",6023,1466
"52.5036522698482, 13.3701284953873","52.5087884, 13.378434",1335,659
"52.5036522698482, 13.3701284953873","52.5019061, 13.3308361",3847,1462
"52.5036522698482, 13.3701284953873","52.5088651, 13.2707514",8731,1956
"52.5036522698482, 13.3701284953873","52.5264743, 13.39691",4317,1821
"52.5036522698482, 13.3701284953873","52.5106807, 13.419484",5140,1894
"52.5036522698482, 13.3701284953873","52.4602228, 13.5056519",12471,3135
"52.5036522698482, 13.3701284953873","52.474199, 13.141735",27339,5112
"52.5036522698482, 13.3701284953873","52.5021802, 13.364582",540,458
"52.5036522698482, 13.3701284953873","52.5205791, 13.4089041",5269,1747
"52.5036522698482, 13.3701284953873","52.4986678, 13.3566505",1531,816
"52.5036522698482, 13.3701284953873","52.520848, 13.4084747",5272,1749
"52.5036522698482, 13.3701284953873","52.49694, 13.4540533",6628,2231
"52.5036522698482, 13.3701284953873","52.4840199, 13.4053429",4509,2148
"52.5036522698482, 13.3701284953873","52.5049039, 13.4431471",6828,1959
"52.5036522698482, 13.3701284953873","52.524042, 13.402083",4442,1710
"52.5036522698482, 13.3701284953873","52.5071871, 13.390676",2568,889
"52.5036522698482, 13.3701284953873","52.4583565, 13.2889441",10924,2967
"52.5036522698482, 13.3701284953873","52.5112074, 13.4169157",4929,1718
"52.5036522698482, 13.3701284953873","52.440493, 13.3911183",10418,2716
"52.4998043971512, 13.3475804070362","52.5075075, 13.3903737",4139,1099
"52.4998043971512, 13.3475804070362","52.5542753, 13.3785425",8864,2241
"52.4998043971512, 13.3475804070362","52.5063, 13.3840159",3624,1126
"52.4998043971512, 13.3475804070362","52.5206458, 13.2932877",6244,2245
"52.4998043971512, 13.3475804070362","52.5239216, 13.3888786",6440,1823
"52.4998043971512, 13.3475804070362","52.5168416, 13.3816742",4912,1415
"52.4998043971512, 13.3475804070362","52.5040556, 13.3379413",1294,629
"52.4998043971512, 13.3475804070362","52.5090125, 13.3792937",4194,1168
"52.4998043971512, 13.3475804070362","52.4983661, 13.3605076",1623,633
"52.4998043971512, 13.3475804070362","52.5478117, 13.3892456",10301,2454
"52.4998043971512, 13.3475804070362","52.5046782, 13.4490212",8495,2139
"52.4998043971512, 13.3475804070362","52.5136642, 13.4727613",12389,2801
"52.4998043971512, 13.3475804070362","52.5016098, 13.381181",3195,1026
"52.4998043971512, 13.3475804070362","52.5214137, 13.4034811",6655,1891
"52.4998043971512, 13.3475804070362","52.5176913, 13.4419715",10311,2591
"52.4998043971512, 13.3475804070362","52.517699, 13.3970326",5722,1693
"52.4998043971512, 13.3475804070362","52.5303108, 13.3186121",5488,1726
"52.4998043971512, 13.3475804070362","52.5146378, 13.3905283",5558,1639
"52.4998043971512, 13.3475804070362","52.5145186, 13.487322",13565,3232
"52.4998043971512, 13.3475804070362","52.5170316, 13.4012274",6239,1700
"52.4998043971512, 13.3475804070362","52.5207714, 13.3889021",5757,1733
"52.4998043971512, 13.3475804070362","52.5027268, 13.4453492",8883,2453
"52.4998043971512, 13.3475804070362","52.5284267, 13.3720175",4544,1690
"52.4998043971512, 13.3475804070362","52.5209131, 13.3871461",5742,1726
"52.4998043971512, 13.3475804070362","52.5304903, 13.3791152",7353,2103
"52.4998043971512, 13.3475804070362","52.4864896, 13.4217418",7932,1842
"52.4998043971512, 13.3475804070362","52.5215057, 13.4069139",6566,1821
"52.4998043971512, 13.3475804070362","52.5174377, 13.3898033",5369,1499
"52.4998043971512, 13.3475804070362","52.5111669, 13.4430356",10737,3198
"52.4998043971512, 13.3475804070362","52.5076615, 13.454537",9046,2534
"52.4998043971512, 13.3475804070362","52.5121441, 13.3083771",3391,1041
"52.4998043971512, 13.3475804070362","52.5087884, 13.378434",4150,1126
"52.4998043971512, 13.3475804070362","52.5019061, 13.3308361",2006,924
"52.4998043971512, 13.3475804070362","52.5088651, 13.2707514",6099,1531
"52.4998043971512, 13.3475804070362","52.5264743, 13.39691",7754,2177
"52.4998043971512, 13.3475804070362","52.5106807, 13.419484",7267,2052
"52.4998043971512, 13.3475804070362","52.4602228, 13.5056519",16106,3683
"52.4998043971512, 13.3475804070362","52.474199, 13.141735",21130,4742
"52.4998043971512, 13.3475804070362","52.5021802, 13.364582",2010,954
"52.4998043971512, 13.3475804070362","52.5205791, 13.4089041",6862,1862
"52.4998043971512, 13.3475804070362","52.4986678, 13.3566505",1042,617
"52.4998043971512, 13.3475804070362","52.520848, 13.4084747",6865,1864
"52.4998043971512, 13.3475804070362","52.49694, 13.4540533",11289,3383
"52.4998043971512, 13.3475804070362","52.4840199, 13.4053429",6444,2118
"52.4998043971512, 13.3475804070362","52.5049039, 13.4431471",11181,2874
"52.4998043971512, 13.3475804070362","52.524042, 13.402083",6995,2173
"52.4998043971512, 13.3475804070362","52.5071871, 13.390676",4102,1071
"52.4998043971512, 13.3475804070362","52.4583565, 13.2889441",9083,2309
"52.4998043971512, 13.3475804070362","52.5112074, 13.4169157",7056,1876
"52.4998043971512, 13.3475804070362","52.440493, 13.3911183",10775,2565
"52.4981255068954, 13.3604000167833","52.5075075, 13.3903737",3779,1140
"52.4981255068954, 13.3604000167833","52.5542753, 13.3785425",9977,2137
"52.4981255068954, 13.3604000167833","52.5063, 13.3840159",3165,1286
"52.4981255068954, 13.3604000167833","52.5206458, 13.2932877",6286,1687
"52.4981255068954, 13.3604000167833","52.5239216, 13.3888786",5411,1719
"52.4981255068954, 13.3604000167833","52.5168416, 13.3816742",3660,1274
"52.4981255068954, 13.3604000167833","52.5040556, 13.3379413",2070,615
"52.4981255068954, 13.3604000167833","52.5090125, 13.3792937",2382,653
"52.4981255068954, 13.3604000167833","52.4983661, 13.3605076",149,139
"52.4981255068954, 13.3604000167833","52.5478117, 13.3892456",9686,1987
"52.4981255068954, 13.3604000167833","52.5046782, 13.4490212",6683,1624
"52.4981255068954, 13.3604000167833","52.5136642, 13.4727613",10577,2286
"52.4981255068954, 13.3604000167833","52.5016098, 13.381181",2158,887
"52.4981255068954, 13.3604000167833","52.5214137, 13.4034811",9219,1839
"52.4981255068954, 13.3604000167833","52.5176913, 13.4419715",8499,2076
"52.4981255068954, 13.3604000167833","52.517699, 13.3970326",4425,1448
"52.4981255068954, 13.3604000167833","52.5303108, 13.3186121",6393,1765
"52.4981255068954, 13.3604000167833","52.5146378, 13.3905283",3687,1035
"52.4981255068954, 13.3604000167833","52.5145186, 13.487322",11753,2717
"52.4981255068954, 13.3604000167833","52.5170316, 13.4012274",4430,1429
"52.4981255068954, 13.3604000167833","52.5207714, 13.3889021",5508,1455
"52.4981255068954, 13.3604000167833","52.5027268, 13.4453492",7071,1938
"52.4981255068954, 13.3604000167833","52.5284267, 13.3720175",5197,1638
"52.4981255068954, 13.3604000167833","52.5209131, 13.3871461",5376,1359
"52.4981255068954, 13.3604000167833","52.5304903, 13.3791152",6324,1999
"52.4981255068954, 13.3604000167833","52.4864896, 13.4217418",6678,1510
"52.4981255068954, 13.3604000167833","52.5215057, 13.4069139",6498,1627
"52.4981255068954, 13.3604000167833","52.5174377, 13.3898033",3947,1295
"52.4981255068954, 13.3604000167833","52.5111669, 13.4430356",9340,2772
"52.4981255068954, 13.3604000167833","52.5076615, 13.454537",7234,2019
"52.4981255068954, 13.3604000167833","52.5121441, 13.3083771",4505,937
"52.4981255068954, 13.3604000167833","52.5087884, 13.378434",2338,611
"52.4981255068954, 13.3604000167833","52.5019061, 13.3308361",2783,910
"52.4981255068954, 13.3604000167833","52.5088651, 13.2707514",7213,1427
"52.4981255068954, 13.3604000167833","52.5264743, 13.39691",6610,1887
"52.4981255068954, 13.3604000167833","52.5106807, 13.419484",5456,1537
"52.4981255068954, 13.3604000167833","52.4602228, 13.5056519",14295,3168
"52.4981255068954, 13.3604000167833","52.474199, 13.141735",22244,4638
"52.4981255068954, 13.3604000167833","52.5021802, 13.364582",648,549
"52.4981255068954, 13.3604000167833","52.5205791, 13.4089041",6356,1498
"52.4981255068954, 13.3604000167833","52.4986678, 13.3566505",260,212
"52.4981255068954, 13.3604000167833","52.520848, 13.4084747",6359,1500
"52.4981255068954, 13.3604000167833","52.49694, 13.4540533",8451,2264
"52.4981255068954, 13.3604000167833","52.4840199, 13.4053429",5189,1786
"52.4981255068954, 13.3604000167833","52.5049039, 13.4431471",7162,1992
"52.4981255068954, 13.3604000167833","52.524042, 13.402083",9224,1836
"52.4981255068954, 13.3604000167833","52.5071871, 13.390676",3811,1165
"52.4981255068954, 13.3604000167833","52.4583565, 13.2889441",9860,2295
"52.4981255068954, 13.3604000167833","52.5112074, 13.4169157",5245,1361
"52.4981255068954, 13.3604000167833","52.440493, 13.3911183",9060,2125
"52.5108584623839, 13.3670368026328","52.5075075, 13.3903737",2760,1204
"52.5108584623839, 13.3670368026328","52.5542753, 13.3785425",8104,2350
"52.5108584623839, 13.3670368026328","52.5063, 13.3840159",2311,1307
"52.5108584623839, 13.3670368026328","52.5206458, 13.2932877",6581,2453
"52.5108584623839, 13.3670368026328","52.5239216, 13.3888786",2863,1296
"52.5108584623839, 13.3670368026328","52.5168416, 13.3816742",1939,948
"52.5108584623839, 13.3670368026328","52.5040556, 13.3379413",2609,988
"52.5108584623839, 13.3670368026328","52.5090125, 13.3792937",1782,766
"52.5108584623839, 13.3670368026328","52.4983661, 13.3605076",2519,1127
"52.5108584623839, 13.3670368026328","52.5478117, 13.3892456",7108,1539
"52.5108584623839, 13.3670368026328","52.5046782, 13.4490212",7811,1958
"52.5108584623839, 13.3670368026328","52.5136642, 13.4727613",8205,2141
"52.5108584623839, 13.3670368026328","52.5016098, 13.381181",1848,948
"52.5108584623839, 13.3670368026328","52.5214137, 13.4034811",5416,1747
"52.5108584623839, 13.3670368026328","52.5176913, 13.4419715",6127,1931
"52.5108584623839, 13.3670368026328","52.517699, 13.3970326",3998,1547
"52.5108584623839, 13.3670368026328","52.5303108, 13.3186121",11168,2352
"52.5108584623839, 13.3670368026328","52.5146378, 13.3905283",3353,1299
"52.5108584623839, 13.3670368026328","52.5145186, 13.487322",9381,2572
"52.5108584623839, 13.3670368026328","52.5170316, 13.4012274",3966,1267
"52.5108584623839, 13.3670368026328","52.5207714, 13.3889021",2608,1108
"52.5108584623839, 13.3670368026328","52.5027268, 13.4453492",8820,2577
"52.5108584623839, 13.3670368026328","52.5284267, 13.3720175",3275,1320
"52.5108584623839, 13.3670368026328","52.5209131, 13.3871461",2476,1012
"52.5108584623839, 13.3670368026328","52.5304903, 13.3791152",3832,1638
"52.5108584623839, 13.3670368026328","52.4864896, 13.4217418",5664,1883
"52.5108584623839, 13.3670368026328","52.5215057, 13.4069139",5327,1677
"52.5108584623839, 13.3670368026328","52.5174377, 13.3898033",3033,1436
"52.5108584623839, 13.3670368026328","52.5111669, 13.4430356",8380,2895
"52.5108584623839, 13.3670368026328","52.5076615, 13.454537",8156,2228
"52.5108584623839, 13.3670368026328","52.5121441, 13.3083771",4842,1643
"52.5108584623839, 13.3670368026328","52.5087884, 13.378434",1750,740
"52.5108584623839, 13.3670368026328","52.5019061, 13.3308361",3762,1474
"52.5108584623839, 13.3670368026328","52.5088651, 13.2707514",7550,2133
"52.5108584623839, 13.3670368026328","52.5264743, 13.39691",3710,1540
"52.5108584623839, 13.3670368026328","52.5106807, 13.419484",7073,2439
"52.5108584623839, 13.3670368026328","52.4602228, 13.5056519",13062,3531
"52.5108584623839, 13.3670368026328","52.474199, 13.141735",26976,4774
"52.5108584623839, 13.3670368026328","52.5021802, 13.364582",1758,911
"52.5108584623839, 13.3670368026328","52.5205791, 13.4089041",5623,1718
"52.5108584623839, 13.3670368026328","52.4986678, 13.3566505",2752,1299
"52.5108584623839, 13.3670368026328","52.520848, 13.4084747",5626,1720
"52.5108584623839, 13.3670368026328","52.49694, 13.4540533",14561,2772
"52.5108584623839, 13.3670368026328","52.4840199, 13.4053429",5493,2352
"52.5108584623839, 13.3670368026328","52.5049039, 13.4431471",8824,2571
"52.5108584623839, 13.3670368026328","52.524042, 13.402083",5756,2029
"52.5108584623839, 13.3670368026328","52.5071871, 13.390676",2793,1229
"52.5108584623839, 13.3670368026328","52.4583565, 13.2889441",16274,2753
"52.5108584623839, 13.3670368026328","52.5112074, 13.4169157",4012,1724
"52.5108584623839, 13.3670368026328","52.440493, 13.3911183",10324,2892
"52.5070101703049, 13.3444867009474","52.5075075, 13.3903737",3866,1168
"52.5070101703049, 13.3444867009474","52.5542753, 13.3785425",8271,2067
"52.5070101703049, 13.3444867009474","52.5063, 13.3840159",3350,1195
"52.5070101703049, 13.3444867009474","52.5206458, 13.2932877",4956,1963
"52.5070101703049, 13.3444867009474","52.5239216, 13.3888786",6934,1832
"52.5070101703049, 13.3444867009474","52.5168416, 13.3816742",4376,1218
"52.5070101703049, 13.3444867009474","52.5040556, 13.3379413",985,378
"52.5070101703049, 13.3444867009474","52.5090125, 13.3792937",2887,1223
"52.5070101703049, 13.3444867009474","52.4983661, 13.3605076",2762,1209
"52.5070101703049, 13.3444867009474","52.5478117, 13.3892456",9512,2283
"52.5070101703049, 13.3444867009474","52.5046782, 13.4490212",11756,2281
"52.5070101703049, 13.3444867009474","52.5136642, 13.4727613",11136,2819
"52.5070101703049, 13.3444867009474","52.5016098, 13.381181",2922,1095
"52.5070101703049, 13.3444867009474","52.5214137, 13.4034811",6119,1694
"52.5070101703049, 13.3444867009474","52.5176913, 13.4419715",9058,2609
"52.5070101703049, 13.3444867009474","52.517699, 13.3970326",5186,1496
"52.5070101703049, 13.3444867009474","52.5303108, 13.3186121",5215,1795
"52.5070101703049, 13.3444867009474","52.5146378, 13.3905283",5021,1442
"52.5070101703049, 13.3444867009474","52.5145186, 13.487322",12312,3250
"52.5070101703049, 13.3444867009474","52.5170316, 13.4012274",5703,1503
"52.5070101703049, 13.3444867009474","52.5207714, 13.3889021",6601,1569
"52.5070101703049, 13.3444867009474","52.5027268, 13.4453492",10640,2683
"52.5070101703049, 13.3444867009474","52.5284267, 13.3720175",5540,1744
"52.5070101703049, 13.3444867009474","52.5209131, 13.3871461",6470,1512
"52.5070101703049, 13.3444867009474","52.5304903, 13.3791152",6097,2078
"52.5070101703049, 13.3444867009474","52.4864896, 13.4217418",9384,2651
"52.5070101703049, 13.3444867009474","52.5215057, 13.4069139",6030,1624
"52.5070101703049, 13.3444867009474","52.5174377, 13.3898033",4832,1302
"52.5070101703049, 13.3444867009474","52.5111669, 13.4430356",12411,2816
"52.5070101703049, 13.3444867009474","52.5076615, 13.454537",12101,2551
"52.5070101703049, 13.3444867009474","52.5121441, 13.3083771",2818,1009
"52.5070101703049, 13.3444867009474","52.5087884, 13.378434",2855,1197
"52.5070101703049, 13.3444867009474","52.5019061, 13.3308361",1387,739
"52.5070101703049, 13.3444867009474","52.5088651, 13.2707514",5526,1499
"52.5070101703049, 13.3444867009474","52.5264743, 13.39691",6436,2189
"52.5070101703049, 13.3444867009474","52.5106807, 13.419484",6426,2354
"52.5070101703049, 13.3444867009474","52.4602228, 13.5056519",16324,3878
"52.5070101703049, 13.3444867009474","52.474199, 13.141735",20836,4854
"52.5070101703049, 13.3444867009474","52.5021802, 13.364582",2236,1087
"52.5070101703049, 13.3444867009474","52.5205791, 13.4089041",6326,1665
"52.5070101703049, 13.3444867009474","52.4986678, 13.3566505",2187,1123
"52.5070101703049, 13.3444867009474","52.520848, 13.4084747",6329,1667
"52.5070101703049, 13.3444867009474","52.49694, 13.4540533",11016,3332
"52.5070101703049, 13.3444867009474","52.4840199, 13.4053429",7077,2657
"52.5070101703049, 13.3444867009474","52.5049039, 13.4431471",10644,2677
"52.5070101703049, 13.3444867009474","52.524042, 13.402083",7779,1752
"52.5070101703049, 13.3444867009474","52.5071871, 13.390676",3829,1140
"52.5070101703049, 13.3444867009474","52.4583565, 13.2889441",9016,2509
"52.5070101703049, 13.3444867009474","52.5112074, 13.4169157",6261,2214
"52.5070101703049, 13.3444867009474","52.440493, 13.3911183",11679,2847
"52.5074959282666, 13.3926809515452","52.5075075, 13.3903737",194,158
"52.5074959282666, 13.3926809515452","52.5542753, 13.3785425",8424,2291
"52.5074959282666, 13.3926809515452","52.5063, 13.3840159",1508,709
"52.5074959282666, 13.3926809515452","52.5206458, 13.2932877",9718,2473
"52.5074959282666, 13.3926809515452","52.5239216, 13.3888786",2591,721
"52.5074959282666, 13.3926809515452","52.5168416, 13.3816742",3184,1024
"52.5074959282666, 13.3926809515452","52.5040556, 13.3379413",4888,1182
"52.5074959282666, 13.3926809515452","52.5090125, 13.3792937",1713,800
"52.5074959282666, 13.3926809515452","52.4983661, 13.3605076",3876,1168
"52.5074959282666, 13.3926809515452","52.5478117, 13.3892456",8031,1710
"52.5074959282666, 13.3926809515452","52.5046782, 13.4490212",5643,1466
"52.5074959282666, 13.3926809515452","52.5136642, 13.4727613",7744,1888
"52.5074959282666, 13.3926809515452","52.5016098, 13.381181",1355,570
"52.5074959282666, 13.3926809515452","52.5214137, 13.4034811",3502,1231
"52.5074959282666, 13.3926809515452","52.5176913, 13.4419715",5666,1678
"52.5074959282666, 13.3926809515452","52.517699, 13.3970326",1948,916
"52.5074959282666, 13.3926809515452","52.5303108, 13.3186121",8030,2460
"52.5074959282666, 13.3926809515452","52.5146378, 13.3905283",869,730
"52.5074959282666, 13.3926809515452","52.5145186, 13.487322",8920,2319
"52.5074959282666, 13.3926809515452","52.5170316, 13.4012274",2052,751
"52.5074959282666, 13.3926809515452","52.5207714, 13.3889021",1908,631
"52.5074959282666, 13.3926809515452","52.5027268, 13.4453492",6031,1780
"52.5074959282666, 13.3926809515452","52.5284267, 13.3720175",4062,1449
"52.5074959282666, 13.3926809515452","52.5209131, 13.3871461",1893,624
"52.5074959282666, 13.3926809515452","52.5304903, 13.3791152",3504,1001
"52.5074959282666, 13.3926809515452","52.4864896, 13.4217418",5576,1809
"52.5074959282666, 13.3926809515452","52.5215057, 13.4069139",3413,1161
"52.5074959282666, 13.3926809515452","52.5174377, 13.3898033",1518,555
"52.5074959282666, 13.3926809515452","52.5111669, 13.4430356",6827,2003
"52.5074959282666, 13.3926809515452","52.5076615, 13.454537",6194,1861
"52.5074959282666, 13.3926809515452","52.5121441, 13.3083771",7937,1663
"52.5074959282666, 13.3926809515452","52.5087884, 13.378434",1669,758
"52.5074959282666, 13.3926809515452","52.5019061, 13.3308361",5600,1477
"52.5074959282666, 13.3926809515452","52.5088651, 13.2707514",10645,2153
"52.5074959282666, 13.3926809515452","52.5264743, 13.39691",3429,1408
"52.5074959282666, 13.3926809515452","52.5106807, 13.419484",2601,1407
"52.5074959282666, 13.3926809515452","52.4602228, 13.5056519",11700,3071
"52.5074959282666, 13.3926809515452","52.474199, 13.141735",30711,5899
"52.5074959282666, 13.3926809515452","52.5021802, 13.364582",2978,1086
"52.5074959282666, 13.3926809515452","52.5205791, 13.4089041",3709,1202
"52.5074959282666, 13.3926809515452","52.4986678, 13.3566505",4923,1496
"52.5074959282666, 13.3926809515452","52.520848, 13.4084747",3712,1204
"52.5074959282666, 13.3926809515452","52.49694, 13.4540533",5856,2167
"52.5074959282666, 13.3926809515452","52.4840199, 13.4053429",4573,1757
"52.5074959282666, 13.3926809515452","52.5049039, 13.4431471",6122,1834
"52.5074959282666, 13.3926809515452","52.524042, 13.402083",3233,1147
"52.5074959282666, 13.3926809515452","52.5071871, 13.390676",226,184
"52.5074959282666, 13.3926809515452","52.4583565, 13.2889441",12677,3162
"52.5074959282666, 13.3926809515452","52.5112074, 13.4169157",2436,1267
"52.5074959282666, 13.3926809515452","52.440493, 13.3911183",8103,1436
"52.505812404343, 13.405502912704","52.5075075, 13.3903737",1394,468
"52.505812404343, 13.405502912704","52.5542753, 13.3785425",7494,1648
"52.505812404343, 13.405502912704","52.5063, 13.3840159",2476,912
"52.505812404343, 13.405502912704","52.5206458, 13.2932877",9930,2819
"52.505812404343, 13.405502912704","52.5239216, 13.3888786",3695,1732
"52.505812404343, 13.405502912704","52.5168416, 13.3816742",4152,1227
"52.505812404343, 13.405502912704","52.5040556, 13.3379413",5855,1385
"52.505812404343, 13.405502912704","52.5090125, 13.3792937",2965,1010
"52.505812404343, 13.405502912704","52.4983661, 13.3605076",4381,1514
"52.505812404343, 13.405502912704","52.5478117, 13.3892456",6583,1328
"52.505812404343, 13.405502912704","52.5046782, 13.4490212",3810,1393
"52.505812404343, 13.405502912704","52.5136642, 13.4727613",7381,1949
"52.505812404343, 13.405502912704","52.5016098, 13.381181",2323,773
"52.505812404343, 13.405502912704","52.5214137, 13.4034811",4246,1378
"52.505812404343, 13.405502912704","52.5176913, 13.4419715",5303,1739
"52.505812404343, 13.405502912704","52.517699, 13.3970326",1784,1499
"52.505812404343, 13.405502912704","52.5303108, 13.3186121",12078,2706
"52.505812404343, 13.405502912704","52.5146378, 13.3905283",2275,1252
"52.505812404343, 13.405502912704","52.5145186, 13.487322",8557,2380
"52.505812404343, 13.405502912704","52.5170316, 13.4012274",1543,1286
"52.505812404343, 13.405502912704","52.5207714, 13.3889021",4822,1387
"52.505812404343, 13.405502912704","52.5027268, 13.4453492",4198,1707
"52.505812404343, 13.405502912704","52.5284267, 13.3720175",6017,1504
"52.505812404343, 13.405502912704","52.5209131, 13.3871461",4690,1291
"52.505812404343, 13.405502912704","52.5304903, 13.3791152",5883,1848
"52.505812404343, 13.405502912704","52.4864896, 13.4217418",3073,984
"52.505812404343, 13.405502912704","52.5215057, 13.4069139",3226,1145
"52.505812404343, 13.405502912704","52.5174377, 13.3898033",2622,1566
"52.505812404343, 13.405502912704","52.5111669, 13.4430356",4527,2257
"52.505812404343, 13.405502912704","52.5076615, 13.454537",4361,1788
"52.505812404343, 13.405502912704","52.5121441, 13.3083771",8443,2009
"52.505812404343, 13.405502912704","52.5087884, 13.378434",2912,968
"52.505812404343, 13.405502912704","52.5019061, 13.3308361",6568,1680
"52.505812404343, 13.405502912704","52.5088651, 13.2707514",11151,2499
"52.505812404343, 13.405502912704","52.5264743, 13.39691",4420,1561
"52.505812404343, 13.405502912704","52.5106807, 13.419484",1671,764
"52.505812404343, 13.405502912704","52.4602228, 13.5056519",10594,2802
"52.505812404343, 13.405502912704","52.474199, 13.141735",31813,5360
"52.505812404343, 13.405502912704","52.5021802, 13.364582",3945,1289
"52.505812404343, 13.405502912704","52.5205791, 13.4089041",3079,1005
"52.505812404343, 13.405502912704","52.4986678, 13.3566505",5651,1786
"52.505812404343, 13.405502912704","52.520848, 13.4084747",3082,1007
"52.505812404343, 13.405502912704","52.49694, 13.4540533",4750,1898
"52.505812404343, 13.405502912704","52.4840199, 13.4053429",4707,1877
"52.505812404343, 13.405502912704","52.5049039, 13.4431471",4289,1761
"52.505812404343, 13.405502912704","52.524042, 13.402083",3851,1104
"52.505812404343, 13.405502912704","52.5071871, 13.390676",1356,440
"52.505812404343, 13.405502912704","52.4583565, 13.2889441",13645,3365
"52.505812404343, 13.405502912704","52.5112074, 13.4169157",1506,624
"52.505812404343, 13.405502912704","52.440493, 13.3911183",9207,2207
"52.5019710631541, 13.3829492827189","52.5075075, 13.3903737",1234,576
"52.5019710631541, 13.3829492827189","52.5542753, 13.3785425",7962,2023
"52.5019710631541, 13.3829492827189","52.5063, 13.3840159",714,602
"52.5019710631541, 13.3829492827189","52.5206458, 13.2932877",11454,2489
"52.5019710631541, 13.3829492827189","52.5239216, 13.3888786",3173,943
"52.5019710631541, 13.3829492827189","52.5168416, 13.3816742",2249,595
"52.5019710631541, 13.3829492827189","52.5040556, 13.3379413",4183,1144
"52.5019710631541, 13.3829492827189","52.5090125, 13.3792937",1368,595
"52.5019710631541, 13.3829492827189","52.4983661, 13.3605076",3205,979
"52.5019710631541, 13.3829492827189","52.5478117, 13.3892456",7096,1281
"52.5019710631541, 13.3829492827189","52.5046782, 13.4490212",5399,1221
"52.5019710631541, 13.3829492827189","52.5136642, 13.4727613",8956,1817
"52.5019710631541, 13.3829492827189","52.5016098, 13.381181",184,154
"52.5019710631541, 13.3829492827189","52.5214137, 13.4034811",4140,1079
"52.5019710631541, 13.3829492827189","52.5176913, 13.4419715",6878,1607
"52.5019710631541, 13.3829492827189","52.517699, 13.3970326",3398,1149
"52.5019710631541, 13.3829492827189","52.5303108, 13.3186121",11848,2894
"52.5019710631541, 13.3829492827189","52.5146378, 13.3905283",2744,1133
"52.5019710631541, 13.3829492827189","52.5145186, 13.487322",10132,2248
"52.5019710631541, 13.3829492827189","52.5170316, 13.4012274",3494,1163
"52.5019710631541, 13.3829492827189","52.5207714, 13.3889021",2918,755
"52.5019710631541, 13.3829492827189","52.5027268, 13.4453492",5787,1535
"52.5019710631541, 13.3829492827189","52.5284267, 13.3720175",4255,1183
"52.5019710631541, 13.3829492827189","52.5209131, 13.3871461",2786,659
"52.5019710631541, 13.3829492827189","52.5304903, 13.3791152",5152,1457
"52.5019710631541, 13.3829492827189","52.4864896, 13.4217418",4396,1307
"52.5019710631541, 13.3829492827189","52.5215057, 13.4069139",4897,1301
"52.5019710631541, 13.3829492827189","52.5174377, 13.3898033",2604,948
"52.5019710631541, 13.3829492827189","52.5111669, 13.4430356",8776,2140
"52.5019710631541, 13.3829492827189","52.5076615, 13.454537",5950,1616
"52.5019710631541, 13.3829492827189","52.5121441, 13.3083771",8629,1781
"52.5019710631541, 13.3829492827189","52.5087884, 13.378434",1305,563
"52.5019710631541, 13.3829492827189","52.5019061, 13.3308361",4895,1439
"52.5019710631541, 13.3829492827189","52.5088651, 13.2707514",9048,1964
"52.5019710631541, 13.3829492827189","52.5264743, 13.39691",4019,1187
"52.5019710631541, 13.3829492827189","52.5106807, 13.419484",4998,1598
"52.5019710631541, 13.3829492827189","52.4602228, 13.5056519",11520,2765
"52.5019710631541, 13.3829492827189","52.474199, 13.141735",27048,4928
"52.5019710631541, 13.3829492827189","52.5021802, 13.364582",2273,1048
"52.5019710631541, 13.3829492827189","52.5205791, 13.4089041",4791,1193
"52.5019710631541, 13.3829492827189","52.4986678, 13.3566505",3094,1172
"52.5019710631541, 13.3829492827189","52.520848, 13.4084747",4794,1195
"52.5019710631541, 13.3829492827189","52.49694, 13.4540533",5580,1900
"52.5019710631541, 13.3829492827189","52.4840199, 13.4053429",3633,1445
"52.5019710631541, 13.3829492827189","52.5049039, 13.4431471",5878,1589
"52.5019710631541, 13.3829492827189","52.524042, 13.402083",4145,1076
"52.5019710631541, 13.3829492827189","52.5071871, 13.390676",1197,548
"52.5019710631541, 13.3829492827189","52.4583565, 13.2889441",10887,2572
"52.5019710631541, 13.3829492827189","52.5112074, 13.4169157",4833,1458
"52.5019710631541, 13.3829492827189","52.440493, 13.3911183",7978,1863
"52.5002883520811, 13.3957699950806","52.5075075, 13.3903737",1154,964
"52.5002883520811, 13.3957699950806","52.5542753, 13.3785425",10542,2605
"52.5002883520811, 13.3957699950806","52.5063, 13.3840159",2075,847
"52.5002883520811, 13.3957699950806","52.5206458, 13.2932877",11467,3112
"52.5002883520811, 13.3957699950806","52.5239216, 13.3888786",3865,1138
"52.5002883520811, 13.3957699950806","52.5168416, 13.3816742",3206,1319
"52.5002883520811, 13.3957699950806","52.5040556, 13.3379413",6310,1938
"52.5002883520811, 13.3957699950806","52.5090125, 13.3792937",2556,932
"52.5002883520811, 13.3957699950806","52.4983661, 13.3605076",3033,1521
"52.5002883520811, 13.3957699950806","52.5478117, 13.3892456",7577,1979
"52.5002883520811, 13.3957699950806","52.5046782, 13.4490212",5120,1344
"52.5002883520811, 13.3957699950806","52.5136642, 13.4727613",9018,2305
"52.5002883520811, 13.3957699950806","52.5016098, 13.381181",2130,919
"52.5002883520811, 13.3957699950806","52.5214137, 13.4034811",4503,1567
"52.5002883520811, 13.3957699950806","52.5176913, 13.4419715",6940,2095
"52.5002883520811, 13.3957699950806","52.517699, 13.3970326",3222,1333
"52.5002883520811, 13.3957699950806","52.5303108, 13.3186121",10205,2997
"52.5002883520811, 13.3957699950806","52.5146378, 13.3905283",2930,1048
"52.5002883520811, 13.3957699950806","52.5145186, 13.487322",10194,2736
"52.5002883520811, 13.3957699950806","52.5170316, 13.4012274",2864,1329
"52.5002883520811, 13.3957699950806","52.5207714, 13.3889021",3183,1048
"52.5002883520811, 13.3957699950806","52.5027268, 13.4453492",5508,1658
"52.5002883520811, 13.3957699950806","52.5284267, 13.3720175",5608,1426
"52.5002883520811, 13.3957699950806","52.5209131, 13.3871461",3168,1041
"52.5002883520811, 13.3957699950806","52.5304903, 13.3791152",4779,1418
"52.5002883520811, 13.3957699950806","52.4864896, 13.4217418",3229,1329
"52.5002883520811, 13.3957699950806","52.5215057, 13.4069139",4153,1710
"52.5002883520811, 13.3957699950806","52.5174377, 13.3898033",2792,972
"52.5002883520811, 13.3957699950806","52.5111669, 13.4430356",5713,2668
"52.5002883520811, 13.3957699950806","52.5076615, 13.454537",5671,1739
"52.5002883520811, 13.3957699950806","52.5121441, 13.3083771",7094,2016
"52.5002883520811, 13.3957699950806","52.5087884, 13.378434",2503,890
"52.5002883520811, 13.3957699950806","52.5019061, 13.3308361",7022,2233
"52.5002883520811, 13.3957699950806","52.5088651, 13.2707514",9802,2506
"52.5002883520811, 13.3957699950806","52.5264743, 13.39691",4703,1825
"52.5002883520811, 13.3957699950806","52.5106807, 13.419484",4719,1721
"52.5002883520811, 13.3957699950806","52.4602228, 13.5056519",11242,2888
"52.5002883520811, 13.3957699950806","52.474199, 13.141735",29701,5032
"52.5002883520811, 13.3957699950806","52.5021802, 13.364582",2922,1703
"52.5002883520811, 13.3957699950806","52.5205791, 13.4089041",5154,1681
"52.5002883520811, 13.3957699950806","52.4986678, 13.3566505",3848,1714
"52.5002883520811, 13.3957699950806","52.520848, 13.4084747",5157,1683
"52.5002883520811, 13.3957699950806","52.49694, 13.4540533",5399,1984
"52.5002883520811, 13.3957699950806","52.4840199, 13.4053429",3421,1575
"52.5002883520811, 13.3957699950806","52.5049039, 13.4431471",5599,1712
"52.5002883520811, 13.3957699950806","52.524042, 13.402083",4508,1564
"52.5002883520811, 13.3957699950806","52.5071871, 13.390676",1116,934
"52.5002883520811, 13.3957699950806","52.4583565, 13.2889441",12268,3157
"52.5002883520811, 13.3957699950806","52.5112074, 13.4169157",4554,1581
"52.5002883520811, 13.3957699950806","52.440493, 13.3911183",7701,1634
"52.5147025397067, 13.3895912739212","52.5075075, 13.3903737",1588,489
"52.5147025397067, 13.3895912739212","52.5542753, 13.3785425",5532,1819
"52.5147025397067, 13.3895912739212","52.5063, 13.3840159",2292,1243
"52.5147025397067, 13.3895912739212","52.5206458, 13.2932877",9514,2283
"52.5147025397067, 13.3895912739212","52.5239216, 13.3888786",1466,481
"52.5147025397067, 13.3895912739212","52.5168416, 13.3816742",850,469
"52.5147025397067, 13.3895912739212","52.5040556, 13.3379413",5419,1685
"52.5147025397067, 13.3895912739212","52.5090125, 13.3792937",1509,610
"52.5147025397067, 13.3895912739212","52.4983661, 13.3605076",3672,978
"52.5147025397067, 13.3895912739212","52.5478117, 13.3892456",5136,1332
"52.5147025397067, 13.3895912739212","52.5046782, 13.4490212",6083,1426
"52.5147025397067, 13.3895912739212","52.5136642, 13.4727613",6602,1224
"52.5147025397067, 13.3895912739212","52.5016098, 13.381181",2759,1108
"52.5147025397067, 13.3895912739212","52.5214137, 13.4034811",1785,812
"52.5147025397067, 13.3895912739212","52.5176913, 13.4419715",4524,1014
"52.5147025397067, 13.3895912739212","52.517699, 13.3970326",786,671
"52.5147025397067, 13.3895912739212","52.5303108, 13.3186121",6358,2249
"52.5147025397067, 13.3895912739212","52.5146378, 13.3905283",58,46
"52.5147025397067, 13.3895912739212","52.5145186, 13.487322",7778,1655
"52.5147025397067, 13.3895912739212","52.5170316, 13.4012274",1038,223
"52.5147025397067, 13.3895912739212","52.5207714, 13.3889021",758,295
"52.5147025397067, 13.3895912739212","52.5027268, 13.4453492",6483,1760
"52.5147025397067, 13.3895912739212","52.5284267, 13.3720175",2885,878
"52.5147025397067, 13.3895912739212","52.5209131, 13.3871461",769,384
"52.5147025397067, 13.3895912739212","52.5304903, 13.3791152",2379,761
"52.5147025397067, 13.3895912739212","52.4864896, 13.4217418",5719,1614
"52.5147025397067, 13.3895912739212","52.5215057, 13.4069139",1696,742
"52.5147025397067, 13.3895912739212","52.5174377, 13.3898033",364,328
"52.5147025397067, 13.3895912739212","52.5111669, 13.4430356",5365,1710
"52.5147025397067, 13.3895912739212","52.5076615, 13.454537",6428,1696
"52.5147025397067, 13.3895912739212","52.5121441, 13.3083771",7733,1473
"52.5147025397067, 13.3895912739212","52.5087884, 13.378434",1465,568
"52.5147025397067, 13.3895912739212","52.5019061, 13.3308361",6378,1664
"52.5147025397067, 13.3895912739212","52.5088651, 13.2707514",10441,1963
"52.5147025397067, 13.3895912739212","52.5264743, 13.39691",2060,1238
"52.5147025397067, 13.3895912739212","52.5106807, 13.419484",2270,839
"52.5147025397067, 13.3895912739212","52.4602228, 13.5056519",11164,2478
"52.5147025397067, 13.3895912739212","52.474199, 13.141735",26563,4515
"52.5147025397067, 13.3895912739212","52.5021802, 13.364582",4060,1291
"52.5147025397067, 13.3895912739212","52.5205791, 13.4089041",1992,783
"52.5147025397067, 13.3895912739212","52.4986678, 13.3566505",4487,1171
"52.5147025397067, 13.3895912739212","52.520848, 13.4084747",1995,785
"52.5147025397067, 13.3895912739212","52.49694, 13.4540533",5320,1514
"52.5147025397067, 13.3895912739212","52.4840199, 13.4053429",5234,1826
"52.5147025397067, 13.3895912739212","52.5049039, 13.4431471",6495,1757
"52.5147025397067, 13.3895912739212","52.524042, 13.402083",2104,897
"52.5147025397067, 13.3895912739212","52.5071871, 13.390676",1550,459
"52.5147025397067, 13.3895912739212","52.4583565, 13.2889441",12061,2987
"52.5147025397067, 13.3895912739212","52.5112074, 13.4169157",2059,663
"52.5147025397067, 13.3895912739212","52.440493, 13.3911183",9236,1497
"52.5130197074311, 13.4024145603297","52.5075075, 13.3903737",1462,929
"52.5130197074311, 13.4024145603297","52.5542753, 13.3785425",6858,2027
"52.5130197074311, 13.4024145603297","52.5063, 13.3840159",3581,1179
"52.5130197074311, 13.4024145603297","52.5206458, 13.2932877",10370,2488
"52.5130197074311, 13.4024145603297","52.5239216, 13.3888786",3038,1071
"52.5130197074311, 13.4024145603297","52.5168416, 13.3816742",2515,1177
"52.5130197074311, 13.4024145603297","52.5040556, 13.3379413",6221,1584
"52.5130197074311, 13.4024145603297","52.5090125, 13.3792937",2364,815
"52.5130197074311, 13.4024145603297","52.4983661, 13.3605076",4527,1183
"52.5130197074311, 13.4024145603297","52.5478117, 13.3892456",5948,1707
"52.5130197074311, 13.4024145603297","52.5046782, 13.4490212",6688,1891
"52.5130197074311, 13.4024145603297","52.5136642, 13.4727613",6563,1595
"52.5130197074311, 13.4024145603297","52.5016098, 13.381181",3421,1234
"52.5130197074311, 13.4024145603297","52.5214137, 13.4034811",1210,1030
"52.5130197074311, 13.4024145603297","52.5176913, 13.4419715",4485,1385
"52.5130197074311, 13.4024145603297","52.517699, 13.3970326",1062,883
"52.5130197074311, 13.4024145603297","52.5303108, 13.3186121",11472,2900
"52.5130197074311, 13.4024145603297","52.5146378, 13.3905283",1869,696
"52.5130197074311, 13.4024145603297","52.5145186, 13.487322",7739,2026
"52.5130197074311, 13.4024145603297","52.5170316, 13.4012274",613,504
"52.5130197074311, 13.4024145603297","52.5207714, 13.3889021",2482,883
"52.5130197074311, 13.4024145603297","52.5027268, 13.4453492",3887,1579
"52.5130197074311, 13.4024145603297","52.5284267, 13.3720175",4609,1466
"52.5130197074311, 13.4024145603297","52.5209131, 13.3871461",2540,939
"52.5130197074311, 13.4024145603297","52.5304903, 13.3791152",4648,1540
"52.5130197074311, 13.4024145603297","52.4864896, 13.4217418",5298,1802
"52.5130197074311, 13.4024145603297","52.5215057, 13.4069139",1648,779
"52.5130197074311, 13.4024145603297","52.5174377, 13.3898033",2101,830
"52.5130197074311, 13.4024145603297","52.5111669, 13.4430356",5326,2081
"52.5130197074311, 13.4024145603297","52.5076615, 13.454537",7239,2286
"52.5130197074311, 13.4024145603297","52.5121441, 13.3083771",8589,1678
"52.5130197074311, 13.4024145603297","52.5087884, 13.378434",2320,773
"52.5130197074311, 13.4024145603297","52.5019061, 13.3308361",7233,1869
"52.5130197074311, 13.4024145603297","52.5088651, 13.2707514",11297,2168
"52.5130197074311, 13.4024145603297","52.5264743, 13.39691",3653,1850
"52.5130197074311, 13.4024145603297","52.5106807, 13.419484",1330,936
"52.5130197074311, 13.4024145603297","52.4602228, 13.5056519",10278,2575
"52.5130197074311, 13.4024145603297","52.474199, 13.141735",26328,5979
"52.5130197074311, 13.4024145603297","52.5021802, 13.364582",4915,1496
"52.5130197074311, 13.4024145603297","52.5205791, 13.4089041",1944,820
"52.5130197074311, 13.4024145603297","52.4986678, 13.3566505",5343,1376
"52.5130197074311, 13.4024145603297","52.520848, 13.4084747",1947,822
"52.5130197074311, 13.4024145603297","52.49694, 13.4540533",4434,1671
"52.5130197074311, 13.4024145603297","52.4840199, 13.4053429",4923,1787
"52.5130197074311, 13.4024145603297","52.5049039, 13.4431471",5937,1812
"52.5130197074311, 13.4024145603297","52.524042, 13.402083",2077,1131
"52.5130197074311, 13.4024145603297","52.5071871, 13.390676",1424,899
"52.5130197074311, 13.4024145603297","52.4583565, 13.2889441",14558,3634
"52.5130197074311, 13.4024145603297","52.5112074, 13.4169157",1119,760
"52.5130197074311, 13.4024145603297","52.440493, 13.3911183",9423,2150
"52.5091779475967, 13.3798589144269","52.5075075, 13.3903737",1601,861
"52.5091779475967, 13.3798589144269","52.5542753, 13.3785425",7295,2044
"52.5091779475967, 13.3798589144269","52.5063, 13.3840159",879,723
"52.5091779475967, 13.3798589144269","52.5206458, 13.2932877",8631,2305
"52.5091779475967, 13.3798589144269","52.5239216, 13.3888786",2506,964
"52.5091779475967, 13.3798589144269","52.5168416, 13.3816742",1582,616
"52.5091779475967, 13.3798589144269","52.5040556, 13.3379413",4159,1389
"52.5091779475967, 13.3798589144269","52.5090125, 13.3792937",586,482
"52.5091779475967, 13.3798589144269","52.4983661, 13.3605076",2673,1150
"52.5091779475967, 13.3798589144269","52.5478117, 13.3892456",6429,1302
"52.5091779475967, 13.3798589144269","52.5046782, 13.4490212",7454,1626
"52.5091779475967, 13.3798589144269","52.5136642, 13.4727613",8289,1838
"52.5091779475967, 13.3798589144269","52.5016098, 13.381181",1500,616
"52.5091779475967, 13.3798589144269","52.5214137, 13.4034811",4266,1491
"52.5091779475967, 13.3798589144269","52.5176913, 13.4419715",6211,1628
"52.5091779475967, 13.3798589144269","52.517699, 13.3970326",2849,1291
"52.5091779475967, 13.3798589144269","52.5303108, 13.3186121",10737,1990
"52.5091779475967, 13.3798589144269","52.5146378, 13.3905283",2203,1043
"52.5091779475967, 13.3798589144269","52.5145186, 13.487322",9465,2269
"52.5091779475967, 13.3798589144269","52.5170316, 13.4012274",3245,1300
"52.5091779475967, 13.3798589144269","52.5207714, 13.3889021",2251,776
"52.5091779475967, 13.3798589144269","52.5027268, 13.4453492",8161,2300
"52.5091779475967, 13.3798589144269","52.5284267, 13.3720175",3642,978
"52.5091779475967, 13.3798589144269","52.5209131, 13.3871461",2119,680
"52.5091779475967, 13.3798589144269","52.5304903, 13.3791152",4201,1388
"52.5091779475967, 13.3798589144269","52.4864896, 13.4217418",5255,1673
"52.5091779475967, 13.3798589144269","52.5215057, 13.4069139",4177,1421
"52.5091779475967, 13.3798589144269","52.5174377, 13.3898033",2375,1159
"52.5091779475967, 13.3798589144269","52.5111669, 13.4430356",8109,2161
"52.5091779475967, 13.3798589144269","52.5076615, 13.454537",7799,1896
"52.5091779475967, 13.3798589144269","52.5121441, 13.3083771",6850,1495
"52.5091779475967, 13.3798589144269","52.5087884, 13.378434",534,440
"52.5091779475967, 13.3798589144269","52.5019061, 13.3308361",5495,1686
"52.5091779475967, 13.3798589144269","52.5088651, 13.2707514",9558,1985
"52.5091779475967, 13.3798589144269","52.5264743, 13.39691",3353,1208
"52.5091779475967, 13.3798589144269","52.5106807, 13.419484",3711,1516
"52.5091779475967, 13.3798589144269","52.4602228, 13.5056519",12550,3147
"52.5091779475967, 13.3798589144269","52.474199, 13.141735",26534,4491
"52.5091779475967, 13.3798589144269","52.5021802, 13.364582",1912,934
"52.5091779475967, 13.3798589144269","52.5205791, 13.4089041",4115,1196
"52.5091779475967, 13.3798589144269","52.4986678, 13.3566505",2906,1322
"52.5091779475967, 13.3798589144269","52.520848, 13.4084747",4118,1198
"52.5091779475967, 13.3798589144269","52.49694, 13.4540533",14206,2451
"52.5091779475967, 13.3798589144269","52.4840199, 13.4053429",5085,2142
"52.5091779475967, 13.3798589144269","52.5049039, 13.4431471",8165,2294
"52.5091779475967, 13.3798589144269","52.524042, 13.402083",3478,1097
"52.5091779475967, 13.3798589144269","52.5071871, 13.390676",1564,833
"52.5091779475967, 13.3798589144269","52.4583565, 13.2889441",15919,2432
"52.5091779475967, 13.3798589144269","52.5112074, 13.4169157",3500,1340
"52.5091779475967, 13.3798589144269","52.440493, 13.3911183",11582,2196
"52.5341481839627, 13.3449317578554","52.5075075, 13.3903737",7225,2109
"52.5341481839627, 13.3449317578554","52.5542753, 13.3785425",4260,1356
"52.5341481839627, 13.3449317578554","52.5063, 13.3840159",11093,2234
"52.5341481839627, 13.3449317578554","52.5206458, 13.2932877",6602,1508
"52.5341481839627, 13.3449317578554","52.5239216, 13.3888786",5094,1802
"52.5341481839627, 13.3449317578554","52.5168416, 13.3816742",9005,1753
"52.5341481839627, 13.3449317578554","52.5040556, 13.3379413",4551,1258
"52.5341481839627, 13.3449317578554","52.5090125, 13.3792937",10053,1993
"52.5341481839627, 13.3449317578554","52.4983661, 13.3605076",6181,1601
"52.5341481839627, 13.3449317578554","52.5478117, 13.3892456",4090,861
"52.5341481839627, 13.3449317578554","52.5046782, 13.4490212",14405,2205
"52.5341481839627, 13.3449317578554","52.5136642, 13.4727613",11610,1665
"52.5341481839627, 13.3449317578554","52.5016098, 13.381181",10791,1993
"52.5341481839627, 13.3449317578554","52.5214137, 13.4034811",7738,1978
"52.5341481839627, 13.3449317578554","52.5176913, 13.4419715",13939,2519
"52.5341481839627, 13.3449317578554","52.517699, 13.3970326",6472,2309
"52.5341481839627, 13.3449317578554","52.5303108, 13.3186121",3225,1385
"52.5341481839627, 13.3449317578554","52.5146378, 13.3905283",6168,2013
"52.5341481839627, 13.3449317578554","52.5145186, 13.487322",12578,2485
"52.5341481839627, 13.3449317578554","52.5170316, 13.4012274",9223,2375
"52.5341481839627, 13.3449317578554","52.5207714, 13.3889021",8386,1631
"52.5341481839627, 13.3449317578554","52.5027268, 13.4453492",14805,2538
"52.5341481839627, 13.3449317578554","52.5284267, 13.3720175",3362,1635
"52.5341481839627, 13.3449317578554","52.5209131, 13.3871461",8245,1508
"52.5341481839627, 13.3449317578554","52.5304903, 13.3791152",3979,1830
"52.5341481839627, 13.3449317578554","52.4864896, 13.4217418",12554,2334
"52.5341481839627, 13.3449317578554","52.5215057, 13.4069139",8265,1955
"52.5341481839627, 13.3449317578554","52.5174377, 13.3898033",6031,1949
"52.5341481839627, 13.3449317578554","52.5111669, 13.4430356",15047,2706
"52.5341481839627, 13.3449317578554","52.5076615, 13.454537",14736,2441
"52.5341481839627, 13.3449317578554","52.5121441, 13.3083771",5639,1356
"52.5341481839627, 13.3449317578554","52.5087884, 13.378434",10045,1961
"52.5341481839627, 13.3449317578554","52.5019061, 13.3308361",4205,977
"52.5341481839627, 13.3449317578554","52.5088651, 13.2707514",8347,1846
"52.5341481839627, 13.3449317578554","52.5264743, 13.39691",8006,1889
"52.5341481839627, 13.3449317578554","52.5106807, 13.419484",9364,1934
"52.5341481839627, 13.3449317578554","52.4602228, 13.5056519",19628,3491
"52.5341481839627, 13.3449317578554","52.474199, 13.141735",23152,4558
"52.5341481839627, 13.3449317578554","52.5021802, 13.364582",6568,1914
"52.5341481839627, 13.3449317578554","52.5205791, 13.4089041",8094,1815
"52.5341481839627, 13.3449317578554","52.4986678, 13.3566505",5647,1602
"52.5341481839627, 13.3449317578554","52.520848, 13.4084747",8097,1817
"52.5341481839627, 13.3449317578554","52.49694, 13.4540533",14826,2434
"52.5341481839627, 13.3449317578554","52.4840199, 13.4053429",11700,3327
"52.5341481839627, 13.3449317578554","52.5049039, 13.4431471",14808,2525
"52.5341481839627, 13.3449317578554","52.524042, 13.402083",7337,1704
"52.5341481839627, 13.3449317578554","52.5071871, 13.390676",7187,2079
"52.5341481839627, 13.3449317578554","52.4583565, 13.2889441",11121,2609
"52.5341481839627, 13.3449317578554","52.5112074, 13.4169157",9199,1794
"52.5341481839627, 13.3449317578554","52.440493, 13.3911183",15114,2754
"52.5451978956234, 13.3643975551024","52.5075075, 13.3903737",5133,966
"52.5451978956234, 13.3643975551024","52.5542753, 13.3785425",2181,1049
"52.5451978956234, 13.3643975551024","52.5063, 13.3840159",6464,1691
"52.5451978956234, 13.3643975551024","52.5206458, 13.2932877",8426,1659
"52.5451978956234, 13.3643975551024","52.5239216, 13.3888786",3002,659
"52.5451978956234, 13.3643975551024","52.5168416, 13.3816742",4352,1133
"52.5451978956234, 13.3643975551024","52.5040556, 13.3379413",6625,1516
"52.5451978956234, 13.3643975551024","52.5090125, 13.3792937",5378,1448
"52.5451978956234, 13.3643975551024","52.4983661, 13.3605076",8255,1859
"52.5451978956234, 13.3643975551024","52.5478117, 13.3892456",2355,698
"52.5451978956234, 13.3643975551024","52.5046782, 13.4490212",10078,2112
"52.5451978956234, 13.3643975551024","52.5136642, 13.4727613",9875,1502
"52.5451978956234, 13.3643975551024","52.5016098, 13.381181",6162,1450
"52.5451978956234, 13.3643975551024","52.5214137, 13.4034811",4163,1322
"52.5451978956234, 13.3643975551024","52.5176913, 13.4419715",8094,1856
"52.5451978956234, 13.3643975551024","52.517699, 13.3970326",4380,1166
"52.5451978956234, 13.3643975551024","52.5303108, 13.3186121",5114,1560
"52.5451978956234, 13.3643975551024","52.5146378, 13.3905283",4076,870
"52.5451978956234, 13.3643975551024","52.5145186, 13.487322",10843,2322
"52.5451978956234, 13.3643975551024","52.5170316, 13.4012274",7259,1641
"52.5451978956234, 13.3643975551024","52.5207714, 13.3889021",3514,703
"52.5451978956234, 13.3643975551024","52.5027268, 13.4453492",10478,2446
"52.5451978956234, 13.3643975551024","52.5284267, 13.3720175",3567,1037
"52.5451978956234, 13.3643975551024","52.5209131, 13.3871461",3482,713
"52.5451978956234, 13.3643975551024","52.5304903, 13.3791152",4114,1129
"52.5451978956234, 13.3643975551024","52.4864896, 13.4217418",10819,2171
"52.5451978956234, 13.3643975551024","52.5215057, 13.4069139",4544,1546
"52.5451978956234, 13.3643975551024","52.5174377, 13.3898033",3939,806
"52.5451978956234, 13.3643975551024","52.5111669, 13.4430356",13312,2543
"52.5451978956234, 13.3643975551024","52.5076615, 13.454537",13001,2278
"52.5451978956234, 13.3643975551024","52.5121441, 13.3083771",7713,1674
"52.5451978956234, 13.3643975551024","52.5087884, 13.378434",5761,1471
"52.5451978956234, 13.3643975551024","52.5019061, 13.3308361",6279,1235
"52.5451978956234, 13.3643975551024","52.5088651, 13.2707514",10059,2079
"52.5451978956234, 13.3643975551024","52.5264743, 13.39691",3840,1346
"52.5451978956234, 13.3643975551024","52.5106807, 13.419484",8490,2197
"52.5451978956234, 13.3643975551024","52.4602228, 13.5056519",17893,3328
"52.5451978956234, 13.3643975551024","52.474199, 13.141735",24976,4709
"52.5451978956234, 13.3643975551024","52.5021802, 13.364582",7190,1914
"52.5451978956234, 13.3643975551024","52.5205791, 13.4089041",6748,1700
"52.5451978956234, 13.3643975551024","52.4986678, 13.3566505",7721,1860
"52.5451978956234, 13.3643975551024","52.520848, 13.4084747",6751,1702
"52.5451978956234, 13.3643975551024","52.49694, 13.4540533",13091,2271
"52.5451978956234, 13.3643975551024","52.4840199, 13.4053429",8780,2303
"52.5451978956234, 13.3643975551024","52.5049039, 13.4431471",10490,2443
"52.5451978956234, 13.3643975551024","52.524042, 13.402083",6102,1583
"52.5451978956234, 13.3643975551024","52.5071871, 13.390676",5095,936
"52.5451978956234, 13.3643975551024","52.4583565, 13.2889441",16439,2861
"52.5451978956234, 13.3643975551024","52.5112074, 13.4169157",8279,2021
"52.5451978956234, 13.3643975551024","52.440493, 13.3911183",12782,1974
"52.5413498240262, 13.341836201126","52.5075075, 13.3903737",6828,1753
"52.5413498240262, 13.341836201126","52.5542753, 13.3785425",4230,1179
"52.5413498240262, 13.341836201126","52.5063, 13.3840159",8823,2626
"52.5413498240262, 13.341836201126","52.5206458, 13.2932877",8790,2413
"52.5413498240262, 13.341836201126","52.5239216, 13.3888786",4697,1446
"52.5413498240262, 13.341836201126","52.5168416, 13.3816742",6048,1920
"52.5413498240262, 13.341836201126","52.5040556, 13.3379413",5967,1505
"52.5413498240262, 13.341836201126","52.5090125, 13.3792937",9527,2060
"52.5413498240262, 13.341836201126","52.4983661, 13.3605076",7975,1866
"52.5413498240262, 13.341836201126","52.5478117, 13.3892456",4529,1452
"52.5413498240262, 13.341836201126","52.5046782, 13.4490212",15597,2731
"52.5413498240262, 13.341836201126","52.5136642, 13.4727613",12540,2415
"52.5413498240262, 13.341836201126","52.5016098, 13.381181",9303,2294
"52.5413498240262, 13.341836201126","52.5214137, 13.4034811",11615,2205
"52.5413498240262, 13.341836201126","52.5176913, 13.4419715",10632,2643
"52.5413498240262, 13.341836201126","52.517699, 13.3970326",6076,1953
"52.5413498240262, 13.341836201126","52.5303108, 13.3186121",4421,1649
"52.5413498240262, 13.341836201126","52.5146378, 13.3905283",5772,1657
"52.5413498240262, 13.341836201126","52.5145186, 13.487322",15172,3596
"52.5413498240262, 13.341836201126","52.5170316, 13.4012274",8721,2560
"52.5413498240262, 13.341836201126","52.5207714, 13.3889021",5209,1490
"52.5413498240262, 13.341836201126","52.5027268, 13.4453492",15997,3065
"52.5413498240262, 13.341836201126","52.5284267, 13.3720175",5229,1853
"52.5413498240262, 13.341836201126","52.5209131, 13.3871461",5177,1500
"52.5413498240262, 13.341836201126","52.5304903, 13.3791152",4102,1546
"52.5413498240262, 13.341836201126","52.4864896, 13.4217418",12862,2578
"52.5413498240262, 13.341836201126","52.5215057, 13.4069139",8573,2199
"52.5413498240262, 13.341836201126","52.5174377, 13.3898033",5635,1593
"52.5413498240262, 13.341836201126","52.5111669, 13.4430356",16252,3266
"52.5413498240262, 13.341836201126","52.5076615, 13.454537",16830,3751
"52.5413498240262, 13.341836201126","52.5087884, 13.378434",9483,2018
"52.5413498240262, 13.341836201126","52.5019061, 13.3308361",5621,1224
"52.5413498240262, 13.341836201126","52.5088651, 13.2707514",9763,2153
"52.5413498240262, 13.341836201126","52.5264743, 13.39691",5535,2133
"52.5413498240262, 13.341836201126","52.5106807, 13.419484",9672,2178
"52.5413498240262, 13.341836201126","52.4602228, 13.5056519",21746,3922
"52.5413498240262, 13.341836201126","52.474199, 13.141735",24670,5304
"52.5413498240262, 13.341836201126","52.5021802, 13.364582",8362,2187
"52.5413498240262, 13.341836201126","52.5205791, 13.4089041",8402,2059
"52.5413498240262, 13.341836201126","52.4986678, 13.3566505",7395,1850
"52.5413498240262, 13.341836201126","52.520848, 13.4084747",8405,2061
"52.5413498240262, 13.341836201126","52.49694, 13.4540533",20918,3492
"52.5413498240262, 13.341836201126","52.4840199, 13.4053429",13116,3574
"52.5413498240262, 13.341836201126","52.5049039, 13.4431471",16009,3062
"52.5413498240262, 13.341836201126","52.524042, 13.402083",7645,1948
"52.5413498240262, 13.341836201126","52.5071871, 13.390676",6790,1723
"52.5413498240262, 13.341836201126","52.4583565, 13.2889441",12537,2856
"52.5413498240262, 13.341836201126","52.5112074, 13.4169157",9507,2038
"52.5413498240262, 13.341836201126","52.440493, 13.3911183",14477,2761
"52.5401577005979, 13.4028833220211","52.5075075, 13.3903737",5257,1933
"52.5401577005979, 13.4028833220211","52.5542753, 13.3785425",2940,1194
"52.5401577005979, 13.4028833220211","52.5063, 13.3840159",6354,1908
"52.5401577005979, 13.4028833220211","52.5206458, 13.2932877",11663,2445
"52.5401577005979, 13.4028833220211","52.5239216, 13.3888786",2901,1339
"52.5401577005979, 13.4028833220211","52.5168416, 13.3816742",4263,1367
"52.5401577005979, 13.4028833220211","52.5040556, 13.3379413",7486,2296
"52.5401577005979, 13.4028833220211","52.5090125, 13.3792937",5311,1667
"52.5401577005979, 13.4028833220211","52.4983661, 13.3605076",9145,2153
"52.5401577005979, 13.4028833220211","52.5478117, 13.3892456",1923,625
"52.5401577005979, 13.4028833220211","52.5046782, 13.4490212",6558,2029
"52.5401577005979, 13.4028833220211","52.5136642, 13.4727613",7526,1915
"52.5401577005979, 13.4028833220211","52.5016098, 13.381181",6052,1667
"52.5401577005979, 13.4028833220211","52.5214137, 13.4034811",2739,1252
"52.5401577005979, 13.4028833220211","52.5176913, 13.4419715",5207,1772
"52.5401577005979, 13.4028833220211","52.517699, 13.3970326",5822,1765
"52.5401577005979, 13.4028833220211","52.5303108, 13.3186121",7110,2189
"52.5401577005979, 13.4028833220211","52.5146378, 13.3905283",4200,1837
"52.5401577005979, 13.4028833220211","52.5145186, 13.487322",8119,2490
"52.5401577005979, 13.4028833220211","52.5170316, 13.4012274",5918,1779
"52.5401577005979, 13.4028833220211","52.5207714, 13.3889021",3644,1305
"52.5401577005979, 13.4028833220211","52.5027268, 13.4453492",6840,1975
"52.5401577005979, 13.4028833220211","52.5284267, 13.3720175",3275,1073
"52.5401577005979, 13.4028833220211","52.5209131, 13.3871461",3503,1182
"52.5401577005979, 13.4028833220211","52.5304903, 13.3791152",2318,832
"52.5401577005979, 13.4028833220211","52.4864896, 13.4217418",7678,1640
"52.5401577005979, 13.4028833220211","52.5215057, 13.4069139",5547,1842
"52.5401577005979, 13.4028833220211","52.5174377, 13.3898033",5167,1617
"52.5401577005979, 13.4028833220211","52.5111669, 13.4430356",6828,2192
"52.5401577005979, 13.4028833220211","52.5076615, 13.454537",6458,1905
"52.5401577005979, 13.4028833220211","52.5121441, 13.3083771",13206,2648
"52.5401577005979, 13.4028833220211","52.5087884, 13.378434",6938,1743
"52.5401577005979, 13.4028833220211","52.5019061, 13.3308361",8379,2364
"52.5401577005979, 13.4028833220211","52.5088651, 13.2707514",15914,3138
"52.5401577005979, 13.4028833220211","52.5264743, 13.39691",3264,1563
"52.5401577005979, 13.4028833220211","52.5106807, 13.419484",4488,1240
"52.5401577005979, 13.4028833220211","52.4602228, 13.5056519",13308,3397
"52.5401577005979, 13.4028833220211","52.474199, 13.141735",27260,4906
"52.5401577005979, 13.4028833220211","52.5021802, 13.364582",7030,2233
"52.5401577005979, 13.4028833220211","52.5205791, 13.4089041",3640,1336
"52.5401577005979, 13.4028833220211","52.4986678, 13.3566505",9960,2346
"52.5401577005979, 13.4028833220211","52.520848, 13.4084747",3643,1338
"52.5401577005979, 13.4028833220211","52.49694, 13.4540533",7992,2951
"52.5401577005979, 13.4028833220211","52.4840199, 13.4053429",10775,2738
"52.5401577005979, 13.4028833220211","52.5049039, 13.4431471",7104,2172
"52.5401577005979, 13.4028833220211","52.524042, 13.402083",2457,1027
"52.5401577005979, 13.4028833220211","52.5071871, 13.390676",5219,1903
"52.5401577005979, 13.4028833220211","52.4583565, 13.2889441",20397,3893
"52.5401577005979, 13.4028833220211","52.5112074, 13.4169157",4323,1100
"52.5401577005979, 13.4028833220211","52.440493, 13.3911183",12906,2941
"52.5363165845706, 13.3803184347441","52.5075075, 13.3903737",4089,970
"52.5363165845706, 13.3803184347441","52.5542753, 13.3785425",3351,1701
"52.5363165845706, 13.3803184347441","52.5063, 13.3840159",5462,1605
"52.5363165845706, 13.3803184347441","52.5206458, 13.2932877",9677,2491
"52.5363165845706, 13.3803184347441","52.5239216, 13.3888786",1959,663
"52.5363165845706, 13.3803184347441","52.5168416, 13.3816742",3371,1064
"52.5363165845706, 13.3803184347441","52.5040556, 13.3379413",8634,2356
"52.5363165845706, 13.3803184347441","52.5090125, 13.3792937",4419,1364
"52.5363165845706, 13.3803184347441","52.4983661, 13.3605076",6925,1885
"52.5363165845706, 13.3803184347441","52.5478117, 13.3892456",3531,1163
"52.5363165845706, 13.3803184347441","52.5046782, 13.4490212",7755,1858
"52.5363165845706, 13.3803184347441","52.5136642, 13.4727613",9129,2070
"52.5363165845706, 13.3803184347441","52.5016098, 13.381181",5160,1364
"52.5363165845706, 13.3803184347441","52.5214137, 13.4034811",2700,1192
"52.5363165845706, 13.3803184347441","52.5176913, 13.4419715",7051,1860
"52.5363165845706, 13.3803184347441","52.517699, 13.3970326",3337,1170
"52.5363165845706, 13.3803184347441","52.5303108, 13.3186121",5624,1957
"52.5363165845706, 13.3803184347441","52.5146378, 13.3905283",3033,874
"52.5363165845706, 13.3803184347441","52.5145186, 13.487322",10305,2501
"52.5363165845706, 13.3803184347441","52.5170316, 13.4012274",3667,1416
"52.5363165845706, 13.3803184347441","52.5207714, 13.3889021",2471,707
"52.5363165845706, 13.3803184347441","52.5027268, 13.4453492",8155,2192
"52.5363165845706, 13.3803184347441","52.5284267, 13.3720175",2081,1151
"52.5363165845706, 13.3803184347441","52.5209131, 13.3871461",2439,717
"52.5363165845706, 13.3803184347441","52.5304903, 13.3791152",1118,909
"52.5363165845706, 13.3803184347441","52.4864896, 13.4217418",8220,2095
"52.5363165845706, 13.3803184347441","52.5215057, 13.4069139",3081,1416
"52.5363165845706, 13.3803184347441","52.5174377, 13.3898033",2896,810
"52.5363165845706, 13.3803184347441","52.5111669, 13.4430356",8410,2393
"52.5363165845706, 13.3803184347441","52.5076615, 13.454537",8100,2128
"52.5363165845706, 13.3803184347441","52.5121441, 13.3083771",10986,2380
"52.5363165845706, 13.3803184347441","52.5087884, 13.378434",4411,1332
"52.5363165845706, 13.3803184347441","52.5019061, 13.3308361",7939,2061
"52.5363165845706, 13.3803184347441","52.5088651, 13.2707514",13694,2870
"52.5363165845706, 13.3803184347441","52.5264743, 13.39691",2372,1260
"52.5363165845706, 13.3803184347441","52.5106807, 13.419484",5744,2081
"52.5363165845706, 13.3803184347441","52.4602228, 13.5056519",15400,3552
"52.5363165845706, 13.3803184347441","52.474199, 13.141735",26227,5541
"52.5363165845706, 13.3803184347441","52.5021802, 13.364582",6535,1972
"52.5363165845706, 13.3803184347441","52.5205791, 13.4089041",3651,1492
"52.5363165845706, 13.3803184347441","52.4986678, 13.3566505",7740,2078
"52.5363165845706, 13.3803184347441","52.520848, 13.4084747",3654,1494
"52.5363165845706, 13.3803184347441","52.49694, 13.4540533",9557,2648
"52.5363165845706, 13.3803184347441","52.4840199, 13.4053429",7736,2307
"52.5363165845706, 13.3803184347441","52.5049039, 13.4431471",8167,2189
"52.5363165845706, 13.3803184347441","52.524042, 13.402083",3779,1329
"52.5363165845706, 13.3803184347441","52.5071871, 13.390676",4051,940
"52.5363165845706, 13.3803184347441","52.4583565, 13.2889441",15032,3093
"52.5363165845706, 13.3803184347441","52.5112074, 13.4169157",5682,1731
"52.5363165845706, 13.3803184347441","52.440493, 13.3911183",11738,1978
"52.5346358276543, 13.3931456980981","52.5075075, 13.3903737",4154,1471
"52.5346358276543, 13.3931456980981","52.5542753, 13.3785425",3111,1341
"52.5346358276543, 13.3931456980981","52.5063, 13.3840159",5271,1463
"52.5346358276543, 13.3931456980981","52.5206458, 13.2932877",11856,2603
"52.5346358276543, 13.3931456980981","52.5239216, 13.3888786",1980,952
"52.5346358276543, 13.3931456980981","52.5168416, 13.3816742",3180,922
"52.5346358276543, 13.3931456980981","52.5040556, 13.3379413",6661,2164
"52.5346358276543, 13.3931456980981","52.5090125, 13.3792937",4228,1222
"52.5346358276543, 13.3931456980981","52.4983661, 13.3605076",6959,2111
"52.5346358276543, 13.3931456980981","52.5478117, 13.3892456",3330,951
"52.5346358276543, 13.3931456980981","52.5046782, 13.4490212",7523,2329
"52.5346358276543, 13.3931456980981","52.5136642, 13.4727613",7908,2359
"52.5346358276543, 13.3931456980981","52.5016098, 13.381181",4969,1222
"52.5346358276543, 13.3931456980981","52.5214137, 13.4034811",2047,1175
"52.5346358276543, 13.3931456980981","52.5176913, 13.4419715",6172,2072
"52.5346358276543, 13.3931456980981","52.517699, 13.3970326",4997,1633
"52.5346358276543, 13.3931456980981","52.5303108, 13.3186121",6285,2057
"52.5346358276543, 13.3931456980981","52.5146378, 13.3905283",3097,1375
"52.5346358276543, 13.3931456980981","52.5145186, 13.487322",9084,2790
"52.5346358276543, 13.3931456980981","52.5170316, 13.4012274",5093,1647
"52.5346358276543, 13.3931456980981","52.5207714, 13.3889021",2561,860
"52.5346358276543, 13.3931456980981","52.5027268, 13.4453492",7806,2275
"52.5346358276543, 13.3931456980981","52.5284267, 13.3720175",2450,941
"52.5346358276543, 13.3931456980981","52.5304903, 13.3791152",1493,700
"52.5346358276543, 13.3931456980981","52.4864896, 13.4217418",7029,1660
"52.5346358276543, 13.3931456980981","52.5215057, 13.4069139",2271,1356
"52.5346358276543, 13.3931456980981","52.5174377, 13.3898033",2870,1114
"52.5346358276543, 13.3931456980981","52.5111669, 13.4430356",7793,2492
"52.5346358276543, 13.3931456980981","52.5076615, 13.454537",7423,2205
"52.5346358276543, 13.3931456980981","52.5121441, 13.3083771",8023,2922
"52.5346358276543, 13.3931456980981","52.5087884, 13.378434",4220,1190
"52.5346358276543, 13.3931456980981","52.5019061, 13.3308361",7554,2232
"52.5346358276543, 13.3931456980981","52.5088651, 13.2707514",12720,3016
"52.5346358276543, 13.3931456980981","52.5264743, 13.39691",1517,1248
"52.5346358276543, 13.3931456980981","52.5106807, 13.419484",3839,1260
"52.5346358276543, 13.3931456980981","52.4602228, 13.5056519",12659,3417
"52.5346358276543, 13.3931456980981","52.474199, 13.141735",28448,4748
"52.5346358276543, 13.3931456980981","52.5021802, 13.364582",6197,1835
"52.5346358276543, 13.3931456980981","52.5205791, 13.4089041",2569,1141
"52.5346358276543, 13.3931456980981","52.4986678, 13.3566505",7192,2223
"52.5346358276543, 13.3931456980981","52.520848, 13.4084747",2572,1143
"52.5346358276543, 13.3931456980981","52.49694, 13.4540533",6815,2513
"52.5346358276543, 13.3931456980981","52.4840199, 13.4053429",10126,2758
"52.5346358276543, 13.3931456980981","52.5049039, 13.4431471",8070,2472
"52.5346358276543, 13.3931456980981","52.524042, 13.402083",1765,950
"52.5346358276543, 13.3931456980981","52.5071871, 13.390676",4386,1385
"52.5346358276543, 13.3931456980981","52.4583565, 13.2889441",14841,2951
"52.5346358276543, 13.3931456980981","52.5112074, 13.4169157",3674,1120
"52.5346358276543, 13.3931456980981","52.440493, 13.3911183",12073,2423
"52.5490417492866, 13.3869632839125","52.5075075, 13.3903737",7727,1711
"52.5490417492866, 13.3869632839125","52.5542753, 13.3785425",1240,661
"52.5490417492866, 13.3869632839125","52.5063, 13.3840159",7411,1491
"52.5490417492866, 13.3869632839125","52.5206458, 13.2932877",9985,1661
"52.5490417492866, 13.3869632839125","52.5239216, 13.3888786",4120,980
"52.5490417492866, 13.3869632839125","52.5168416, 13.3816742",5320,950
"52.5490417492866, 13.3869632839125","52.5040556, 13.3379413",8536,1812
"52.5490417492866, 13.3869632839125","52.5090125, 13.3792937",6368,1250
"52.5490417492866, 13.3869632839125","52.4983661, 13.3605076",10998,2156
"52.5490417492866, 13.3869632839125","52.5478117, 13.3892456",214,195
"52.5490417492866, 13.3869632839125","52.5046782, 13.4490212",7378,1530
"52.5490417492866, 13.3869632839125","52.5136642, 13.4727613",7964,1257
"52.5490417492866, 13.3869632839125","52.5016098, 13.381181",7109,1250
"52.5490417492866, 13.3869632839125","52.5214137, 13.4034811",3843,1111
"52.5490417492866, 13.3869632839125","52.5176913, 13.4419715",6429,1532
"52.5490417492866, 13.3869632839125","52.517699, 13.3970326",5221,1494
"52.5490417492866, 13.3869632839125","52.5303108, 13.3186121",5825,1457
"52.5490417492866, 13.3869632839125","52.5146378, 13.3905283",6014,1681
"52.5490417492866, 13.3869632839125","52.5145186, 13.487322",9683,2173
"52.5490417492866, 13.3869632839125","52.5170316, 13.4012274",5328,1508
"52.5490417492866, 13.3869632839125","52.5207714, 13.3889021",4701,888
"52.5490417492866, 13.3869632839125","52.5027268, 13.4453492",7467,2206
"52.5490417492866, 13.3869632839125","52.5284267, 13.3720175",4571,1466
"52.5490417492866, 13.3869632839125","52.5209131, 13.3871461",4560,765
"52.5490417492866, 13.3869632839125","52.5304903, 13.3791152",3563,1167
"52.5490417492866, 13.3869632839125","52.4864896, 13.4217418",8659,1467
"52.5490417492866, 13.3869632839125","52.5215057, 13.4069139",4370,1088
"52.5490417492866, 13.3869632839125","52.5174377, 13.3898033",5010,1142
"52.5490417492866, 13.3869632839125","52.5111669, 13.4430356",8033,2065
"52.5490417492866, 13.3869632839125","52.5076615, 13.454537",7723,1800
"52.5490417492866, 13.3869632839125","52.5121441, 13.3083771",9752,1811
"52.5490417492866, 13.3869632839125","52.5087884, 13.378434",6360,1218
"52.5490417492866, 13.3869632839125","52.5019061, 13.3308361",8190,1531
"52.5490417492866, 13.3869632839125","52.5088651, 13.2707514",11618,2081
"52.5490417492866, 13.3869632839125","52.5264743, 13.39691",4011,1294
"52.5490417492866, 13.3869632839125","52.5106807, 13.419484",5469,1067
"52.5490417492866, 13.3869632839125","52.4602228, 13.5056519",14289,3224
"52.5490417492866, 13.3869632839125","52.474199, 13.141735",25553,3909
"52.5490417492866, 13.3869632839125","52.5021802, 13.364582",7522,1816
"52.5490417492866, 13.3869632839125","52.5205791, 13.4089041",4199,948
"52.5490417492866, 13.3869632839125","52.4986678, 13.3566505",10419,2260
"52.5490417492866, 13.3869632839125","52.520848, 13.4084747",4202,950
"52.5490417492866, 13.3869632839125","52.49694, 13.4540533",11180,2026
"52.5490417492866, 13.3869632839125","52.4840199, 13.4053429",11755,2565
"52.5490417492866, 13.3869632839125","52.5049039, 13.4431471",7471,2200
"52.5490417492866, 13.3869632839125","52.524042, 13.402083",3442,837
"52.5490417492866, 13.3869632839125","52.5071871, 13.390676",7689,1683
"52.5490417492866, 13.3869632839125","52.4583565, 13.2889441",17998,2863
"52.5490417492866, 13.3869632839125","52.5112074, 13.4169157",5304,927
"52.5490417492866, 13.3869632839125","52.440493, 13.3911183",14027,2524
"52.5214188217429, 13.3382973844717","52.5075075, 13.3903737",8945,2084
"52.5214188217429, 13.3382973844717","52.5542753, 13.3785425",6194,1879
"52.5214188217429, 13.3382973844717","52.5063, 13.3840159",6918,2319
"52.5214188217429, 13.3382973844717","52.5206458, 13.2932877",5176,2206
"52.5214188217429, 13.3382973844717","52.5239216, 13.3888786",4139,1238
"52.5214188217429, 13.3382973844717","52.5168416, 13.3816742",4177,1600
"52.5214188217429, 13.3382973844717","52.5040556, 13.3379413",4130,1386
"52.5214188217429, 13.3382973844717","52.5090125, 13.3792937",5354,2012
"52.5214188217429, 13.3382973844717","52.4983661, 13.3605076",4878,1439
"52.5214188217429, 13.3382973844717","52.5478117, 13.3892456",6406,2045
"52.5214188217429, 13.3382973844717","52.5046782, 13.4490212",9561,2123
"52.5214188217429, 13.3382973844717","52.5136642, 13.4727613",12366,2650
"52.5214188217429, 13.3382973844717","52.5016098, 13.381181",6928,2109
"52.5214188217429, 13.3382973844717","52.5214137, 13.4034811",5580,1597
"52.5214188217429, 13.3382973844717","52.5176913, 13.4419715",9301,2663
"52.5214188217429, 13.3382973844717","52.517699, 13.3970326",5821,2205
"52.5214188217429, 13.3382973844717","52.5303108, 13.3186121",2213,1142
"52.5214188217429, 13.3382973844717","52.5146378, 13.3905283",5120,1700
"52.5214188217429, 13.3382973844717","52.5145186, 13.487322",12555,3304
"52.5214188217429, 13.3382973844717","52.5170316, 13.4012274",6092,1878
"52.5214188217429, 13.3382973844717","52.5207714, 13.3889021",4407,1411
"52.5214188217429, 13.3382973844717","52.5027268, 13.4453492",9961,2457
"52.5214188217429, 13.3382973844717","52.5284267, 13.3720175",3274,1333
"52.5214188217429, 13.3382973844717","52.5209131, 13.3871461",4276,1354
"52.5214188217429, 13.3382973844717","52.5304903, 13.3791152",3891,1528
"52.5214188217429, 13.3382973844717","52.4864896, 13.4217418",14979,2909
"52.5214188217429, 13.3382973844717","52.5215057, 13.4069139",6330,1819
"52.5214188217429, 13.3382973844717","52.5174377, 13.3898033",4706,1650
"52.5214188217429, 13.3382973844717","52.5111669, 13.4430356",10212,2658
"52.5214188217429, 13.3382973844717","52.5076615, 13.454537",9902,2393
"52.5214188217429, 13.3382973844717","52.5121441, 13.3083771",3950,1707
"52.5214188217429, 13.3382973844717","52.5087884, 13.378434",5301,1970
"52.5214188217429, 13.3382973844717","52.5019061, 13.3308361",3784,1105
"52.5214188217429, 13.3382973844717","52.5088651, 13.2707514",7926,1974
"52.5214188217429, 13.3382973844717","52.5264743, 13.39691",5727,2313
"52.5214188217429, 13.3382973844717","52.5106807, 13.419484",7752,2222
"52.5214188217429, 13.3382973844717","52.4602228, 13.5056519",18565,3587
"52.5214188217429, 13.3382973844717","52.474199, 13.141735",26959,5362
"52.5214188217429, 13.3382973844717","52.5021802, 13.364582",5265,1760
"52.5214188217429, 13.3382973844717","52.5205791, 13.4089041",6224,1711
"52.5214188217429, 13.3382973844717","52.4986678, 13.3566505",4298,1423
"52.5214188217429, 13.3382973844717","52.520848, 13.4084747",6227,1713
"52.5214188217429, 13.3382973844717","52.49694, 13.4540533",12651,3285
"52.5214188217429, 13.3382973844717","52.4840199, 13.4053429",9450,3044
"52.5214188217429, 13.3382973844717","52.5049039, 13.4431471",9969,2454
"52.5214188217429, 13.3382973844717","52.524042, 13.402083",5578,1594
"52.5214188217429, 13.3382973844717","52.5071871, 13.390676",8907,2054
"52.5214188217429, 13.3382973844717","52.4583565, 13.2889441",10700,2737
"52.5214188217429, 13.3382973844717","52.5112074, 13.4169157",7479,1996
"52.5214188217429, 13.3382973844717","52.440493, 13.3911183",16594,3092
"52.5269455786517, 13.348026679367","52.5075075, 13.3903737",7968,1877
"52.5269455786517, 13.348026679367","52.5542753, 13.3785425",5359,1348
"52.5269455786517, 13.348026679367","52.5063, 13.3840159",6139,1906
"52.5269455786517, 13.348026679367","52.5206458, 13.2932877",5380,2116
"52.5269455786517, 13.348026679367","52.5239216, 13.3888786",3428,1207
"52.5269455786517, 13.348026679367","52.5168416, 13.3816742",3870,1606
"52.5269455786517, 13.348026679367","52.5040556, 13.3379413",3932,1268
"52.5269455786517, 13.348026679367","52.5090125, 13.3792937",5187,1636
"52.5269455786517, 13.348026679367","52.4983661, 13.3605076",5562,1611
"52.5269455786517, 13.348026679367","52.5478117, 13.3892456",5570,1514
"52.5269455786517, 13.348026679367","52.5046782, 13.4490212",9119,2098
"52.5269455786517, 13.348026679367","52.5136642, 13.4727613",10600,2460
"52.5269455786517, 13.348026679367","52.5016098, 13.381181",6088,1849
"52.5269455786517, 13.348026679367","52.5214137, 13.4034811",5135,1572
"52.5269455786517, 13.348026679367","52.5176913, 13.4419715",8522,2250
"52.5269455786517, 13.348026679367","52.517699, 13.3970326",5042,1792
"52.5269455786517, 13.348026679367","52.5303108, 13.3186121",2253,985
"52.5269455786517, 13.348026679367","52.5146378, 13.3905283",5292,1689
"52.5269455786517, 13.348026679367","52.5145186, 13.487322",11776,2891
"52.5269455786517, 13.348026679367","52.5170316, 13.4012274",5138,1806
"52.5269455786517, 13.348026679367","52.5207714, 13.3889021",3975,1386
"52.5269455786517, 13.348026679367","52.5027268, 13.4453492",11666,3276
"52.5269455786517, 13.348026679367","52.5284267, 13.3720175",2495,920
"52.5269455786517, 13.348026679367","52.5209131, 13.3871461",3844,1329
"52.5269455786517, 13.348026679367","52.5304903, 13.3791152",3112,1115
"52.5269455786517, 13.348026679367","52.4864896, 13.4217418",9814,2609
"52.5269455786517, 13.348026679367","52.5215057, 13.4069139",5892,1794
"52.5269455786517, 13.348026679367","52.5174377, 13.3898033",4268,1625
"52.5269455786517, 13.348026679367","52.5111669, 13.4430356",9774,2633
"52.5269455786517, 13.348026679367","52.5076615, 13.454537",9464,2368
"52.5269455786517, 13.348026679367","52.5121441, 13.3083771",4154,1617
"52.5269455786517, 13.348026679367","52.5087884, 13.378434",5134,1594
"52.5269455786517, 13.348026679367","52.5019061, 13.3308361",3586,987
"52.5269455786517, 13.348026679367","52.5088651, 13.2707514",7728,1976
"52.5269455786517, 13.348026679367","52.5264743, 13.39691",4948,1900
"52.5269455786517, 13.348026679367","52.5106807, 13.419484",10861,2302
"52.5269455786517, 13.348026679367","52.4602228, 13.5056519",18127,3562
"52.5269455786517, 13.348026679367","52.474199, 13.141735",23747,5607
"52.5269455786517, 13.348026679367","52.5021802, 13.364582",6250,1960
"52.5269455786517, 13.348026679367","52.5205791, 13.4089041",5786,1686
"52.5269455786517, 13.348026679367","52.4986678, 13.3566505",5028,1612
"52.5269455786517, 13.348026679367","52.520848, 13.4084747",5789,1688
"52.5269455786517, 13.348026679367","52.49694, 13.4540533",18883,3255
"52.5269455786517, 13.348026679367","52.4840199, 13.4053429",11081,3337
"52.5269455786517, 13.348026679367","52.5049039, 13.4431471",9531,2429
"52.5269455786517, 13.348026679367","52.524042, 13.402083",5140,1569
"52.5269455786517, 13.348026679367","52.5071871, 13.390676",7930,1847
"52.5269455786517, 13.348026679367","52.4583565, 13.2889441",10502,2619
"52.5269455786517, 13.348026679367","52.5112074, 13.4169157",7041,1971
"52.5269455786517, 13.348026679367","52.440493, 13.3911183",15617,2885
"52.5230941307428, 13.3254737325758","52.5075075, 13.3903737",6443,2131
"52.5230941307428, 13.3254737325758","52.5542753, 13.3785425",7198,2233
"52.5230941307428, 13.3254737325758","52.5063, 13.3840159",5927,2158
"52.5230941307428, 13.3254737325758","52.5206458, 13.2932877",3563,1500
"52.5230941307428, 13.3254737325758","52.5239216, 13.3888786",4907,1341
"52.5230941307428, 13.3254737325758","52.5168416, 13.3816742",4945,1703
"52.5230941307428, 13.3254737325758","52.5040556, 13.3379413",5052,1446
"52.5230941307428, 13.3254737325758","52.5090125, 13.3792937",7162,2138
"52.5230941307428, 13.3254737325758","52.4983661, 13.3605076",5079,1398
"52.5230941307428, 13.3254737325758","52.5478117, 13.3892456",9633,2338
"52.5230941307428, 13.3254737325758","52.5046782, 13.4490212",10619,2512
"52.5230941307428, 13.3254737325758","52.5136642, 13.4727613",11977,2874
"52.5230941307428, 13.3254737325758","52.5016098, 13.381181",7900,2198
"52.5230941307428, 13.3254737325758","52.5214137, 13.4034811",6638,1986
"52.5230941307428, 13.3254737325758","52.5176913, 13.4419715",9899,2664
"52.5230941307428, 13.3254737325758","52.517699, 13.3970326",6419,2206
"52.5230941307428, 13.3254737325758","52.5303108, 13.3186121",1883,1111
"52.5230941307428, 13.3254737325758","52.5146378, 13.3905283",5888,1803
"52.5230941307428, 13.3254737325758","52.5145186, 13.487322",13153,3305
"52.5230941307428, 13.3254737325758","52.5170316, 13.4012274",6860,1981
"52.5230941307428, 13.3254737325758","52.5207714, 13.3889021",5382,1493
"52.5230941307428, 13.3254737325758","52.5027268, 13.4453492",11019,2846
"52.5230941307428, 13.3254737325758","52.5284267, 13.3720175",3808,1634
"52.5230941307428, 13.3254737325758","52.5209131, 13.3871461",5243,1368
"52.5230941307428, 13.3254737325758","52.5304903, 13.3791152",4425,1829
"52.5230941307428, 13.3254737325758","52.4864896, 13.4217418",13436,2805
"52.5230941307428, 13.3254737325758","52.5215057, 13.4069139",7386,2118
"52.5230941307428, 13.3254737325758","52.5174377, 13.3898033",5727,1779
"52.5230941307428, 13.3254737325758","52.5111669, 13.4430356",11274,3047
"52.5230941307428, 13.3254737325758","52.5076615, 13.454537",10964,2782
"52.5230941307428, 13.3254737325758","52.5121441, 13.3083771",2337,1001
"52.5230941307428, 13.3254737325758","52.5087884, 13.378434",7154,2106
"52.5230941307428, 13.3254737325758","52.5019061, 13.3308361",4904,1559
"52.5230941307428, 13.3254737325758","52.5088651, 13.2707514",5048,1780
"52.5230941307428, 13.3254737325758","52.5264743, 13.39691",6557,2244
"52.5230941307428, 13.3254737325758","52.5106807, 13.419484",8091,2537
"52.5230941307428, 13.3254737325758","52.4602228, 13.5056519",16985,4356
"52.5230941307428, 13.3254737325758","52.474199, 13.141735",21930,4991
"52.5230941307428, 13.3254737325758","52.5021802, 13.364582",5466,1719
"52.5230941307428, 13.3254737325758","52.5205791, 13.4089041",7280,2010
"52.5230941307428, 13.3254737325758","52.4986678, 13.3566505",4499,1382
"52.5230941307428, 13.3254737325758","52.520848, 13.4084747",7283,2012
"52.5230941307428, 13.3254737325758","52.49694, 13.4540533",11141,3452
"52.5230941307428, 13.3254737325758","52.4840199, 13.4053429",9651,3003
"52.5230941307428, 13.3254737325758","52.5049039, 13.4431471",11031,2843
"52.5230941307428, 13.3254737325758","52.524042, 13.402083",6643,1983
"52.5230941307428, 13.3254737325758","52.5071871, 13.390676",6406,2103
"52.5230941307428, 13.3254737325758","52.4583565, 13.2889441",9359,2646
"52.5230941307428, 13.3254737325758","52.5112074, 13.4169157",7880,2361
"52.5230941307428, 13.3254737325758","52.440493, 13.3911183",14939,3382
"52.509310777038, 13.222486883465","52.5075075, 13.3903737",15602,2619
"52.509310777038, 13.222486883465","52.5542753, 13.3785425",20433,3418
"52.509310777038, 13.222486883465","52.5063, 13.3840159",16789,2984
"52.509310777038, 13.222486883465","52.5206458, 13.2932877",8081,2316
"52.509310777038, 13.222486883465","52.5239216, 13.3888786",14302,2308
"52.509310777038, 13.222486883465","52.5168416, 13.3816742",14558,2514
"52.509310777038, 13.222486883465","52.5040556, 13.3379413",9358,1915
"52.509310777038, 13.222486883465","52.5090125, 13.3792937",13326,2686
"52.509310777038, 13.222486883465","52.4983661, 13.3605076",11396,2474
"52.509310777038, 13.222486883465","52.5478117, 13.3892456",16304,2571
"52.509310777038, 13.222486883465","52.5046782, 13.4490212",19123,2757
"52.509310777038, 13.222486883465","52.5136642, 13.4727613",24247,3278
"52.509310777038, 13.222486883465","52.5016098, 13.381181",16487,2743
"52.509310777038, 13.222486883465","52.5214137, 13.4034811",15142,2231
"52.509310777038, 13.222486883465","52.5176913, 13.4419715",18212,3509
"52.509310777038, 13.222486883465","52.517699, 13.3970326",15778,2731
"52.509310777038, 13.222486883465","52.5303108, 13.3186121",12607,2742
"52.509310777038, 13.222486883465","52.5146378, 13.3905283",14544,2543
"52.509310777038, 13.222486883465","52.5145186, 13.487322",21466,4150
"52.509310777038, 13.222486883465","52.5170316, 13.4012274",15743,2732
"52.509310777038, 13.222486883465","52.5207714, 13.3889021",13969,2045
"52.509310777038, 13.222486883465","52.5027268, 13.4453492",19523,3091
"52.509310777038, 13.222486883465","52.5284267, 13.3720175",12907,2220
"52.509310777038, 13.222486883465","52.5209131, 13.3871461",13838,1988
"52.509310777038, 13.222486883465","52.5304903, 13.3791152",13464,2554
"52.509310777038, 13.222486883465","52.4864896, 13.4217418",17048,3199
"52.509310777038, 13.222486883465","52.5215057, 13.4069139",15899,2453
"52.509310777038, 13.222486883465","52.5174377, 13.3898033",14262,2284
"52.509310777038, 13.222486883465","52.5111669, 13.4430356",19778,3292
"52.509310777038, 13.222486883465","52.5076615, 13.454537",19468,3027
"52.509310777038, 13.222486883465","52.5121441, 13.3083771",6575,1865
"52.509310777038, 13.222486883465","52.5087884, 13.378434",13282,2644
"52.509310777038, 13.222486883465","52.5019061, 13.3308361",9289,1853
"52.509310777038, 13.222486883465","52.5088651, 13.2707514",3896,1107
"52.509310777038, 13.222486883465","52.5264743, 13.39691",15794,2749
"52.509310777038, 13.222486883465","52.5106807, 13.419484",17323,2856
"52.509310777038, 13.222486883465","52.4602228, 13.5056519",28666,4597
"52.509310777038, 13.222486883465","52.474199, 13.141735",12034,3063
"52.509310777038, 13.222486883465","52.5021802, 13.364582",11783,2787
"52.509310777038, 13.222486883465","52.5205791, 13.4089041",15793,2345
"52.509310777038, 13.222486883465","52.4986678, 13.3566505",10862,2475
"52.509310777038, 13.222486883465","52.520848, 13.4084747",15796,2347
"52.509310777038, 13.222486883465","52.49694, 13.4540533",22195,3518
"52.509310777038, 13.222486883465","52.4840199, 13.4053429",16464,3550
"52.509310777038, 13.222486883465","52.5049039, 13.4431471",19535,3088
"52.509310777038, 13.222486883465","52.524042, 13.402083",15147,2228
"52.509310777038, 13.222486883465","52.5071871, 13.390676",15564,2589
"52.509310777038, 13.222486883465","52.4583565, 13.2889441",12208,2882
"52.509310777038, 13.222486883465","52.5112074, 13.4169157",17050,2630
"52.509310777038, 13.222486883465","52.440493, 13.3911183",23251,3627
"52.4926964234303, 13.1933566268373","52.5075075, 13.3903737",32158,11553
"52.4926964234303, 13.1933566268373","52.5542753, 13.3785425",29295,11763
"52.4926964234303, 13.1933566268373","52.5063, 13.3840159",32970,11799
"52.4926964234303, 13.1933566268373","52.5206458, 13.2932877",21863,10780
"52.4926964234303, 13.1933566268373","52.5239216, 13.3888786",30811,11056
"52.4926964234303, 13.1933566268373","52.5168416, 13.3816742",27497,11292
"52.4926964234303, 13.1933566268373","52.5040556, 13.3379413",22645,10707
"52.4926964234303, 13.1933566268373","52.5090125, 13.3792937",26397,11620
"52.4926964234303, 13.1933566268373","52.4983661, 13.3605076",24474,11408
"52.4926964234303, 13.1933566268373","52.5478117, 13.3892456",28226,11505
"52.4926964234303, 13.1933566268373","52.5046782, 13.4490212",32746,11691
"52.4926964234303, 13.1933566268373","52.5136642, 13.4727613",36821,12053
"52.4926964234303, 13.1933566268373","52.5016098, 13.381181",32042,11951
"52.4926964234303, 13.1933566268373","52.5214137, 13.4034811",28764,11165
"52.4926964234303, 13.1933566268373","52.5176913, 13.4419715",34743,11843
"52.4926964234303, 13.1933566268373","52.517699, 13.3970326",28307,11510
"52.4926964234303, 13.1933566268373","52.5303108, 13.3186121",23945,11598
"52.4926964234303, 13.1933566268373","52.5146378, 13.3905283",31051,11297
"52.4926964234303, 13.1933566268373","52.5145186, 13.487322",37997,12484
"52.4926964234303, 13.1933566268373","52.5170316, 13.4012274",28824,11517
"52.4926964234303, 13.1933566268373","52.5207714, 13.3889021",30492,10826
"52.4926964234303, 13.1933566268373","52.5027268, 13.4453492",33146,12025
"52.4926964234303, 13.1933566268373","52.5284267, 13.3720175",29438,10919
"52.4926964234303, 13.1933566268373","52.5209131, 13.3871461",30399,10748
"52.4926964234303, 13.1933566268373","52.5304903, 13.3791152",29952,11248
"52.4926964234303, 13.1933566268373","52.4864896, 13.4217418",35222,12078
"52.4926964234303, 13.1933566268373","52.5215057, 13.4069139",32393,11201
"52.4926964234303, 13.1933566268373","52.5174377, 13.3898033",30769,11046
"52.4926964234303, 13.1933566268373","52.5111669, 13.4430356",35251,11939
"52.4926964234303, 13.1933566268373","52.5076615, 13.454537",33091,11961
"52.4926964234303, 13.1933566268373","52.5121441, 13.3083771",23966,10764
"52.4926964234303, 13.1933566268373","52.5087884, 13.378434",26353,11578
"52.4926964234303, 13.1933566268373","52.5019061, 13.3308361",21867,10544
"52.4926964234303, 13.1933566268373","52.5088651, 13.2707514",19081,10116
"52.4926964234303, 13.1933566268373","52.5264743, 13.39691",31668,11573
"52.4926964234303, 13.1933566268373","52.5106807, 13.419484",33819,11978
"52.4926964234303, 13.1933566268373","52.4602228, 13.5056519",43043,13535
"52.4926964234303, 13.1933566268373","52.474199, 13.141735",20474,10544
"52.4926964234303, 13.1933566268373","52.5021802, 13.364582",31274,12121
"52.4926964234303, 13.1933566268373","52.5205791, 13.4089041",32287,11093
"52.4926964234303, 13.1933566268373","52.4986678, 13.3566505",23940,11409
"52.4926964234303, 13.1933566268373","52.520848, 13.4084747",32290,11095
"52.4926964234303, 13.1933566268373","52.49694, 13.4540533",36108,12452
"52.4926964234303, 13.1933566268373","52.4840199, 13.4053429",34638,12429
"52.4926964234303, 13.1933566268373","52.5049039, 13.4431471",35278,11978
"52.4926964234303, 13.1933566268373","52.524042, 13.402083",28769,11162
"52.4926964234303, 13.1933566268373","52.5071871, 13.390676",32120,11523
"52.4926964234303, 13.1933566268373","52.4583565, 13.2889441",20364,5536
"52.4926964234303, 13.1933566268373","52.5112074, 13.4169157",30673,11564
"52.4926964234303, 13.1933566268373","52.440493, 13.3911183",39807,12561
"52.4920960171715, 13.3024973565997","52.5075075, 13.3903737",7998,2226
"52.4920960171715, 13.3024973565997","52.5542753, 13.3785425",12174,2712
"52.4920960171715, 13.3024973565997","52.5063, 13.3840159",7482,2253
"52.4920960171715, 13.3024973565997","52.5206458, 13.2932877",5746,2107
"52.4920960171715, 13.3024973565997","52.5239216, 13.3888786",11321,2760
"52.4920960171715, 13.3024973565997","52.5168416, 13.3816742",11752,2624
"52.4920960171715, 13.3024973565997","52.5040556, 13.3379413",3498,1343
"52.4920960171715, 13.3024973565997","52.5090125, 13.3792937",8498,2405
"52.4920960171715, 13.3024973565997","52.4983661, 13.3605076",5471,1803
"52.4920960171715, 13.3024973565997","52.5478117, 13.3892456",13891,2398
"52.4920960171715, 13.3024973565997","52.5046782, 13.4490212",11791,2665
"52.4920960171715, 13.3024973565997","52.5136642, 13.4727613",18326,2805
"52.4920960171715, 13.3024973565997","52.5016098, 13.381181",7351,2025
"52.4920960171715, 13.3024973565997","52.5214137, 13.4034811",10037,2500
"52.4920960171715, 13.3024973565997","52.5176913, 13.4419715",20654,3756
"52.4920960171715, 13.3024973565997","52.517699, 13.3970326",9456,3154
"52.4920960171715, 13.3024973565997","52.5303108, 13.3186121",10194,2569
"52.4920960171715, 13.3024973565997","52.5146378, 13.3905283",10386,2670
"52.4920960171715, 13.3024973565997","52.5145186, 13.487322",19293,3680
"52.4920960171715, 13.3024973565997","52.5170316, 13.4012274",9366,3172
"52.4920960171715, 13.3024973565997","52.5207714, 13.3889021",8864,2314
"52.4920960171715, 13.3024973565997","52.5027268, 13.4453492",12179,2979
"52.4920960171715, 13.3024973565997","52.5284267, 13.3720175",7802,2489
"52.4920960171715, 13.3024973565997","52.5209131, 13.3871461",8733,2257
"52.4920960171715, 13.3024973565997","52.5304903, 13.3791152",12235,3040
"52.4920960171715, 13.3024973565997","52.4864896, 13.4217418",10531,2152
"52.4920960171715, 13.3024973565997","52.5215057, 13.4069139",10794,2722
"52.4920960171715, 13.3024973565997","52.5174377, 13.3898033",10248,2594
"52.4920960171715, 13.3024973565997","52.5111669, 13.4430356",14673,3561
"52.4920960171715, 13.3024973565997","52.5076615, 13.454537",12342,3060
"52.4920960171715, 13.3024973565997","52.5121441, 13.3083771",3294,1399
"52.4920960171715, 13.3024973565997","52.5087884, 13.378434",8435,2373
"52.4920960171715, 13.3024973565997","52.5019061, 13.3308361",3350,1456
"52.4920960171715, 13.3024973565997","52.5088651, 13.2707514",4101,1258
"52.4920960171715, 13.3024973565997","52.5264743, 13.39691",10689,3018
"52.4920960171715, 13.3024973565997","52.5106807, 13.419484",13895,3342
"52.4920960171715, 13.3024973565997","52.4602228, 13.5056519",20310,4654
"52.4920960171715, 13.3024973565997","52.474199, 13.141735",19023,4488
"52.4920960171715, 13.3024973565997","52.5021802, 13.364582",5858,2116
"52.4920960171715, 13.3024973565997","52.5205791, 13.4089041",10688,2614
"52.4920960171715, 13.3024973565997","52.4986678, 13.3566505",4896,1777
"52.4920960171715, 13.3024973565997","52.520848, 13.4084747",10691,2616
"52.4920960171715, 13.3024973565997","52.49694, 13.4540533",16274,3045
"52.4920960171715, 13.3024973565997","52.4840199, 13.4053429",9947,2503
"52.4920960171715, 13.3024973565997","52.5049039, 13.4431471",12270,3033
"52.4920960171715, 13.3024973565997","52.524042, 13.402083",10042,2497
"52.4920960171715, 13.3024973565997","52.5071871, 13.390676",7961,2198
"52.4920960171715, 13.3024973565997","52.4583565, 13.2889441",5524,1369
"52.4920960171715, 13.3024973565997","52.5112074, 13.4169157",13730,3202
"52.4920960171715, 13.3024973565997","52.440493, 13.3911183",14063,3235
"52.4904217574131, 13.3153145999197","52.5075075, 13.3903737",7692,1658
"52.4904217574131, 13.3153145999197","52.5542753, 13.3785425",10984,2239
"52.4904217574131, 13.3153145999197","52.5063, 13.3840159",6552,1596
"52.4904217574131, 13.3153145999197","52.5206458, 13.2932877",5779,1489
"52.4904217574131, 13.3153145999197","52.5239216, 13.3888786",9929,1988
"52.4904217574131, 13.3153145999197","52.5168416, 13.3816742",7992,1547
"52.4904217574131, 13.3153145999197","52.5040556, 13.3379413",3287,1425
"52.4904217574131, 13.3153145999197","52.5090125, 13.3792937",9316,1976
"52.4904217574131, 13.3153145999197","52.4983661, 13.3605076",5597,1169
"52.4904217574131, 13.3153145999197","52.5478117, 13.3892456",11821,2101
"52.4904217574131, 13.3153145999197","52.5046782, 13.4490212",10404,1867
"52.4904217574131, 13.3153145999197","52.5136642, 13.4727613",17426,2516
"52.4904217574131, 13.3153145999197","52.5016098, 13.381181",5964,1227
"52.4904217574131, 13.3153145999197","52.5214137, 13.4034811",10769,1911
"52.4904217574131, 13.3153145999197","52.5176913, 13.4419715",12621,2559
"52.4904217574131, 13.3153145999197","52.517699, 13.3970326",9291,2157
"52.4904217574131, 13.3153145999197","52.5303108, 13.3186121",6172,1894
"52.4904217574131, 13.3153145999197","52.5146378, 13.3905283",8999,1872
"52.4904217574131, 13.3153145999197","52.5145186, 13.487322",18393,3391
"52.4904217574131, 13.3153145999197","52.5170316, 13.4012274",9237,2115
"52.4904217574131, 13.3153145999197","52.5207714, 13.3889021",9596,1725
"52.4904217574131, 13.3153145999197","52.5027268, 13.4453492",10792,2181
"52.4904217574131, 13.3153145999197","52.5284267, 13.3720175",11084,1892
"52.4904217574131, 13.3153145999197","52.5209131, 13.3871461",9465,1668
"52.4904217574131, 13.3153145999197","52.5304903, 13.3791152",10848,2242
"52.4904217574131, 13.3153145999197","52.4864896, 13.4217418",9144,1354
"52.4904217574131, 13.3153145999197","52.5215057, 13.4069139",11526,2073
"52.4904217574131, 13.3153145999197","52.5174377, 13.3898033",8861,1796
"52.4904217574131, 13.3153145999197","52.5111669, 13.4430356",15405,2852
"52.4904217574131, 13.3153145999197","52.5076615, 13.454537",15095,2587
"52.4904217574131, 13.3153145999197","52.5121441, 13.3083771",2954,781
"52.4904217574131, 13.3153145999197","52.5087884, 13.378434",9272,1934
"52.4904217574131, 13.3153145999197","52.5019061, 13.3308361",2118,900
"52.4904217574131, 13.3153145999197","52.5088651, 13.2707514",4863,1140
"52.4904217574131, 13.3153145999197","52.5264743, 13.39691",9763,2139
"52.4904217574131, 13.3153145999197","52.5106807, 13.419484",12508,2184
"52.4904217574131, 13.3153145999197","52.4602228, 13.5056519",17935,3051
"52.4904217574131, 13.3153145999197","52.474199, 13.141735",23645,4526
"52.4904217574131, 13.3153145999197","52.5021802, 13.364582",5196,1517
"52.4904217574131, 13.3153145999197","52.5205791, 13.4089041",11420,1965
"52.4904217574131, 13.3153145999197","52.4986678, 13.3566505",5878,1419
"52.4904217574131, 13.3153145999197","52.520848, 13.4084747",11423,1967
"52.4904217574131, 13.3153145999197","52.49694, 13.4540533",15374,2756
"52.4904217574131, 13.3153145999197","52.4840199, 13.4053429",8561,1705
"52.4904217574131, 13.3153145999197","52.5049039, 13.4431471",10883,2235
"52.4904217574131, 13.3153145999197","52.524042, 13.402083",10774,1908
"52.4904217574131, 13.3153145999197","52.5071871, 13.390676",7654,1628
"52.4904217574131, 13.3153145999197","52.4583565, 13.2889441",5228,920
"52.4904217574131, 13.3153145999197","52.5112074, 13.4169157",12343,2044
"52.4904217574131, 13.3153145999197","52.440493, 13.3911183",12676,2437
"52.4865635683184, 13.2927784604023","52.5075075, 13.3903737",9982,2446
"52.4865635683184, 13.2927784604023","52.5542753, 13.3785425",14506,2667
"52.4865635683184, 13.2927784604023","52.5063, 13.3840159",9466,2473
"52.4865635683184, 13.2927784604023","52.5206458, 13.2932877",5318,1769
"52.4865635683184, 13.2927784604023","52.5239216, 13.3888786",11564,2547
"52.4865635683184, 13.2927784604023","52.5168416, 13.3816742",11324,2286
"52.4865635683184, 13.2927784604023","52.5040556, 13.3379413",5482,1503
"52.4865635683184, 13.2927784604023","52.5090125, 13.3792937",10443,2286
"52.4865635683184, 13.2927784604023","52.4983661, 13.3605076",6608,1880
"52.4865635683184, 13.2927784604023","52.5478117, 13.3892456",13463,2060
"52.4865635683184, 13.2927784604023","52.5046782, 13.4490212",16385,2996
"52.4865635683184, 13.2927784604023","52.5136642, 13.4727613",17898,2467
"52.4865635683184, 13.2927784604023","52.5016098, 13.381181",9038,2373
"52.4865635683184, 13.2927784604023","52.5214137, 13.4034811",12404,2470
"52.4865635683184, 13.2927784604023","52.5176913, 13.4419715",20226,3418
"52.4865635683184, 13.2927784604023","52.517699, 13.3970326",10804,3051
"52.4865635683184, 13.2927784604023","52.5303108, 13.3186121",9766,2231
"52.4865635683184, 13.2927784604023","52.5146378, 13.3905283",11806,2782
"52.4865635683184, 13.2927784604023","52.5145186, 13.487322",18865,3342
"52.4865635683184, 13.2927784604023","52.5170316, 13.4012274",11321,3058
"52.4865635683184, 13.2927784604023","52.5207714, 13.3889021",11231,2344
"52.4865635683184, 13.2927784604023","52.5027268, 13.4453492",16785,3390
"52.4865635683184, 13.2927784604023","52.5284267, 13.3720175",10170,2519
"52.4865635683184, 13.2927784604023","52.5209131, 13.3871461",11100,2287
"52.4865635683184, 13.2927784604023","52.5304903, 13.3791152",13872,2861
"52.4865635683184, 13.2927784604023","52.4864896, 13.4217418",10793,2190
"52.4865635683184, 13.2927784604023","52.5215057, 13.4069139",13161,2752
"52.4865635683184, 13.2927784604023","52.5174377, 13.3898033",11524,2583
"52.4865635683184, 13.2927784604023","52.5111669, 13.4430356",17040,3591
"52.4865635683184, 13.2927784604023","52.5076615, 13.454537",16730,3326
"52.4865635683184, 13.2927784604023","52.5121441, 13.3083771",4568,1797
"52.4865635683184, 13.2927784604023","52.5087884, 13.378434",10380,2254
"52.4865635683184, 13.2927784604023","52.5019061, 13.3308361",4524,1390
"52.4865635683184, 13.2927784604023","52.5088651, 13.2707514",6506,1746
"52.4865635683184, 13.2927784604023","52.5264743, 13.39691",13095,2878
"52.4865635683184, 13.2927784604023","52.5106807, 13.419484",16537,2923
"52.4865635683184, 13.2927784604023","52.4602228, 13.5056519",19301,4235
"52.4865635683184, 13.2927784604023","52.474199, 13.141735",19519,4819
"52.4865635683184, 13.2927784604023","52.5021802, 13.364582",8352,2365
"52.4865635683184, 13.2927784604023","52.5205791, 13.4089041",13055,2644
"52.4865635683184, 13.2927784604023","52.4986678, 13.3566505",6033,1854
"52.4865635683184, 13.2927784604023","52.520848, 13.4084747",13058,2646
"52.4865635683184, 13.2927784604023","52.49694, 13.4540533",15846,2707
"52.4865635683184, 13.2927784604023","52.4840199, 13.4053429",10210,2541
"52.4865635683184, 13.2927784604023","52.5049039, 13.4431471",16797,3387
"52.4865635683184, 13.2927784604023","52.524042, 13.402083",12409,2527
"52.4865635683184, 13.2927784604023","52.5071871, 13.390676",9945,2418
"52.4865635683184, 13.2927784604023","52.4583565, 13.2889441",4348,1240
"52.4865635683184, 13.2927784604023","52.5112074, 13.4169157",16372,2783
"52.4865635683184, 13.2927784604023","52.440493, 13.3911183",15525,2897
"52.485389956467, 13.3537659158016","52.5075075, 13.3903737",6360,1738
"52.485389956467, 13.3537659158016","52.5542753, 13.3785425",12247,2900
"52.485389956467, 13.3537659158016","52.5063, 13.3840159",3536,1261
"52.485389956467, 13.3537659158016","52.5206458, 13.2932877",9183,2182
"52.485389956467, 13.3537659158016","52.5239216, 13.3888786",5897,1578
"52.485389956467, 13.3537659158016","52.5168416, 13.3816742",4973,1230
"52.485389956467, 13.3537659158016","52.5040556, 13.3379413",3622,1147
"52.485389956467, 13.3537659158016","52.5090125, 13.3792937",3602,1199
"52.485389956467, 13.3537659158016","52.4983661, 13.3605076",1578,529
"52.485389956467, 13.3537659158016","52.5478117, 13.3892456",9820,1916
"52.485389956467, 13.3537659158016","52.5046782, 13.4490212",10845,2210
"52.485389956467, 13.3537659158016","52.5136642, 13.4727613",14032,2133
"52.485389956467, 13.3537659158016","52.5016098, 13.381181",3235,1020
"52.485389956467, 13.3537659158016","52.5214137, 13.4034811",6864,1714
"52.485389956467, 13.3537659158016","52.5176913, 13.4419715",9602,2692
"52.485389956467, 13.3537659158016","52.517699, 13.3970326",7687,1946
"52.485389956467, 13.3537659158016","52.5303108, 13.3186121",7525,2253
"52.485389956467, 13.3537659158016","52.5146378, 13.3905283",6705,1988
"52.485389956467, 13.3537659158016","52.5145186, 13.487322",14999,3008
"52.485389956467, 13.3537659158016","52.5170316, 13.4012274",5672,1844
"52.485389956467, 13.3537659158016","52.5207714, 13.3889021",5642,1390
"52.485389956467, 13.3537659158016","52.5027268, 13.4453492",11245,2544
"52.485389956467, 13.3537659158016","52.5284267, 13.3720175",6450,1802
"52.485389956467, 13.3537659158016","52.5209131, 13.3871461",5510,1294
"52.485389956467, 13.3537659158016","52.5304903, 13.3791152",8553,2358
"52.485389956467, 13.3537659158016","52.4864896, 13.4217418",6434,1436
"52.485389956467, 13.3537659158016","52.5215057, 13.4069139",8531,2074
"52.485389956467, 13.3537659158016","52.5174377, 13.3898033",6567,1912
"52.485389956467, 13.3537659158016","52.5111669, 13.4430356",11500,2745
"52.485389956467, 13.3537659158016","52.5076615, 13.454537",11190,2480
"52.485389956467, 13.3537659158016","52.5121441, 13.3083771",6266,1573
"52.485389956467, 13.3537659158016","52.5087884, 13.378434",3549,1157
"52.485389956467, 13.3537659158016","52.5019061, 13.3308361",4345,1477
"52.485389956467, 13.3537659158016","52.5088651, 13.2707514",8188,2182
"52.485389956467, 13.3537659158016","52.5264743, 13.39691",6744,1822
"52.485389956467, 13.3537659158016","52.5106807, 13.419484",10073,2660
"52.485389956467, 13.3537659158016","52.4602228, 13.5056519",14278,3527
"52.485389956467, 13.3537659158016","52.474199, 13.141735",27193,5412
"52.485389956467, 13.3537659158016","52.5021802, 13.364582",2328,817
"52.485389956467, 13.3537659158016","52.5205791, 13.4089041",7515,1828
"52.485389956467, 13.3537659158016","52.4986678, 13.3566505",1859,779
"52.485389956467, 13.3537659158016","52.520848, 13.4084747",7518,1830
"52.485389956467, 13.3537659158016","52.49694, 13.4540533",9771,2800
"52.485389956467, 13.3537659158016","52.4840199, 13.4053429",3838,1341
"52.485389956467, 13.3537659158016","52.5049039, 13.4431471",11257,2541
"52.485389956467, 13.3537659158016","52.524042, 13.402083",6869,1711
"52.485389956467, 13.3537659158016","52.5071871, 13.390676",6323,1710
"52.485389956467, 13.3537659158016","52.4583565, 13.2889441",8472,2141
"52.485389956467, 13.3537659158016","52.5112074, 13.4169157",9642,2475
"52.485389956467, 13.3537659158016","52.440493, 13.3911183",7967,2183
"52.4815387111521, 13.3312262233861","52.5075075, 13.3903737",6989,1990
"52.4815387111521, 13.3312262233861","52.5542753, 13.3785425",11292,2205
"52.4815387111521, 13.3312262233861","52.5063, 13.3840159",7300,2010
"52.4815387111521, 13.3312262233861","52.5206458, 13.2932877",7760,1936
"52.4815387111521, 13.3312262233861","52.5239216, 13.3888786",12366,2288
"52.4815387111521, 13.3312262233861","52.5168416, 13.3816742",8740,1961
"52.4815387111521, 13.3312262233861","52.5040556, 13.3379413",4079,1327
"52.4815387111521, 13.3312262233861","52.5090125, 13.3792937",7582,1814
"52.4815387111521, 13.3312262233861","52.4983661, 13.3605076",3947,1658
"52.4815387111521, 13.3312262233861","52.5478117, 13.3892456",15906,2227
"52.4815387111521, 13.3312262233861","52.5046782, 13.4490212",15224,2479
"52.4815387111521, 13.3312262233861","52.5136642, 13.4727613",15315,2142
"52.4815387111521, 13.3312262233861","52.5016098, 13.381181",5261,1559
"52.4815387111521, 13.3312262233861","52.5214137, 13.4034811",10557,2207
"52.4815387111521, 13.3312262233861","52.5176913, 13.4419715",17643,3093
"52.4815387111521, 13.3312262233861","52.517699, 13.3970326",10248,2972
"52.4815387111521, 13.3312262233861","52.5303108, 13.3186121",8138,2191
"52.4815387111521, 13.3312262233861","52.5146378, 13.3905283",13441,2499
"52.4815387111521, 13.3312262233861","52.5145186, 13.487322",16282,3017
"52.4815387111521, 13.3312262233861","52.5170316, 13.4012274",10159,2990
"52.4815387111521, 13.3312262233861","52.5207714, 13.3889021",9176,1988
"52.4815387111521, 13.3312262233861","52.5027268, 13.4453492",15624,2812
"52.4815387111521, 13.3312262233861","52.5284267, 13.3720175",8122,2045
"52.4815387111521, 13.3312262233861","52.5209131, 13.3871461",9083,1910
"52.4815387111521, 13.3312262233861","52.5304903, 13.3791152",11771,2388
"52.4815387111521, 13.3312262233861","52.4864896, 13.4217418",8442,1686
"52.4815387111521, 13.3312262233861","52.5215057, 13.4069139",11077,2339
"52.4815387111521, 13.3312262233861","52.5174377, 13.3898033",8158,2128
"52.4815387111521, 13.3312262233861","52.5111669, 13.4430356",15866,2980
"52.4815387111521, 13.3312262233861","52.5076615, 13.454537",15555,2715
"52.4815387111521, 13.3312262233861","52.5121441, 13.3083771",4857,1413
"52.4815387111521, 13.3312262233861","52.5087884, 13.378434",7529,1772
"52.4815387111521, 13.3312262233861","52.5019061, 13.3308361",3739,1046
"52.4815387111521, 13.3312262233861","52.5088651, 13.2707514",6782,2048
"52.4815387111521, 13.3312262233861","52.5264743, 13.39691",10511,2553
"52.4815387111521, 13.3312262233861","52.5106807, 13.419484",13953,2598
"52.4815387111521, 13.3312262233861","52.4602228, 13.5056519",18064,3465
"52.4815387111521, 13.3312262233861","52.474199, 13.141735",25784,5192
"52.4815387111521, 13.3312262233861","52.5021802, 13.364582",5196,1792
"52.4815387111521, 13.3312262233861","52.5205791, 13.4089041",10971,2231
"52.4815387111521, 13.3312262233861","52.4986678, 13.3566505",4228,1908
"52.4815387111521, 13.3312262233861","52.520848, 13.4084747",10974,2233
"52.4815387111521, 13.3312262233861","52.49694, 13.4540533",13262,2382
"52.4815387111521, 13.3312262233861","52.4840199, 13.4053429",6542,2085
"52.4815387111521, 13.3312262233861","52.5049039, 13.4431471",15629,2799
"52.4815387111521, 13.3312262233861","52.524042, 13.402083",10562,2204
"52.4815387111521, 13.3312262233861","52.5071871, 13.390676",6951,1960
"52.4815387111521, 13.3312262233861","52.4583565, 13.2889441",5792,1698
"52.4815387111521, 13.3312262233861","52.5112074, 13.4169157",13788,2458
"52.4815387111521, 13.3312262233861","52.440493, 13.3911183",8744,2491
"52.4942757376274, 13.3378551206139","52.5075075, 13.3903737",5187,1723
"52.4942757376274, 13.3378551206139","52.5542753, 13.3785425",9125,2036
"52.4942757376274, 13.3378551206139","52.5063, 13.3840159",4671,1750
"52.4942757376274, 13.3378551206139","52.5206458, 13.2932877",6760,2305
"52.4942757376274, 13.3378551206139","52.5239216, 13.3888786",10199,2119
"52.4942757376274, 13.3378551206139","52.5168416, 13.3816742",5715,2133
"52.4942757376274, 13.3378551206139","52.5040556, 13.3379413",2221,931
"52.4942757376274, 13.3378551206139","52.5090125, 13.3792937",4614,1535
"52.4942757376274, 13.3378551206139","52.4983661, 13.3605076",2683,1323
"52.4942757376274, 13.3378551206139","52.5478117, 13.3892456",10031,2125
"52.4942757376274, 13.3378551206139","52.5046782, 13.4490212",8997,2121
"52.4942757376274, 13.3378551206139","52.5136642, 13.4727613",15674,2533
"52.4942757376274, 13.3378551206139","52.5016098, 13.381181",4243,1650
"52.4942757376274, 13.3378551206139","52.5214137, 13.4034811",8390,2038
"52.4942757376274, 13.3378551206139","52.5176913, 13.4419715",10731,2958
"52.4942757376274, 13.3378551206139","52.517699, 13.3970326",6656,2330
"52.4942757376274, 13.3378551206139","52.5303108, 13.3186121",5971,2022
"52.4942757376274, 13.3378551206139","52.5146378, 13.3905283",5918,1917
"52.4942757376274, 13.3378551206139","52.5145186, 13.487322",13985,3599
"52.4942757376274, 13.3378551206139","52.5170316, 13.4012274",6661,2311
"52.4942757376274, 13.3378551206139","52.5207714, 13.3889021",7009,1819
"52.4942757376274, 13.3378551206139","52.5027268, 13.4453492",9385,2435
"52.4942757376274, 13.3378551206139","52.5284267, 13.3720175",5955,1876
"52.4942757376274, 13.3378551206139","52.5209131, 13.3871461",6916,1741
"52.4942757376274, 13.3378551206139","52.5304903, 13.3791152",9604,2219
"52.4942757376274, 13.3378551206139","52.4864896, 13.4217418",7737,1608
"52.4942757376274, 13.3378551206139","52.5215057, 13.4069139",8730,2509
"52.4942757376274, 13.3378551206139","52.5174377, 13.3898033",6171,2217
"52.4942757376274, 13.3378551206139","52.5111669, 13.4430356",11736,2969
"52.4942757376274, 13.3378551206139","52.5076615, 13.454537",9548,2516
"52.4942757376274, 13.3378551206139","52.5121441, 13.3083771",3805,1408
"52.4942757376274, 13.3378551206139","52.5087884, 13.378434",4570,1493
"52.4942757376274, 13.3378551206139","52.5019061, 13.3308361",1572,877
"52.4942757376274, 13.3378551206139","52.5088651, 13.2707514",6513,1898
"52.4942757376274, 13.3378551206139","52.5264743, 13.39691",9042,2556
"52.4942757376274, 13.3378551206139","52.5106807, 13.419484",7687,2419
"52.4942757376274, 13.3378551206139","52.4602228, 13.5056519",17516,4110
"52.4942757376274, 13.3378551206139","52.474199, 13.141735",21544,5109
"52.4942757376274, 13.3378551206139","52.5021802, 13.364582",3557,1642
"52.4942757376274, 13.3378551206139","52.5205791, 13.4089041",8588,2380
"52.4942757376274, 13.3378551206139","52.4986678, 13.3566505",1506,1259
"52.4942757376274, 13.3378551206139","52.520848, 13.4084747",8591,2382
"52.4942757376274, 13.3378551206139","52.49694, 13.4540533",13621,2773
"52.4942757376274, 13.3378551206139","52.4840199, 13.4053429",7153,1959
"52.4942757376274, 13.3378551206139","52.5049039, 13.4431471",9476,2489
"52.4942757376274, 13.3378551206139","52.524042, 13.402083",8395,2035
"52.4942757376274, 13.3378551206139","52.5071871, 13.390676",5150,1695
"52.4942757376274, 13.3378551206139","52.4583565, 13.2889441",7102,1579
"52.4942757376274, 13.3378551206139","52.5112074, 13.4169157",15009,2711
"52.4942757376274, 13.3378551206139","52.440493, 13.3911183",11932,2963
"52.4887459940778, 13.3281317750816","52.5075075, 13.3903737",6721,1725
"52.4887459940778, 13.3281317750816","52.5542753, 13.3785425",9987,2006
"52.4887459940778, 13.3281317750816","52.5063, 13.3840159",5581,1723
"52.4887459940778, 13.3281317750816","52.5206458, 13.2932877",6428,2096
"52.4887459940778, 13.3281317750816","52.5239216, 13.3888786",11061,2089
"52.4887459940778, 13.3281317750816","52.5168416, 13.3816742",7021,1974
"52.4887459940778, 13.3281317750816","52.5040556, 13.3379413",2775,1128
"52.4887459940778, 13.3281317750816","52.5090125, 13.3792937",7200,1863
"52.4887459940778, 13.3281317750816","52.4983661, 13.3605076",4265,1473
"52.4887459940778, 13.3281317750816","52.5478117, 13.3892456",10893,2095
"52.4887459940778, 13.3281317750816","52.5046782, 13.4490212",9433,2234
"52.4887459940778, 13.3281317750816","52.5136642, 13.4727613",16285,2395
"52.4887459940778, 13.3281317750816","52.5016098, 13.381181",4993,1354
"52.4887459940778, 13.3281317750816","52.5214137, 13.4034811",9253,2008
"52.4887459940778, 13.3281317750816","52.5176913, 13.4419715",12123,2686
"52.4887459940778, 13.3281317750816","52.517699, 13.3970326",8320,2224
"52.4887459940778, 13.3281317750816","52.5303108, 13.3186121",6833,1992
"52.4887459940778, 13.3281317750816","52.5146378, 13.3905283",8028,1939
"52.4887459940778, 13.3281317750816","52.5145186, 13.487322",17252,3270
"52.4887459940778, 13.3281317750816","52.5170316, 13.4012274",8855,2791
"52.4887459940778, 13.3281317750816","52.5207714, 13.3889021",7872,1789
"52.4887459940778, 13.3281317750816","52.5027268, 13.4453492",9821,2548
"52.4887459940778, 13.3281317750816","52.5284267, 13.3720175",6818,1846
"52.4887459940778, 13.3281317750816","52.5209131, 13.3871461",7779,1711
"52.4887459940778, 13.3281317750816","52.5304903, 13.3791152",10466,2189
"52.4887459940778, 13.3281317750816","52.4864896, 13.4217418",8174,1481
"52.4887459940778, 13.3281317750816","52.5215057, 13.4069139",9773,2140
"52.4887459940778, 13.3281317750816","52.5174377, 13.3898033",7890,1863
"52.4887459940778, 13.3281317750816","52.5111669, 13.4430356",12599,2939
"52.4887459940778, 13.3281317750816","52.5076615, 13.454537",13580,2804
"52.4887459940778, 13.3281317750816","52.5121441, 13.3083771",4582,1208
"52.4887459940778, 13.3281317750816","52.5087884, 13.378434",7156,1821
"52.4887459940778, 13.3281317750816","52.5019061, 13.3308361",2435,847
"52.4887459940778, 13.3281317750816","52.5088651, 13.2707514",6143,1523
"52.4887459940778, 13.3281317750816","52.5264743, 13.39691",9905,2526
"52.4887459940778, 13.3281317750816","52.5106807, 13.419484",16036,2821
"52.4887459940778, 13.3281317750816","52.4602228, 13.5056519",15554,3538
"52.4887459940778, 13.3281317750816","52.474199, 13.141735",25509,4987
"52.4887459940778, 13.3281317750816","52.5021802, 13.364582",5013,1645
"52.4887459940778, 13.3281317750816","52.5205791, 13.4089041",9667,2032
"52.4887459940778, 13.3281317750816","52.4986678, 13.3566505",4736,1652
"52.4887459940778, 13.3281317750816","52.520848, 13.4084747",9670,2034
"52.4887459940778, 13.3281317750816","52.49694, 13.4540533",14232,2635
"52.4887459940778, 13.3281317750816","52.4840199, 13.4053429",6359,1938
"52.4887459940778, 13.3281317750816","52.5049039, 13.4431471",9912,2602
"52.4887459940778, 13.3281317750816","52.524042, 13.402083",9258,2005
"52.4887459940778, 13.3281317750816","52.5071871, 13.390676",6683,1695
"52.4887459940778, 13.3281317750816","52.4583565, 13.2889441",6700,1595
"52.4887459940778, 13.3281317750816","52.5112074, 13.4169157",15871,2681
"52.4887459940778, 13.3281317750816","52.440493, 13.3911183",11705,2504
"52.4594078169824, 13.2923549970475","52.5075075, 13.3903737",15111,2967
"52.4594078169824, 13.2923549970475","52.5542753, 13.3785425",15014,3154
"52.4594078169824, 13.2923549970475","52.5063, 13.3840159",10745,2403
"52.4594078169824, 13.2923549970475","52.5206458, 13.2932877",9827,2605
"52.4594078169824, 13.2923549970475","52.5239216, 13.3888786",13106,2720
"52.4594078169824, 13.2923549970475","52.5168416, 13.3816742",12182,2372
"52.4594078169824, 13.2923549970475","52.5040556, 13.3379413",7650,2077
"52.4594078169824, 13.2923549970475","52.5090125, 13.3792937",11301,2372
"52.4594078169824, 13.2923549970475","52.4983661, 13.3605076",10298,2874
"52.4594078169824, 13.2923549970475","52.5478117, 13.3892456",17973,2896
"52.4594078169824, 13.2923549970475","52.5046782, 13.4490212",19808,3340
"52.4594078169824, 13.2923549970475","52.5136642, 13.4727613",19898,3003
"52.4594078169824, 13.2923549970475","52.5016098, 13.381181",10444,2162
"52.4594078169824, 13.2923549970475","52.5214137, 13.4034811",17134,3070
"52.4594078169824, 13.2923549970475","52.5176913, 13.4419715",22226,3954
"52.4594078169824, 13.2923549970475","52.517699, 13.3970326",13650,3186
"52.4594078169824, 13.2923549970475","52.5303108, 13.3186121",11236,2929
"52.4594078169824, 13.2923549970475","52.5146378, 13.3905283",13477,2848
"52.4594078169824, 13.2923549970475","52.5145186, 13.487322",20865,3878
"52.4594078169824, 13.2923549970475","52.5170316, 13.4012274",17297,3842
"52.4594078169824, 13.2923549970475","52.5207714, 13.3889021",12851,2532
"52.4594078169824, 13.2923549970475","52.5027268, 13.4453492",15901,3696
"52.4594078169824, 13.2923549970475","52.5284267, 13.3720175",14307,2818
"52.4594078169824, 13.2923549970475","52.5209131, 13.3871461",12719,2436
"52.4594078169824, 13.2923549970475","52.5304903, 13.3791152",15493,3337
"52.4594078169824, 13.2923549970475","52.4864896, 13.4217418",14253,2869
"52.4594078169824, 13.2923549970475","52.5215057, 13.4069139",17891,3292
"52.4594078169824, 13.2923549970475","52.5174377, 13.3898033",12537,2725
"52.4594078169824, 13.2923549970475","52.5111669, 13.4430356",20450,3841
"52.4594078169824, 13.2923549970475","52.5076615, 13.454537",20139,3576
"52.4594078169824, 13.2923549970475","52.5121441, 13.3083771",8018,1876
"52.4594078169824, 13.2923549970475","52.5087884, 13.378434",11238,2340
"52.4594078169824, 13.2923549970475","52.5019061, 13.3308361",7091,1597
"52.4594078169824, 13.2923549970475","52.5088651, 13.2707514",10221,2444
"52.4594078169824, 13.2923549970475","52.5264743, 13.39691",13953,2964
"52.4594078169824, 13.2923549970475","52.5106807, 13.419484",18536,3459
"52.4594078169824, 13.2923549970475","52.4602228, 13.5056519",23413,4612
"52.4594078169824, 13.2923549970475","52.474199, 13.141735",28945,5655
"52.4594078169824, 13.2923549970475","52.5021802, 13.364582",11046,3046
"52.4594078169824, 13.2923549970475","52.5205791, 13.4089041",17785,3184
"52.4594078169824, 13.2923549970475","52.4986678, 13.3566505",10531,3046
"52.4594078169824, 13.2923549970475","52.520848, 13.4084747",17788,3186
"52.4594078169824, 13.2923549970475","52.49694, 13.4540533",17846,3243
"52.4594078169824, 13.2923549970475","52.4840199, 13.4053429",13670,3220
"52.4594078169824, 13.2923549970475","52.5049039, 13.4431471",20213,3660
"52.4594078169824, 13.2923549970475","52.524042, 13.402083",17139,3067
"52.4594078169824, 13.2923549970475","52.5071871, 13.390676",15074,2939
"52.4594078169824, 13.2923549970475","52.4583565, 13.2889441",511,414
"52.4594078169824, 13.2923549970475","52.5112074, 13.4169157",18371,3319
"52.4594078169824, 13.2923549970475","52.440493, 13.3911183",13499,3139
"52.4738235949935, 13.2861599711461","52.5075075, 13.3903737",10952,2547
"52.4738235949935, 13.2861599711461","52.5542753, 13.3785425",14974,3112
"52.4738235949935, 13.2861599711461","52.5063, 13.3840159",10437,2574
"52.4738235949935, 13.2861599711461","52.5206458, 13.2932877",9913,2634
"52.4738235949935, 13.2861599711461","52.5239216, 13.3888786",13985,2898
"52.4738235949935, 13.2861599711461","52.5168416, 13.3816742",11567,2913
"52.4738235949935, 13.2861599711461","52.5040556, 13.3379413",6453,1604
"52.4738235949935, 13.2861599711461","52.5090125, 13.3792937",10948,2849
"52.4738235949935, 13.2861599711461","52.4983661, 13.3605076",8093,2112
"52.4738235949935, 13.2861599711461","52.5478117, 13.3892456",16325,2766
"52.4738235949935, 13.2861599711461","52.5046782, 13.4490212",18807,3347
"52.4738235949935, 13.2861599711461","52.5136642, 13.4727613",18247,2873
"52.4738235949935, 13.2861599711461","52.5016098, 13.381181",10008,2474
"52.4738235949935, 13.2861599711461","52.5214137, 13.4034811",14825,2821
"52.4738235949935, 13.2861599711461","52.5176913, 13.4419715",15713,3796
"52.4738235949935, 13.2861599711461","52.517699, 13.3970326",12377,3191
"52.4738235949935, 13.2861599711461","52.5303108, 13.3186121",11821,2978
"52.4738235949935, 13.2861599711461","52.5146378, 13.3905283",12212,3137
"52.4738235949935, 13.2861599711461","52.5145186, 13.487322",19214,3748
"52.4738235949935, 13.2861599711461","52.5170316, 13.4012274",12894,3198
"52.4738235949935, 13.2861599711461","52.5207714, 13.3889021",13652,2635
"52.4738235949935, 13.2861599711461","52.5027268, 13.4453492",19207,3681
"52.4738235949935, 13.2861599711461","52.5284267, 13.3720175",12591,2810
"52.4738235949935, 13.2861599711461","52.5209131, 13.3871461",13521,2578
"52.4738235949935, 13.2861599711461","52.5304903, 13.3791152",15255,3272
"52.4738235949935, 13.2861599711461","52.4864896, 13.4217418",11786,2739
"52.4738235949935, 13.2861599711461","52.5215057, 13.4069139",15582,3043
"52.4738235949935, 13.2861599711461","52.5174377, 13.3898033",13945,2874
"52.4738235949935, 13.2861599711461","52.5111669, 13.4430356",19462,3882
"52.4738235949935, 13.2861599711461","52.5076615, 13.454537",19152,3617
"52.4738235949935, 13.2861599711461","52.5121441, 13.3083771",5676,1838
"52.4738235949935, 13.2861599711461","52.5087884, 13.378434",10895,2807
"52.4738235949935, 13.2861599711461","52.5019061, 13.3308361",5587,1542
"52.4738235949935, 13.2861599711461","52.5088651, 13.2707514",5965,1919
"52.4738235949935, 13.2861599711461","52.5264743, 13.39691",15477,3339
"52.4738235949935, 13.2861599711461","52.5106807, 13.419484",13513,3553
"52.4738235949935, 13.2861599711461","52.4602228, 13.5056519",20997,4196
"52.4738235949935, 13.2861599711461","52.474199, 13.141735",20887,5149
"52.4738235949935, 13.2861599711461","52.5021802, 13.364582",9323,2466
"52.4738235949935, 13.2861599711461","52.5205791, 13.4089041",15476,2935
"52.4738235949935, 13.2861599711461","52.4986678, 13.3566505",7518,2086
"52.4738235949935, 13.2861599711461","52.520848, 13.4084747",15479,2937
"52.4738235949935, 13.2861599711461","52.49694, 13.4540533",16195,3113
"52.4738235949935, 13.2861599711461","52.4840199, 13.4053429",11202,3090
"52.4738235949935, 13.2861599711461","52.5049039, 13.4431471",19219,3678
"52.4738235949935, 13.2861599711461","52.524042, 13.402083",14830,2818
"52.4738235949935, 13.2861599711461","52.5071871, 13.390676",10915,2519
"52.4738235949935, 13.2861599711461","52.4583565, 13.2889441",2089,783
"52.4738235949935, 13.2861599711461","52.5112074, 13.4169157",13348,3413
"52.4738235949935, 13.2861599711461","52.440493, 13.3911183",13089,3084
"52.4687990918736, 13.3246000078134","52.5075075, 13.3903737",14995,2528
"52.4687990918736, 13.3246000078134","52.5542753, 13.3785425",11790,2138
"52.4687990918736, 13.3246000078134","52.5063, 13.3840159",8565,2664
"52.4687990918736, 13.3246000078134","52.5206458, 13.2932877",8255,2348
"52.4687990918736, 13.3246000078134","52.5239216, 13.3888786",12864,2221
"52.4687990918736, 13.3246000078134","52.5168416, 13.3816742",8680,2009
"52.4687990918736, 13.3246000078134","52.5040556, 13.3379413",4578,1260
"52.4687990918736, 13.3246000078134","52.5090125, 13.3792937",9003,1995
"52.4687990918736, 13.3246000078134","52.4983661, 13.3605076",4814,1466
"52.4687990918736, 13.3246000078134","52.5478117, 13.3892456",12696,2227
"52.4687990918736, 13.3246000078134","52.5046782, 13.4490212",15038,2666
"52.4687990918736, 13.3246000078134","52.5136642, 13.4727613",15914,2587
"52.4687990918736, 13.3246000078134","52.5016098, 13.381181",6817,1846
"52.4687990918736, 13.3246000078134","52.5214137, 13.4034811",11056,2140
"52.4687990918736, 13.3246000078134","52.5176913, 13.4419715",13926,2818
"52.4687990918736, 13.3246000078134","52.517699, 13.3970326",10747,2905
"52.4687990918736, 13.3246000078134","52.5303108, 13.3186121",8637,2124
"52.4687990918736, 13.3246000078134","52.5146378, 13.3905283",13939,2432
"52.4687990918736, 13.3246000078134","52.5145186, 13.487322",16881,3462
"52.4687990918736, 13.3246000078134","52.5170316, 13.4012274",8907,2545
"52.4687990918736, 13.3246000078134","52.5207714, 13.3889021",9675,1921
"52.4687990918736, 13.3246000078134","52.5027268, 13.4453492",15438,3000
"52.4687990918736, 13.3246000078134","52.5284267, 13.3720175",8621,1978
"52.4687990918736, 13.3246000078134","52.5209131, 13.3871461",9582,1843
"52.4687990918736, 13.3246000078134","52.5304903, 13.3791152",12269,2321
"52.4687990918736, 13.3246000078134","52.4864896, 13.4217418",9998,2453
"52.4687990918736, 13.3246000078134","52.5215057, 13.4069139",11575,2296
"52.4687990918736, 13.3246000078134","52.5174377, 13.3898033",13802,2368
"52.4687990918736, 13.3246000078134","52.5111669, 13.4430356",15693,3201
"52.4687990918736, 13.3246000078134","52.5076615, 13.454537",15383,2936
"52.4687990918736, 13.3246000078134","52.5121441, 13.3083771",6531,1538
"52.4687990918736, 13.3246000078134","52.5087884, 13.378434",6784,1978
"52.4687990918736, 13.3246000078134","52.5019061, 13.3308361",4238,979
"52.4687990918736, 13.3246000078134","52.5088651, 13.2707514",9239,2028
"52.4687990918736, 13.3246000078134","52.5264743, 13.39691",10451,2601
"52.4687990918736, 13.3246000078134","52.5106807, 13.419484",17839,2953
"52.4687990918736, 13.3246000078134","52.4602228, 13.5056519",22026,3622
"52.4687990918736, 13.3246000078134","52.474199, 13.141735",24134,5239
"52.4687990918736, 13.3246000078134","52.5021802, 13.364582",5562,1638
"52.4687990918736, 13.3246000078134","52.5205791, 13.4089041",11469,2188
"52.4687990918736, 13.3246000078134","52.4986678, 13.3566505",5047,1638
"52.4687990918736, 13.3246000078134","52.520848, 13.4084747",11472,2190
"52.4687990918736, 13.3246000078134","52.49694, 13.4540533",13726,2798
"52.4687990918736, 13.3246000078134","52.4840199, 13.4053429",6918,2411
"52.4687990918736, 13.3246000078134","52.5049039, 13.4431471",15450,2997
"52.4687990918736, 13.3246000078134","52.524042, 13.402083",11061,2137
"52.4687990918736, 13.3246000078134","52.5071871, 13.390676",7871,2231
"52.4687990918736, 13.3246000078134","52.4583565, 13.2889441",4063,1469
"52.4687990918736, 13.3246000078134","52.5112074, 13.4169157",17674,2813
"52.4687990918736, 13.3246000078134","52.440493, 13.3911183",7164,2188
"52.467121251398, 13.3374132169874","52.5075075, 13.3903737",6137,1803
"52.467121251398, 13.3374132169874","52.5542753, 13.3785425",12129,2420
"52.467121251398, 13.3374132169874","52.5063, 13.3840159",5679,1424
"52.467121251398, 13.3374132169874","52.5206458, 13.2932877",8594,2630
"52.467121251398, 13.3374132169874","52.5239216, 13.3888786",8040,1741
"52.467121251398, 13.3374132169874","52.5168416, 13.3816742",7116,1393
"52.467121251398, 13.3374132169874","52.5040556, 13.3379413",6335,1743
"52.467121251398, 13.3374132169874","52.5090125, 13.3792937",6548,1787
"52.467121251398, 13.3374132169874","52.4983661, 13.3605076",4525,1233
"52.467121251398, 13.3374132169874","52.5478117, 13.3892456",11963,2079
"52.467121251398, 13.3374132169874","52.5046782, 13.4490212",12988,2403
"52.467121251398, 13.3374132169874","52.5136642, 13.4727613",15811,2516
"52.467121251398, 13.3374132169874","52.5016098, 13.381181",5378,1183
"52.467121251398, 13.3374132169874","52.5214137, 13.4034811",9007,1877
"52.467121251398, 13.3374132169874","52.5176913, 13.4419715",11745,2855
"52.467121251398, 13.3374132169874","52.517699, 13.3970326",8531,2654
"52.467121251398, 13.3374132169874","52.5303108, 13.3186121",8976,2286
"52.467121251398, 13.3374132169874","52.5146378, 13.3905283",8411,1869
"52.467121251398, 13.3374132169874","52.5145186, 13.487322",16778,3391
"52.467121251398, 13.3374132169874","52.5170316, 13.4012274",9048,2661
"52.467121251398, 13.3374132169874","52.5207714, 13.3889021",7785,1553
"52.467121251398, 13.3374132169874","52.5027268, 13.4453492",13964,3661
"52.467121251398, 13.3374132169874","52.5284267, 13.3720175",9395,2330
"52.467121251398, 13.3374132169874","52.5209131, 13.3871461",7653,1457
"52.467121251398, 13.3374132169874","52.5304903, 13.3791152",10019,2255
"52.467121251398, 13.3374132169874","52.4864896, 13.4217418",9514,2208
"52.467121251398, 13.3374132169874","52.5215057, 13.4069139",9764,2099
"52.467121251398, 13.3374132169874","52.5174377, 13.3898033",7471,1746
"52.467121251398, 13.3374132169874","52.5111669, 13.4430356",13643,2938
"52.467121251398, 13.3374132169874","52.5076615, 13.454537",13333,2673
"52.467121251398, 13.3374132169874","52.5121441, 13.3083771",6870,1820
"52.467121251398, 13.3374132169874","52.5087884, 13.378434",6495,1745
"52.467121251398, 13.3374132169874","52.5019061, 13.3308361",4577,1261
"52.467121251398, 13.3374132169874","52.5088651, 13.2707514",9578,2310
"52.467121251398, 13.3374132169874","52.5264743, 13.39691",8887,1985
"52.467121251398, 13.3374132169874","52.5106807, 13.419484",9721,2808
"52.467121251398, 13.3374132169874","52.4602228, 13.5056519",16474,4212
"52.467121251398, 13.3374132169874","52.474199, 13.141735",24473,5521
"52.467121251398, 13.3374132169874","52.5021802, 13.364582",5273,1405
"52.467121251398, 13.3374132169874","52.5205791, 13.4089041",9658,1991
"52.467121251398, 13.3374132169874","52.4986678, 13.3566505",4758,1405
"52.467121251398, 13.3374132169874","52.520848, 13.4084747",9661,1993
"52.467121251398, 13.3374132169874","52.49694, 13.4540533",13758,2756
"52.467121251398, 13.3374132169874","52.4840199, 13.4053429",6629,2238
"52.467121251398, 13.3374132169874","52.5049039, 13.4431471",13968,3655
"52.467121251398, 13.3374132169874","52.524042, 13.402083",9012,1874
"52.467121251398, 13.3374132169874","52.5071871, 13.390676",10185,2429
"52.467121251398, 13.3374132169874","52.4583565, 13.2889441",9624,2182
"52.467121251398, 13.3374132169874","52.5112074, 13.4169157",9510,2632
"52.467121251398, 13.3374132169874","52.440493, 13.3911183",7998,1951
"52.4743304635592, 13.3343200372957","52.5075075, 13.3903737",7084,2306
"52.4743304635592, 13.3343200372957","52.5542753, 13.3785425",11316,2223
"52.4743304635592, 13.3343200372957","52.5063, 13.3840159",6104,1782
"52.4743304635592, 13.3343200372957","52.5206458, 13.2932877",7683,1859
"52.4743304635592, 13.3343200372957","52.5239216, 13.3888786",8465,2099
"52.4743304635592, 13.3343200372957","52.5168416, 13.3816742",7541,1751
"52.4743304635592, 13.3343200372957","52.5040556, 13.3379413",5870,1704
"52.4743304635592, 13.3343200372957","52.5090125, 13.3792937",6083,1748
"52.4743304635592, 13.3343200372957","52.4983661, 13.3605076",4060,1194
"52.4743304635592, 13.3343200372957","52.5478117, 13.3892456",15829,2150
"52.4743304635592, 13.3343200372957","52.5046782, 13.4490212",15125,2402
"52.4743304635592, 13.3343200372957","52.5136642, 13.4727613",15216,2065
"52.4743304635592, 13.3343200372957","52.5016098, 13.381181",5803,1541
"52.4743304635592, 13.3343200372957","52.5214137, 13.4034811",9432,2235
"52.4743304635592, 13.3343200372957","52.5176913, 13.4419715",17544,3016
"52.4743304635592, 13.3343200372957","52.517699, 13.3970326",8066,2615
"52.4743304635592, 13.3343200372957","52.5303108, 13.3186121",8162,2089
"52.4743304635592, 13.3343200372957","52.5146378, 13.3905283",7487,2267
"52.4743304635592, 13.3343200372957","52.5145186, 13.487322",16183,2940
"52.4743304635592, 13.3343200372957","52.5170316, 13.4012274",8583,2622
"52.4743304635592, 13.3343200372957","52.5207714, 13.3889021",8210,1911
"52.4743304635592, 13.3343200372957","52.5027268, 13.4453492",13499,3622
"52.4743304635592, 13.3343200372957","52.5284267, 13.3720175",8931,2291
"52.4743304635592, 13.3343200372957","52.5209131, 13.3871461",8078,1815
"52.4743304635592, 13.3343200372957","52.5304903, 13.3791152",10444,2613
"52.4743304635592, 13.3343200372957","52.4864896, 13.4217418",8945,2343
"52.4743304635592, 13.3343200372957","52.5215057, 13.4069139",9220,2933
"52.4743304635592, 13.3343200372957","52.5174377, 13.3898033",7712,2481
"52.4743304635592, 13.3343200372957","52.5111669, 13.4430356",15767,2903
"52.4743304635592, 13.3343200372957","52.5076615, 13.454537",15456,2638
"52.4743304635592, 13.3343200372957","52.5121441, 13.3083771",6056,1623
"52.4743304635592, 13.3343200372957","52.5087884, 13.378434",6030,1646
"52.4743304635592, 13.3343200372957","52.5019061, 13.3308361",3763,1064
"52.4743304635592, 13.3343200372957","52.5088651, 13.2707514",6721,2014
"52.4743304635592, 13.3343200372957","52.5264743, 13.39691",9312,2343
"52.4743304635592, 13.3343200372957","52.5106807, 13.419484",13854,2521
"52.4743304635592, 13.3343200372957","52.4602228, 13.5056519",21463,3129
"52.4743304635592, 13.3343200372957","52.474199, 13.141735",21884,4909
"52.4743304635592, 13.3343200372957","52.5021802, 13.364582",4808,1306
"52.4743304635592, 13.3343200372957","52.5205791, 13.4089041",10083,2259
"52.4743304635592, 13.3343200372957","52.4986678, 13.3566505",4293,1306
"52.4743304635592, 13.3343200372957","52.520848, 13.4084747",10086,2261
"52.4743304635592, 13.3343200372957","52.49694, 13.4540533",13163,2305
"52.4743304635592, 13.3343200372957","52.4840199, 13.4053429",6166,2019
"52.4743304635592, 13.3343200372957","52.5049039, 13.4431471",15530,2722
"52.4743304635592, 13.3343200372957","52.524042, 13.402083",9437,2142
"52.4743304635592, 13.3343200372957","52.5071871, 13.390676",7117,1899
"52.4743304635592, 13.3343200372957","52.4583565, 13.2889441",5715,1861
"52.4743304635592, 13.3343200372957","52.5112074, 13.4169157",13689,2381
"52.4743304635592, 13.3343200372957","52.440493, 13.3911183",12842,2495
"52.4993009501309, 13.2993996292352","52.5075075, 13.3903737",7406,1754
"52.4993009501309, 13.2993996292352","52.5542753, 13.3785425",10386,2455
"52.4993009501309, 13.2993996292352","52.5063, 13.3840159",6890,1781
"52.4993009501309, 13.2993996292352","52.5206458, 13.2932877",3586,1640
"52.4993009501309, 13.2993996292352","52.5239216, 13.3888786",8498,1974
"52.4993009501309, 13.2993996292352","52.5168416, 13.3816742",9244,2273
"52.4993009501309, 13.2993996292352","52.5040556, 13.3379413",2906,871
"52.4993009501309, 13.2993996292352","52.5090125, 13.3792937",6590,2139
"52.4993009501309, 13.2993996292352","52.4983661, 13.3605076",4879,1331
"52.4993009501309, 13.2993996292352","52.5478117, 13.3892456",12512,2028
"52.4993009501309, 13.2993996292352","52.5046782, 13.4490212",13319,2423
"52.4993009501309, 13.2993996292352","52.5136642, 13.4727613",19045,2669
"52.4993009501309, 13.2993996292352","52.5016098, 13.381181",6462,1681
"52.4993009501309, 13.2993996292352","52.5214137, 13.4034811",9338,1897
"52.4993009501309, 13.2993996292352","52.5176913, 13.4419715",12405,2875
"52.4993009501309, 13.2993996292352","52.517699, 13.3970326",8864,2622
"52.4993009501309, 13.2993996292352","52.5303108, 13.3186121",5519,2112
"52.4993009501309, 13.2993996292352","52.5146378, 13.3905283",8740,2209
"52.4993009501309, 13.2993996292352","52.5145186, 13.487322",20012,3544
"52.4993009501309, 13.2993996292352","52.5170316, 13.4012274",8774,2640
"52.4993009501309, 13.2993996292352","52.5207714, 13.3889021",8165,1711
"52.4993009501309, 13.2993996292352","52.5027268, 13.4453492",13719,2757
"52.4993009501309, 13.2993996292352","52.5284267, 13.3720175",7103,1886
"52.4993009501309, 13.2993996292352","52.5209131, 13.3871461",8034,1654
"52.4993009501309, 13.2993996292352","52.5304903, 13.3791152",7660,2220
"52.4993009501309, 13.2993996292352","52.4864896, 13.4217418",10928,1932
"52.4993009501309, 13.2993996292352","52.5215057, 13.4069139",10095,2119
"52.4993009501309, 13.2993996292352","52.5174377, 13.3898033",8458,1950
"52.4993009501309, 13.2993996292352","52.5111669, 13.4430356",13974,2958
"52.4993009501309, 13.2993996292352","52.5076615, 13.454537",13664,2693
"52.4993009501309, 13.2993996292352","52.5121441, 13.3083771",2301,1059
"52.4993009501309, 13.2993996292352","52.5087884, 13.378434",6916,2073
"52.4993009501309, 13.2993996292352","52.5019061, 13.3308361",2758,984
"52.4993009501309, 13.2993996292352","52.5088651, 13.2707514",3823,1301
"52.4993009501309, 13.2993996292352","52.5264743, 13.39691",9990,2415
"52.4993009501309, 13.2993996292352","52.5106807, 13.419484",11519,2522
"52.4993009501309, 13.2993996292352","52.4602228, 13.5056519",21795,3992
"52.4993009501309, 13.2993996292352","52.474199, 13.141735",17943,4166
"52.4993009501309, 13.2993996292352","52.5021802, 13.364582",5266,1644
"52.4993009501309, 13.2993996292352","52.5205791, 13.4089041",9989,2011
"52.4993009501309, 13.2993996292352","52.4986678, 13.3566505",4304,1305
"52.4993009501309, 13.2993996292352","52.520848, 13.4084747",9992,2013
"52.4993009501309, 13.2993996292352","52.49694, 13.4540533",16993,2909
"52.4993009501309, 13.2993996292352","52.4840199, 13.4053429",10345,2283
"52.4993009501309, 13.2993996292352","52.5049039, 13.4431471",13731,2754
"52.4993009501309, 13.2993996292352","52.524042, 13.402083",9343,1894
"52.4993009501309, 13.2993996292352","52.5071871, 13.390676",7369,1726
"52.4993009501309, 13.2993996292352","52.4583565, 13.2889441",5553,1503
"52.4993009501309, 13.2993996292352","52.5112074, 13.4169157",11246,2296
"52.4993009501309, 13.2993996292352","52.440493, 13.3911183",14460,3015
"52.5081762885629, 13.2834813127329","52.5075075, 13.3903737",9878,2092
"52.5081762885629, 13.2834813127329","52.5542753, 13.3785425",11428,1946
"52.5081762885629, 13.2834813127329","52.5063, 13.3840159",11907,2214
"52.5081762885629, 13.2834813127329","52.5206458, 13.2932877",2240,928
"52.5081762885629, 13.2834813127329","52.5239216, 13.3888786",11389,2040
"52.5081762885629, 13.2834813127329","52.5168416, 13.3816742",15300,2171
"52.5081762885629, 13.2834813127329","52.5040556, 13.3379413",4483,1178
"52.5081762885629, 13.2834813127329","52.5090125, 13.3792937",8482,1605
"52.5081762885629, 13.2834813127329","52.4983661, 13.3605076",6551,1393
"52.5081762885629, 13.2834813127329","52.5478117, 13.3892456",10385,1279
"52.5081762885629, 13.2834813127329","52.5046782, 13.4490212",14896,2425
"52.5081762885629, 13.2834813127329","52.5136642, 13.4727613",19922,2346
"52.5081762885629, 13.2834813127329","52.5016098, 13.381181",8258,1839
"52.5081762885629, 13.2834813127329","52.5214137, 13.4034811",10915,1899
"52.5081762885629, 13.2834813127329","52.5176913, 13.4419715",14599,3028
"52.5081762885629, 13.2834813127329","52.517699, 13.3970326",10524,2400
"52.5081762885629, 13.2834813127329","52.5303108, 13.3186121",6688,1390
"52.5081762885629, 13.2834813127329","52.5146378, 13.3905283",9786,1987
"52.5081762885629, 13.2834813127329","52.5145186, 13.487322",20889,3221
"52.5081762885629, 13.2834813127329","52.5170316, 13.4012274",10529,2381
"52.5081762885629, 13.2834813127329","52.5207714, 13.3889021",9742,1713
"52.5081762885629, 13.2834813127329","52.5027268, 13.4453492",15296,2759
"52.5081762885629, 13.2834813127329","52.5284267, 13.3720175",8681,1888
"52.5081762885629, 13.2834813127329","52.5209131, 13.3871461",9611,1656
"52.5081762885629, 13.2834813127329","52.5304903, 13.3791152",10794,2080
"52.5081762885629, 13.2834813127329","52.4864896, 13.4217418",15280,2302
"52.5081762885629, 13.2834813127329","52.5215057, 13.4069139",11672,2121
"52.5081762885629, 13.2834813127329","52.5174377, 13.3898033",10035,1952
"52.5081762885629, 13.2834813127329","52.5111669, 13.4430356",15551,2960
"52.5081762885629, 13.2834813127329","52.5076615, 13.454537",15241,2695
"52.5081762885629, 13.2834813127329","52.5121441, 13.3083771",2361,729
"52.5081762885629, 13.2834813127329","52.5087884, 13.378434",8438,1563
"52.5081762885629, 13.2834813127329","52.5019061, 13.3308361",4612,1325
"52.5081762885629, 13.2834813127329","52.5088651, 13.2707514",1341,639
"52.5081762885629, 13.2834813127329","52.5264743, 13.39691",11567,2417
"52.5081762885629, 13.2834813127329","52.5106807, 13.419484",11555,2489
"52.5081762885629, 13.2834813127329","52.4602228, 13.5056519",26170,3410
"52.5081762885629, 13.2834813127329","52.474199, 13.141735",16258,3329
"52.5081762885629, 13.2834813127329","52.5021802, 13.364582",6938,1706
"52.5081762885629, 13.2834813127329","52.5205791, 13.4089041",11566,2013
"52.5081762885629, 13.2834813127329","52.4986678, 13.3566505",6017,1394
"52.5081762885629, 13.2834813127329","52.520848, 13.4084747",11569,2015
"52.5081762885629, 13.2834813127329","52.49694, 13.4540533",17870,2586
"52.5081762885629, 13.2834813127329","52.4840199, 13.4053429",12313,2730
"52.5081762885629, 13.2834813127329","52.5049039, 13.4431471",15308,2756
"52.5081762885629, 13.2834813127329","52.524042, 13.402083",10920,1896
"52.5081762885629, 13.2834813127329","52.5071871, 13.390676",9910,2117
"52.5081762885629, 13.2834813127329","52.4583565, 13.2889441",7883,1650
"52.5081762885629, 13.2834813127329","52.5112074, 13.4169157",11344,2313
"52.5081762885629, 13.2834813127329","52.440493, 13.3911183",17548,2776
"52.5065049180876, 13.2963012667258","52.5075075, 13.3903737",9329,2265
"52.5065049180876, 13.2963012667258","52.5542753, 13.3785425",10567,3018
"52.5065049180876, 13.2963012667258","52.5063, 13.3840159",8043,2344
"52.5065049180876, 13.2963012667258","52.5206458, 13.2932877",2937,645
"52.5065049180876, 13.2963012667258","52.5239216, 13.3888786",8450,1918
"52.5065049180876, 13.2963012667258","52.5168416, 13.3816742",8597,2307
"52.5065049180876, 13.2963012667258","52.5040556, 13.3379413",4747,1074
"52.5065049180876, 13.2963012667258","52.5090125, 13.3792937",7134,2102
"52.5065049180876, 13.2963012667258","52.4983661, 13.3605076",6001,1566
"52.5065049180876, 13.2963012667258","52.5478117, 13.3892456",11299,1873
"52.5065049180876, 13.2963012667258","52.5046782, 13.4490212",13271,2367
"52.5065049180876, 13.2963012667258","52.5136642, 13.4727613",18819,2677
"52.5065049180876, 13.2963012667258","52.5016098, 13.381181",8747,2006
"52.5065049180876, 13.2963012667258","52.5214137, 13.4034811",9290,1841
"52.5065049180876, 13.2963012667258","52.5176913, 13.4419715",12896,2378
"52.5065049180876, 13.2963012667258","52.517699, 13.3970326",9407,2585
"52.5065049180876, 13.2963012667258","52.5303108, 13.3186121",5059,2073
"52.5065049180876, 13.2963012667258","52.5146378, 13.3905283",9242,2531
"52.5065049180876, 13.2963012667258","52.5145186, 13.487322",16150,3019
"52.5065049180876, 13.2963012667258","52.5170316, 13.4012274",9318,2603
"52.5065049180876, 13.2963012667258","52.5207714, 13.3889021",8117,1655
"52.5065049180876, 13.2963012667258","52.5027268, 13.4453492",13671,2701
"52.5065049180876, 13.2963012667258","52.5284267, 13.3720175",7055,1830
"52.5065049180876, 13.2963012667258","52.5209131, 13.3871461",7986,1598
"52.5065049180876, 13.2963012667258","52.5304903, 13.3791152",7612,2164
"52.5065049180876, 13.2963012667258","52.4864896, 13.4217418",11927,2133
"52.5065049180876, 13.2963012667258","52.5215057, 13.4069139",10047,2063
"52.5065049180876, 13.2963012667258","52.5174377, 13.3898033",8410,1894
"52.5065049180876, 13.2963012667258","52.5111669, 13.4430356",13926,2902
"52.5065049180876, 13.2963012667258","52.5076615, 13.454537",13616,2637
"52.5065049180876, 13.2963012667258","52.5121441, 13.3083771",1690,1044
"52.5065049180876, 13.2963012667258","52.5087884, 13.378434",7102,2076
"52.5065049180876, 13.2963012667258","52.5019061, 13.3308361",2967,1169
"52.5065049180876, 13.2963012667258","52.5088651, 13.2707514",2117,802
"52.5065049180876, 13.2963012667258","52.5264743, 13.39691",9942,2359
"52.5065049180876, 13.2963012667258","52.5106807, 13.419484",11471,2466
"52.5065049180876, 13.2963012667258","52.4602228, 13.5056519",22814,4207
"52.5065049180876, 13.2963012667258","52.474199, 13.141735",17034,3432
"52.5065049180876, 13.2963012667258","52.5021802, 13.364582",6388,1879
"52.5065049180876, 13.2963012667258","52.5205791, 13.4089041",9941,1955
"52.5065049180876, 13.2963012667258","52.4986678, 13.3566505",5468,1567
"52.5065049180876, 13.2963012667258","52.520848, 13.4084747",9944,1957
"52.5065049180876, 13.2963012667258","52.49694, 13.4540533",18783,3420
"52.5065049180876, 13.2963012667258","52.4840199, 13.4053429",11343,2484
"52.5065049180876, 13.2963012667258","52.5049039, 13.4431471",13683,2698
"52.5065049180876, 13.2963012667258","52.524042, 13.402083",9295,1838
"52.5065049180876, 13.2963012667258","52.5071871, 13.390676",8145,2565
"52.5065049180876, 13.2963012667258","52.4583565, 13.2889441",7859,2104
"52.5065049180876, 13.2963012667258","52.5112074, 13.4169157",11198,2240
"52.5065049180876, 13.2963012667258","52.440493, 13.3911183",15458,3216
"52.5031576655321, 13.3219409745793","52.5075075, 13.3903737",6085,1498
"52.5031576655321, 13.3219409745793","52.5542753, 13.3785425",8636,2079
"52.5031576655321, 13.3219409745793","52.5063, 13.3840159",5570,1525
"52.5031576655321, 13.3219409745793","52.5206458, 13.2932877",3890,1455
"52.5031576655321, 13.3219409745793","52.5239216, 13.3888786",7001,1379
"52.5031576655321, 13.3219409745793","52.5168416, 13.3816742",7257,1585
"52.5031576655321, 13.3219409745793","52.5040556, 13.3379413",1586,555
"52.5031576655321, 13.3219409745793","52.5090125, 13.3792937",5601,1695
"52.5031576655321, 13.3219409745793","52.4983661, 13.3605076",3558,1015
"52.5031576655321, 13.3219409745793","52.5478117, 13.3892456",13905,2182
"52.5031576655321, 13.3219409745793","52.5046782, 13.4490212",11822,1648
"52.5031576655321, 13.3219409745793","52.5136642, 13.4727613",12989,2340
"52.5031576655321, 13.3219409745793","52.5016098, 13.381181",5141,1425
"52.5031576655321, 13.3219409745793","52.5214137, 13.4034811",7841,1302
"52.5031576655321, 13.3219409745793","52.5176913, 13.4419715",10911,2130
"52.5031576655321, 13.3219409745793","52.517699, 13.3970326",8477,1802
"52.5031576655321, 13.3219409745793","52.5303108, 13.3186121",5482,1945
"52.5031576655321, 13.3219409745793","52.5146378, 13.3905283",7243,1614
"52.5031576655321, 13.3219409745793","52.5145186, 13.487322",16604,2831
"52.5031576655321, 13.3219409745793","52.5170316, 13.4012274",8442,1803
"52.5031576655321, 13.3219409745793","52.5207714, 13.3889021",6668,1116
"52.5031576655321, 13.3219409745793","52.5027268, 13.4453492",12222,1982
"52.5031576655321, 13.3219409745793","52.5284267, 13.3720175",5607,1291
"52.5031576655321, 13.3219409745793","52.5209131, 13.3871461",6537,1059
"52.5031576655321, 13.3219409745793","52.5304903, 13.3791152",6165,1745
"52.5031576655321, 13.3219409745793","52.4864896, 13.4217418",11567,2173
"52.5031576655321, 13.3219409745793","52.5215057, 13.4069139",8598,1524
"52.5031576655321, 13.3219409745793","52.5174377, 13.3898033",6961,1355
"52.5031576655321, 13.3219409745793","52.5111669, 13.4430356",12477,2183
"52.5031576655321, 13.3219409745793","52.5076615, 13.454537",12167,1918
"52.5031576655321, 13.3219409745793","52.5121441, 13.3083771",2998,1043
"52.5031576655321, 13.3219409745793","52.5087884, 13.378434",5557,1653
"52.5031576655321, 13.3219409745793","52.5019061, 13.3308361",1438,668
"52.5031576655321, 13.3219409745793","52.5088651, 13.2707514",4190,1371
"52.5031576655321, 13.3219409745793","52.5264743, 13.39691",8493,1820
"52.5031576655321, 13.3219409745793","52.5106807, 13.419484",10023,1927
"52.5031576655321, 13.3219409745793","52.4602228, 13.5056519",18847,3822
"52.5031576655321, 13.3219409745793","52.474199, 13.141735",23260,4341
"52.5031576655321, 13.3219409745793","52.5021802, 13.364582",3945,1328
"52.5031576655321, 13.3219409745793","52.5205791, 13.4089041",8492,1416
"52.5031576655321, 13.3219409745793","52.4986678, 13.3566505",2984,989
"52.5031576655321, 13.3219409745793","52.520848, 13.4084747",8495,1418
"52.5031576655321, 13.3219409745793","52.49694, 13.4540533",14924,2840
"52.5031576655321, 13.3219409745793","52.4840199, 13.4053429",8795,2430
"52.5031576655321, 13.3219409745793","52.5049039, 13.4431471",12234,1979
"52.5031576655321, 13.3219409745793","52.524042, 13.402083",7846,1299
"52.5031576655321, 13.3219409745793","52.5071871, 13.390676",6048,1470
"52.5031576655321, 13.3219409745793","52.4583565, 13.2889441",6887,1474
"52.5031576655321, 13.3219409745793","52.5112074, 13.4169157",9750,1701
"52.5031576655321, 13.3219409745793","52.440493, 13.3911183",15950,2698
"52.5014817833461, 13.3347607258739","52.5075075, 13.3903737",4934,1364
"52.5014817833461, 13.3347607258739","52.5542753, 13.3785425",8252,1755
"52.5014817833461, 13.3347607258739","52.5063, 13.3840159",4419,1391
"52.5014817833461, 13.3347607258739","52.5206458, 13.2932877",5014,1769
"52.5014817833461, 13.3347607258739","52.5239216, 13.3888786",6388,1631
"52.5014817833461, 13.3347607258739","52.5168416, 13.3816742",5511,1438
"52.5014817833461, 13.3347607258739","52.5040556, 13.3379413",397,341
"52.5014817833461, 13.3347607258739","52.5090125, 13.3792937",4047,1353
"52.5014817833461, 13.3347607258739","52.4983661, 13.3605076",2408,881
"52.5014817833461, 13.3347607258739","52.5478117, 13.3892456",9158,1844
"52.5014817833461, 13.3347607258739","52.5046782, 13.4490212",11210,1960
"52.5014817833461, 13.3347607258739","52.5136642, 13.4727613",18044,2624
"52.5014817833461, 13.3347607258739","52.5016098, 13.381181",3990,1291
"52.5014817833461, 13.3347607258739","52.5214137, 13.4034811",7228,1554
"52.5014817833461, 13.3347607258739","52.5176913, 13.4419715",10298,2442
"52.5014817833461, 13.3347607258739","52.517699, 13.3970326",6321,1716
"52.5014817833461, 13.3347607258739","52.5303108, 13.3186121",5098,1741
"52.5014817833461, 13.3347607258739","52.5146378, 13.3905283",5619,1886
"52.5014817833461, 13.3347607258739","52.5145186, 13.487322",15991,3143
"52.5014817833461, 13.3347607258739","52.5170316, 13.4012274",6231,1854
"52.5014817833461, 13.3347607258739","52.5207714, 13.3889021",6055,1368
"52.5014817833461, 13.3347607258739","52.5027268, 13.4453492",11610,2294
"52.5014817833461, 13.3347607258739","52.5284267, 13.3720175",4994,1483
"52.5014817833461, 13.3347607258739","52.5209131, 13.3871461",5924,1311
"52.5014817833461, 13.3347607258739","52.5304903, 13.3791152",8731,1938
"52.5014817833461, 13.3347607258739","52.4864896, 13.4217418",9789,2350
"52.5014817833461, 13.3347607258739","52.5215057, 13.4069139",7164,1844
"52.5014817833461, 13.3347607258739","52.5174377, 13.3898033",5967,1522
"52.5014817833461, 13.3347607258739","52.5111669, 13.4430356",11865,2495
"52.5014817833461, 13.3347607258739","52.5076615, 13.454537",11555,2230
"52.5014817833461, 13.3347607258739","52.5121441, 13.3083771",2708,965
"52.5014817833461, 13.3347607258739","52.5087884, 13.378434",4015,1327
"52.5014817833461, 13.3347607258739","52.5019061, 13.3308361",556,470
"52.5014817833461, 13.3347607258739","52.5088651, 13.2707514",5416,1455
"52.5014817833461, 13.3347607258739","52.5264743, 13.39691",7880,2072
"52.5014817833461, 13.3347607258739","52.5106807, 13.419484",9410,2119
"52.5014817833461, 13.3347607258739","52.4602228, 13.5056519",17051,3842
"52.5014817833461, 13.3347607258739","52.474199, 13.141735",24541,4874
"52.5014817833461, 13.3347607258739","52.5021802, 13.364582",2795,1194
"52.5014817833461, 13.3347607258739","52.5205791, 13.4089041",7879,1608
"52.5014817833461, 13.3347607258739","52.4986678, 13.3566505",1833,855
"52.5014817833461, 13.3347607258739","52.520848, 13.4084747",7882,1610
"52.5014817833461, 13.3347607258739","52.49694, 13.4540533",11207,2938
"52.5014817833461, 13.3347607258739","52.4840199, 13.4053429",7638,2416
"52.5014817833461, 13.3347607258739","52.5049039, 13.4431471",11622,2291
"52.5014817833461, 13.3347607258739","52.524042, 13.402083",7233,1551
"52.5014817833461, 13.3347607258739","52.5071871, 13.390676",4897,1336
"52.5014817833461, 13.3347607258739","52.4583565, 13.2889441",7229,1675
"52.5014817833461, 13.3347607258739","52.5112074, 13.4169157",9137,1893
"52.5014817833461, 13.3347607258739","52.440493, 13.3911183",11565,2923
"52.4976273830543, 13.3122181946513","52.5075075, 13.3903737",6693,1682
"52.4976273830543, 13.3122181946513","52.5542753, 13.3785425",9531,2323
"52.4976273830543, 13.3122181946513","52.5063, 13.3840159",6177,1709
"52.4976273830543, 13.3122181946513","52.5206458, 13.2932877",3661,1463
"52.4976273830543, 13.3122181946513","52.5239216, 13.3888786",7728,1941
"52.4976273830543, 13.3122181946513","52.5168416, 13.3816742",8846,1965
"52.4976273830543, 13.3122181946513","52.5040556, 13.3379413",2193,739
"52.4976273830543, 13.3122181946513","52.5090125, 13.3792937",7965,1965
"52.4976273830543, 13.3122181946513","52.4983661, 13.3605076",4166,1199
"52.4976273830543, 13.3122181946513","52.5478117, 13.3892456",11244,2373
"52.4976273830543, 13.3122181946513","52.5046782, 13.4490212",11258,2225
"52.4976273830543, 13.3122181946513","52.5136642, 13.4727613",18608,2902
"52.4976273830543, 13.3122181946513","52.5016098, 13.381181",6818,1585
"52.4976273830543, 13.3122181946513","52.5214137, 13.4034811",8568,1864
"52.4976273830543, 13.3122181946513","52.5176913, 13.4419715",11638,2902
"52.4976273830543, 13.3122181946513","52.517699, 13.3970326",9204,2364
"52.4976273830543, 13.3122181946513","52.5303108, 13.3186121",5980,1892
"52.4976273830543, 13.3122181946513","52.5146378, 13.3905283",9853,2230
"52.4976273830543, 13.3122181946513","52.5145186, 13.487322",17331,3603
"52.4976273830543, 13.3122181946513","52.5170316, 13.4012274",8888,2377
"52.4976273830543, 13.3122181946513","52.5207714, 13.3889021",7395,1678
"52.4976273830543, 13.3122181946513","52.5027268, 13.4453492",11646,2539
"52.4976273830543, 13.3122181946513","52.5284267, 13.3720175",6334,1853
"52.4976273830543, 13.3122181946513","52.5209131, 13.3871461",7264,1621
"52.4976273830543, 13.3122181946513","52.5304903, 13.3791152",8998,2255
"52.4976273830543, 13.3122181946513","52.4864896, 13.4217418",9998,1712
"52.4976273830543, 13.3122181946513","52.5215057, 13.4069139",9325,2086
"52.4976273830543, 13.3122181946513","52.5174377, 13.3898033",7688,1917
"52.4976273830543, 13.3122181946513","52.5111669, 13.4430356",13204,2925
"52.4976273830543, 13.3122181946513","52.5076615, 13.454537",12894,2660
"52.4976273830543, 13.3122181946513","52.5121441, 13.3083771",2761,959
"52.4976273830543, 13.3122181946513","52.5087884, 13.378434",7902,1933
"52.4976273830543, 13.3122181946513","52.5019061, 13.3308361",2045,852
"52.4976273830543, 13.3122181946513","52.5088651, 13.2707514",4964,2007
"52.4976273830543, 13.3122181946513","52.5264743, 13.39691",9220,2382
"52.4976273830543, 13.3122181946513","52.5106807, 13.419484",13362,2602
"52.4976273830543, 13.3122181946513","52.4602228, 13.5056519",19777,4214
"52.4976273830543, 13.3122181946513","52.474199, 13.141735",23689,4618
"52.4976273830543, 13.3122181946513","52.5021802, 13.364582",5063,1601
"52.4976273830543, 13.3122181946513","52.5205791, 13.4089041",9219,1978
"52.4976273830543, 13.3122181946513","52.4986678, 13.3566505",3591,1173
"52.4976273830543, 13.3122181946513","52.520848, 13.4084747",9222,1980
"52.4976273830543, 13.3122181946513","52.49694, 13.4540533",11439,2904
"52.4976273830543, 13.3122181946513","52.4840199, 13.4053429",9414,2063
"52.4976273830543, 13.3122181946513","52.5049039, 13.4431471",11737,2593
"52.4976273830543, 13.3122181946513","52.524042, 13.402083",8573,1861
"52.4976273830543, 13.3122181946513","52.5071871, 13.390676",6656,1654
"52.4976273830543, 13.3122181946513","52.4583565, 13.2889441",6006,1639
"52.4976273830543, 13.3122181946513","52.5112074, 13.4169157",13197,2462
"52.4976273830543, 13.3122181946513","52.440493, 13.3911183",13530,2495
"52.4959523122373, 13.325036692205","52.5075075, 13.3903737",6195,1862
"52.4959523122373, 13.325036692205","52.5542753, 13.3785425",9013,1932
"52.4959523122373, 13.325036692205","52.5063, 13.3840159",5679,1889
"52.4959523122373, 13.325036692205","52.5206458, 13.2932877",5421,1535
"52.4959523122373, 13.325036692205","52.5239216, 13.3888786",7580,1949
"52.4959523122373, 13.325036692205","52.5168416, 13.3816742",7075,1814
"52.4959523122373, 13.325036692205","52.5040556, 13.3379413",1695,919
"52.4959523122373, 13.325036692205","52.5090125, 13.3792937",6225,1789
"52.4959523122373, 13.325036692205","52.4983661, 13.3605076",3668,1379
"52.4959523122373, 13.325036692205","52.5478117, 13.3892456",9919,2021
"52.4959523122373, 13.325036692205","52.5046782, 13.4490212",12260,2460
"52.4959523122373, 13.325036692205","52.5136642, 13.4727613",17552,2681
"52.4959523122373, 13.325036692205","52.5016098, 13.381181",5251,1789
"52.4959523122373, 13.325036692205","52.5214137, 13.4034811",8278,1934
"52.4959523122373, 13.325036692205","52.5176913, 13.4419715",16022,3212
"52.4959523122373, 13.325036692205","52.517699, 13.3970326",7885,2092
"52.4959523122373, 13.325036692205","52.5303108, 13.3186121",5859,1798
"52.4959523122373, 13.325036692205","52.5146378, 13.3905283",11162,2226
"52.4959523122373, 13.325036692205","52.5145186, 13.487322",18519,3556
"52.4959523122373, 13.325036692205","52.5170316, 13.4012274",8402,2099
"52.4959523122373, 13.325036692205","52.5207714, 13.3889021",6897,1715
"52.4959523122373, 13.325036692205","52.5027268, 13.4453492",12660,2794
"52.4959523122373, 13.325036692205","52.5284267, 13.3720175",6667,2182
"52.4959523122373, 13.325036692205","52.5209131, 13.3871461",6804,1637
"52.4959523122373, 13.325036692205","52.5304903, 13.3791152",9492,2115
"52.4959523122373, 13.325036692205","52.4864896, 13.4217418",9916,2243
"52.4959523122373, 13.325036692205","52.5215057, 13.4069139",8797,2090
"52.4959523122373, 13.325036692205","52.5174377, 13.3898033",7531,1898
"52.4959523122373, 13.325036692205","52.5111669, 13.4430356",12915,2995
"52.4959523122373, 13.325036692205","52.5076615, 13.454537",12605,2730
"52.4959523122373, 13.325036692205","52.5121441, 13.3083771",3753,1332
"52.4959523122373, 13.325036692205","52.5087884, 13.378434",6181,1747
"52.4959523122373, 13.325036692205","52.5019061, 13.3308361",960,798
"52.4959523122373, 13.325036692205","52.5088651, 13.2707514",6461,1822
"52.4959523122373, 13.325036692205","52.5264743, 13.39691",8930,2452
"52.4959523122373, 13.325036692205","52.5106807, 13.419484",15062,2747
"52.4959523122373, 13.325036692205","52.4602228, 13.5056519",20301,4004
"52.4959523122373, 13.325036692205","52.474199, 13.141735",25095,4433
"52.4959523122373, 13.325036692205","52.5021802, 13.364582",4565,1781
"52.4959523122373, 13.325036692205","52.5205791, 13.4089041",8691,1982
"52.4959523122373, 13.325036692205","52.4986678, 13.3566505",3093,1353
"52.4959523122373, 13.325036692205","52.520848, 13.4084747",8694,1984
"52.4959523122373, 13.325036692205","52.49694, 13.4540533",15499,2921
"52.4959523122373, 13.325036692205","52.4840199, 13.4053429",9332,2594
"52.4959523122373, 13.325036692205","52.5049039, 13.4431471",12672,2791
"52.4959523122373, 13.325036692205","52.524042, 13.402083",8283,1931
"52.4959523122373, 13.325036692205","52.5071871, 13.390676",6158,1834
"52.4959523122373, 13.325036692205","52.4583565, 13.2889441",6276,1258
"52.4959523122373, 13.325036692205","52.5112074, 13.4169157",14897,2607
"52.4959523122373, 13.325036692205","52.440493, 13.3911183",19867,3330
"52.5103620538636, 13.3188446220273","52.5075075, 13.3903737",7319,1796
"52.5103620538636, 13.3188446220273","52.5542753, 13.3785425",8898,2815
"52.5103620538636, 13.3188446220273","52.5063, 13.3840159",6107,1978
"52.5103620538636, 13.3188446220273","52.5206458, 13.2932877",2675,1142
"52.5103620538636, 13.3188446220273","52.5239216, 13.3888786",7314,1652
"52.5103620538636, 13.3188446220273","52.5168416, 13.3816742",6938,1834
"52.5103620538636, 13.3188446220273","52.5040556, 13.3379413",1924,882
"52.5103620538636, 13.3188446220273","52.5090125, 13.3792937",5922,1309
"52.5103620538636, 13.3188446220273","52.4983661, 13.3605076",3992,1097
"52.5103620538636, 13.3188446220273","52.5478117, 13.3892456",9830,1953
"52.5103620538636, 13.3188446220273","52.5046782, 13.4490212",12135,2101
"52.5103620538636, 13.3188446220273","52.5136642, 13.4727613",14940,2718
"52.5103620538636, 13.3188446220273","52.5016098, 13.381181",5698,1543
"52.5103620538636, 13.3188446220273","52.5214137, 13.4034811",8154,1575
"52.5103620538636, 13.3188446220273","52.5176913, 13.4419715",12039,2732
"52.5103620538636, 13.3188446220273","52.517699, 13.3970326",7965,2104
"52.5103620538636, 13.3188446220273","52.5303108, 13.3186121",4584,1620
"52.5103620538636, 13.3188446220273","52.5146378, 13.3905283",7227,1691
"52.5103620538636, 13.3188446220273","52.5145186, 13.487322",15293,3373
"52.5103620538636, 13.3188446220273","52.5170316, 13.4012274",7659,2430
"52.5103620538636, 13.3188446220273","52.5207714, 13.3889021",6981,1389
"52.5103620538636, 13.3188446220273","52.5027268, 13.4453492",12535,2435
"52.5103620538636, 13.3188446220273","52.5284267, 13.3720175",5920,1564
"52.5103620538636, 13.3188446220273","52.5209131, 13.3871461",6850,1332
"52.5103620538636, 13.3188446220273","52.5304903, 13.3791152",6434,1958
"52.5103620538636, 13.3188446220273","52.4864896, 13.4217418",12706,2479
"52.5103620538636, 13.3188446220273","52.5215057, 13.4069139",8911,1797
"52.5103620538636, 13.3188446220273","52.5174377, 13.3898033",7274,1628
"52.5103620538636, 13.3188446220273","52.5111669, 13.4430356",12790,2636
"52.5103620538636, 13.3188446220273","52.5076615, 13.454537",12480,2371
"52.5103620538636, 13.3188446220273","52.5121441, 13.3083771",856,749
"52.5103620538636, 13.3188446220273","52.5087884, 13.378434",5878,1267
"52.5103620538636, 13.3188446220273","52.5019061, 13.3308361",2067,1206
"52.5103620538636, 13.3188446220273","52.5088651, 13.2707514",4160,1159
"52.5103620538636, 13.3188446220273","52.5264743, 13.39691",8806,2093
"52.5103620538636, 13.3188446220273","52.5106807, 13.419484",8996,2193
"52.5103620538636, 13.3188446220273","52.4602228, 13.5056519",17835,3824
"52.5103620538636, 13.3188446220273","52.474199, 13.141735",19022,4683
"52.5103620538636, 13.3188446220273","52.5021802, 13.364582",4379,1410
"52.5103620538636, 13.3188446220273","52.5205791, 13.4089041",8805,1689
"52.5103620538636, 13.3188446220273","52.4986678, 13.3566505",3458,1098
"52.5103620538636, 13.3188446220273","52.520848, 13.4084747",8808,1691
"52.5103620538636, 13.3188446220273","52.49694, 13.4540533",11991,2920
"52.5103620538636, 13.3188446220273","52.4840199, 13.4053429",12122,2830
"52.5103620538636, 13.3188446220273","52.5049039, 13.4431471",12547,2432
"52.5103620538636, 13.3188446220273","52.524042, 13.402083",8159,1572
"52.5103620538636, 13.3188446220273","52.5071871, 13.390676",7351,1821
"52.5103620538636, 13.3188446220273","52.4583565, 13.2889441",7798,2231
"52.5103620538636, 13.3188446220273","52.5112074, 13.4169157",10063,1974
"52.5103620538636, 13.3188446220273","52.440493, 13.3911183",16263,2971
"52.5086868641705, 13.3316656964057","52.5075075, 13.3903737",5482,1623
"52.5086868641705, 13.3316656964057","52.5542753, 13.3785425",7656,1557
"52.5086868641705, 13.3316656964057","52.5063, 13.3840159",5033,1726
"52.5086868641705, 13.3316656964057","52.5206458, 13.2932877",4203,1111
"52.5086868641705, 13.3316656964057","52.5239216, 13.3888786",5857,1161
"52.5086868641705, 13.3316656964057","52.5168416, 13.3816742",5967,1330
"52.5086868641705, 13.3316656964057","52.5040556, 13.3379413",1260,546
"52.5086868641705, 13.3316656964057","52.5090125, 13.3792937",4504,1185
"52.5086868641705, 13.3316656964057","52.4983661, 13.3605076",2964,904
"52.5086868641705, 13.3316656964057","52.5478117, 13.3892456",8562,1646
"52.5086868641705, 13.3316656964057","52.5046782, 13.4490212",10679,1490
"52.5086868641705, 13.3316656964057","52.5136642, 13.4727613",11567,1968
"52.5086868641705, 13.3316656964057","52.5016098, 13.381181",4670,1350
"52.5086868641705, 13.3316656964057","52.5214137, 13.4034811",6697,1084
"52.5086868641705, 13.3316656964057","52.5176913, 13.4419715",9489,1758
"52.5086868641705, 13.3316656964057","52.517699, 13.3970326",6777,1608
"52.5086868641705, 13.3316656964057","52.5303108, 13.3186121",4502,1423
"52.5086868641705, 13.3316656964057","52.5146378, 13.3905283",6075,1718
"52.5086868641705, 13.3316656964057","52.5145186, 13.487322",12743,2399
"52.5086868641705, 13.3316656964057","52.5170316, 13.4012274",6687,1686
"52.5086868641705, 13.3316656964057","52.5207714, 13.3889021",5524,898
"52.5086868641705, 13.3316656964057","52.5027268, 13.4453492",11079,1824
"52.5086868641705, 13.3316656964057","52.5284267, 13.3720175",4463,1073
"52.5086868641705, 13.3316656964057","52.5209131, 13.3871461",5393,841
"52.5086868641705, 13.3316656964057","52.5304903, 13.3791152",5021,1527
"52.5086868641705, 13.3316656964057","52.4864896, 13.4217418",10235,2442
"52.5086868641705, 13.3316656964057","52.5215057, 13.4069139",7454,1306
"52.5086868641705, 13.3316656964057","52.5174377, 13.3898033",6423,1414
"52.5086868641705, 13.3316656964057","52.5111669, 13.4430356",11334,2025
"52.5086868641705, 13.3316656964057","52.5076615, 13.454537",11024,1760
"52.5086868641705, 13.3316656964057","52.5121441, 13.3083771",2423,662
"52.5086868641705, 13.3316656964057","52.5087884, 13.378434",4472,1159
"52.5086868641705, 13.3316656964057","52.5019061, 13.3308361",965,548
"52.5086868641705, 13.3316656964057","52.5088651, 13.2707514",5213,1492
"52.5086868641705, 13.3316656964057","52.5264743, 13.39691",7349,1602
"52.5086868641705, 13.3316656964057","52.5106807, 13.419484",8879,1709
"52.5086868641705, 13.3316656964057","52.4602228, 13.5056519",16807,3631
"52.5086868641705, 13.3316656964057","52.474199, 13.141735",24030,4356
"52.5086868641705, 13.3316656964057","52.5021802, 13.364582",4544,1528
"52.5086868641705, 13.3316656964057","52.5205791, 13.4089041",7348,1198
"52.5086868641705, 13.3316656964057","52.4986678, 13.3566505",2430,905
"52.5086868641705, 13.3316656964057","52.520848, 13.4084747",7351,1200
"52.5086868641705, 13.3316656964057","52.49694, 13.4540533",10963,2727
"52.5086868641705, 13.3316656964057","52.4840199, 13.4053429",8664,2512
"52.5086868641705, 13.3316656964057","52.5049039, 13.4431471",11091,1821
"52.5086868641705, 13.3316656964057","52.524042, 13.402083",6702,1081
"52.5086868641705, 13.3316656964057","52.5071871, 13.390676",5934,1612
"52.5086868641705, 13.3316656964057","52.4583565, 13.2889441",8353,1777
"52.5086868641705, 13.3316656964057","52.5112074, 13.4169157",8606,1483
"52.5086868641705, 13.3316656964057","52.440493, 13.3911183",14553,2476
"52.5048320437617, 13.3091211544356","52.5075075, 13.3903737",7383,2065
"52.5048320437617, 13.3091211544356","52.5542753, 13.3785425",9950,2360
"52.5048320437617, 13.3091211544356","52.5063, 13.3840159",6868,2092
"52.5048320437617, 13.3091211544356","52.5206458, 13.2932877",4000,954
"52.5048320437617, 13.3091211544356","52.5239216, 13.3888786",8049,1509
"52.5048320437617, 13.3091211544356","52.5168416, 13.3816742",8305,1715
"52.5048320437617, 13.3091211544356","52.5040556, 13.3379413",2884,1122
"52.5048320437617, 13.3091211544356","52.5090125, 13.3792937",7553,1835
"52.5048320437617, 13.3091211544356","52.4983661, 13.3605076",4857,1582
"52.5048320437617, 13.3091211544356","52.5478117, 13.3892456",10565,1870
"52.5048320437617, 13.3091211544356","52.5046782, 13.4490212",12871,1958
"52.5048320437617, 13.3091211544356","52.5136642, 13.4727613",15675,2479
"52.5048320437617, 13.3091211544356","52.5016098, 13.381181",8116,1595
"52.5048320437617, 13.3091211544356","52.5214137, 13.4034811",8889,1432
"52.5048320437617, 13.3091211544356","52.5176913, 13.4419715",11945,2440
"52.5048320437617, 13.3091211544356","52.517699, 13.3970326",9525,1932
"52.5048320437617, 13.3091211544356","52.5303108, 13.3186121",4435,1602
"52.5048320437617, 13.3091211544356","52.5146378, 13.3905283",8291,1744
"52.5048320437617, 13.3091211544356","52.5145186, 13.487322",17638,3141
"52.5048320437617, 13.3091211544356","52.5170316, 13.4012274",9490,1933
"52.5048320437617, 13.3091211544356","52.5207714, 13.3889021",7716,1246
"52.5048320437617, 13.3091211544356","52.5027268, 13.4453492",13271,2292
"52.5048320437617, 13.3091211544356","52.5284267, 13.3720175",6655,1421
"52.5048320437617, 13.3091211544356","52.5209131, 13.3871461",7585,1189
"52.5048320437617, 13.3091211544356","52.5304903, 13.3791152",7212,1755
"52.5048320437617, 13.3091211544356","52.4864896, 13.4217418",11296,1722
"52.5048320437617, 13.3091211544356","52.5215057, 13.4069139",9646,1654
"52.5048320437617, 13.3091211544356","52.5174377, 13.3898033",8009,1485
"52.5048320437617, 13.3091211544356","52.5111669, 13.4430356",13526,2493
"52.5048320437617, 13.3091211544356","52.5076615, 13.454537",13216,2228
"52.5048320437617, 13.3091211544356","52.5121441, 13.3083771",1217,669
"52.5048320437617, 13.3091211544356","52.5087884, 13.378434",7509,1793
"52.5048320437617, 13.3091211544356","52.5019061, 13.3308361",3036,1054
"52.5048320437617, 13.3091211544356","52.5088651, 13.2707514",3183,1155
"52.5048320437617, 13.3091211544356","52.5264743, 13.39691",9541,1950
"52.5048320437617, 13.3091211544356","52.5106807, 13.419484",11071,2057
"52.5048320437617, 13.3091211544356","52.4602228, 13.5056519",22414,3798
"52.5048320437617, 13.3091211544356","52.474199, 13.141735",18100,3785
"52.5048320437617, 13.3091211544356","52.5021802, 13.364582",5754,1984
"52.5048320437617, 13.3091211544356","52.5205791, 13.4089041",9540,1546
"52.5048320437617, 13.3091211544356","52.4986678, 13.3566505",4282,1556
"52.5048320437617, 13.3091211544356","52.520848, 13.4084747",9543,1548
"52.5048320437617, 13.3091211544356","52.49694, 13.4540533",12834,2875
"52.5048320437617, 13.3091211544356","52.4840199, 13.4053429",10712,2073
"52.5048320437617, 13.3091211544356","52.5049039, 13.4431471",13283,2289
"52.5048320437617, 13.3091211544356","52.524042, 13.402083",8894,1429
"52.5048320437617, 13.3091211544356","52.5071871, 13.390676",7346,2037
"52.5048320437617, 13.3091211544356","52.4583565, 13.2889441",6401,1731
"52.5048320437617, 13.3091211544356","52.5112074, 13.4169157",10798,1831
"52.5048320437617, 13.3091211544356","52.440493, 13.3911183",14827,2805
"52.4882355140213, 13.2799624059181","52.5075075, 13.3903737",9763,2301
"52.4882355140213, 13.2799624059181","52.5542753, 13.3785425",12743,3002
"52.4882355140213, 13.2799624059181","52.5063, 13.3840159",9247,2328
"52.4882355140213, 13.2799624059181","52.5206458, 13.2932877",5551,2093
"52.4882355140213, 13.2799624059181","52.5239216, 13.3888786",10531,2601
"52.4882355140213, 13.2799624059181","52.5168416, 13.3816742",10291,2891
"52.4882355140213, 13.2799624059181","52.5040556, 13.3379413",5263,1358
"52.4882355140213, 13.2799624059181","52.5090125, 13.3792937",9758,2603
"52.4882355140213, 13.2799624059181","52.4983661, 13.3605076",7233,1859
"52.4882355140213, 13.2799624059181","52.5478117, 13.3892456",13697,2384
"52.4882355140213, 13.2799624059181","52.5046782, 13.4490212",15353,3050
"52.4882355140213, 13.2799624059181","52.5136642, 13.4727613",21216,3188
"52.4882355140213, 13.2799624059181","52.5016098, 13.381181",8819,2228
"52.4882355140213, 13.2799624059181","52.5214137, 13.4034811",11371,2524
"52.4882355140213, 13.2799624059181","52.5176913, 13.4419715",23545,3802
"52.4882355140213, 13.2799624059181","52.517699, 13.3970326",11101,3169
"52.4882355140213, 13.2799624059181","52.5303108, 13.3186121",9999,2555
"52.4882355140213, 13.2799624059181","52.5146378, 13.3905283",10936,3115
"52.4882355140213, 13.2799624059181","52.5145186, 13.487322",22184,4008
"52.4882355140213, 13.2799624059181","52.5170316, 13.4012274",11618,3176
"52.4882355140213, 13.2799624059181","52.5207714, 13.3889021",10198,2338
"52.4882355140213, 13.2799624059181","52.5027268, 13.4453492",15753,3384
"52.4882355140213, 13.2799624059181","52.5284267, 13.3720175",9137,2513
"52.4882355140213, 13.2799624059181","52.5209131, 13.3871461",10067,2281
"52.4882355140213, 13.2799624059181","52.5304903, 13.3791152",9487,2847
"52.4882355140213, 13.2799624059181","52.4864896, 13.4217418",13455,2717
"52.4882355140213, 13.2799624059181","52.5215057, 13.4069139",12128,2746
"52.4882355140213, 13.2799624059181","52.5174377, 13.3898033",10747,2975
"52.4882355140213, 13.2799624059181","52.5111669, 13.4430356",16008,3585
"52.4882355140213, 13.2799624059181","52.5076615, 13.454537",15698,3320
"52.4882355140213, 13.2799624059181","52.5121441, 13.3083771",4828,1724
"52.4882355140213, 13.2799624059181","52.5087884, 13.378434",9705,2561
"52.4882355140213, 13.2799624059181","52.5019061, 13.3308361",5115,1471
"52.4882355140213, 13.2799624059181","52.5088651, 13.2707514",4254,1414
"52.4882355140213, 13.2799624059181","52.5264743, 13.39691",12023,3042
"52.4882355140213, 13.2799624059181","52.5106807, 13.419484",12323,3307
"52.4882355140213, 13.2799624059181","52.4602228, 13.5056519",21467,4906
"52.4882355140213, 13.2799624059181","52.474199, 13.141735",19176,4644
"52.4882355140213, 13.2799624059181","52.5021802, 13.364582",8133,2220
"52.4882355140213, 13.2799624059181","52.5205791, 13.4089041",12022,2638
"52.4882355140213, 13.2799624059181","52.4986678, 13.3566505",6658,1833
"52.4882355140213, 13.2799624059181","52.520848, 13.4084747",12025,2640
"52.4882355140213, 13.2799624059181","52.49694, 13.4540533",18012,3378
"52.4882355140213, 13.2799624059181","52.4840199, 13.4053429",12872,3068
"52.4882355140213, 13.2799624059181","52.5049039, 13.4431471",15765,3381
"52.4882355140213, 13.2799624059181","52.524042, 13.402083",11376,2521
"52.4882355140213, 13.2799624059181","52.5071871, 13.390676",9726,2273
"52.4882355140213, 13.2799624059181","52.4583565, 13.2889441",3857,1045
"52.4882355140213, 13.2799624059181","52.5112074, 13.4169157",12158,3167
"52.4882355140213, 13.2799624059181","52.440493, 13.3911183",16648,3860
"52.589546609889, 13.2847427880756","52.5075075, 13.3903737",13043,2391
"52.589546609889, 13.2847427880756","52.5542753, 13.3785425",11801,2676
"52.589546609889, 13.2847427880756","52.5063, 13.3840159",17921,2717
"52.589546609889, 13.2847427880756","52.5206458, 13.2932877",11603,3058
"52.589546609889, 13.2847427880756","52.5239216, 13.3888786",10912,2084
"52.589546609889, 13.2847427880756","52.5168416, 13.3816742",15833,2176
"52.589546609889, 13.2847427880756","52.5040556, 13.3379413",13801,3103
"52.589546609889, 13.2847427880756","52.5090125, 13.3792937",16882,2416
"52.589546609889, 13.2847427880756","52.4983661, 13.3605076",20345,3112
"52.589546609889, 13.2847427880756","52.5478117, 13.3892456",11089,1638
"52.589546609889, 13.2847427880756","52.5046782, 13.4490212",16708,3279
"52.589546609889, 13.2847427880756","52.5136642, 13.4727613",18553,2748
"52.589546609889, 13.2847427880756","52.5016098, 13.381181",17619,2476
"52.589546609889, 13.2847427880756","52.5214137, 13.4034811",12073,2747
"52.589546609889, 13.2847427880756","52.5176913, 13.4419715",16005,3281
"52.589546609889, 13.2847427880756","52.517699, 13.3970326",12291,2591
"52.589546609889, 13.2847427880756","52.5303108, 13.3186121",12865,2976
"52.589546609889, 13.2847427880756","52.5146378, 13.3905283",11987,2295
"52.589546609889, 13.2847427880756","52.5145186, 13.487322",19259,3922
"52.589546609889, 13.2847427880756","52.5170316, 13.4012274",14094,2906
"52.589546609889, 13.2847427880756","52.5207714, 13.3889021",11424,2128
"52.589546609889, 13.2847427880756","52.5027268, 13.4453492",17108,3613
"52.589546609889, 13.2847427880756","52.5284267, 13.3720175",10875,2632
"52.589546609889, 13.2847427880756","52.5209131, 13.3871461",11392,2138
"52.589546609889, 13.2847427880756","52.5304903, 13.3791152",10317,2184
"52.589546609889, 13.2847427880756","52.4864896, 13.4217418",17174,3516
"52.589546609889, 13.2847427880756","52.5215057, 13.4069139",13499,2837
"52.589546609889, 13.2847427880756","52.5174377, 13.3898033",11850,2231
"52.589546609889, 13.2847427880756","52.5111669, 13.4430356",16326,3606
"52.589546609889, 13.2847427880756","52.5076615, 13.454537",17053,3549
"52.589546609889, 13.2847427880756","52.5121441, 13.3083771",12486,2802
"52.589546609889, 13.2847427880756","52.5087884, 13.378434",16874,2384
"52.589546609889, 13.2847427880756","52.5019061, 13.3308361",13455,2822
"52.589546609889, 13.2847427880756","52.5088651, 13.2707514",13238,1889
"52.589546609889, 13.2847427880756","52.5264743, 13.39691",14835,2312
"52.589546609889, 13.2847427880756","52.5106807, 13.419484",16276,2777
"52.589546609889, 13.2847427880756","52.4602228, 13.5056519",26571,4334
"52.589546609889, 13.2847427880756","52.474199, 13.141735",23250,5162
"52.589546609889, 13.2847427880756","52.5021802, 13.364582",18131,3252
"52.589546609889, 13.2847427880756","52.5205791, 13.4089041",13393,2729
"52.589546609889, 13.2847427880756","52.4986678, 13.3566505",14798,3551
"52.589546609889, 13.2847427880756","52.520848, 13.4084747",13396,2731
"52.589546609889, 13.2847427880756","52.49694, 13.4540533",21769,3529
"52.589546609889, 13.2847427880756","52.4840199, 13.4053429",16690,3728
"52.589546609889, 13.2847427880756","52.5049039, 13.4431471",17120,3610
"52.589546609889, 13.2847427880756","52.524042, 13.402083",15045,2485
"52.589546609889, 13.2847427880756","52.5071871, 13.390676",13005,2361
"52.589546609889, 13.2847427880756","52.4583565, 13.2889441",20925,3971
"52.589546609889, 13.2847427880756","52.5112074, 13.4169157",16111,2637
"52.589546609889, 13.2847427880756","52.440493, 13.3911183",20692,3399
"52.5557502080193, 13.3356431813037","52.5075075, 13.3903737",8365,1656
"52.5557502080193, 13.3356431813037","52.5542753, 13.3785425",4726,1923
"52.5557502080193, 13.3356431813037","52.5063, 13.3840159",9397,2501
"52.5557502080193, 13.3356431813037","52.5206458, 13.2932877",11618,2517
"52.5557502080193, 13.3356431813037","52.5239216, 13.3888786",6234,1349
"52.5557502080193, 13.3356431813037","52.5168416, 13.3816742",7585,1823
"52.5557502080193, 13.3356431813037","52.5040556, 13.3379413",9124,2368
"52.5557502080193, 13.3356431813037","52.5090125, 13.3792937",8611,2138
"52.5557502080193, 13.3356431813037","52.4983661, 13.3605076",11201,2571
"52.5557502080193, 13.3356431813037","52.5478117, 13.3892456",5552,1608
"52.5557502080193, 13.3356431813037","52.5046782, 13.4490212",12031,2544
"52.5557502080193, 13.3356431813037","52.5136642, 13.4727613",13072,2412
"52.5557502080193, 13.3356431813037","52.5016098, 13.381181",9377,2430
"52.5557502080193, 13.3356431813037","52.5214137, 13.4034811",7395,2012
"52.5557502080193, 13.3356431813037","52.5176913, 13.4419715",11327,2546
"52.5557502080193, 13.3356431813037","52.517699, 13.3970326",7613,1856
"52.5557502080193, 13.3356431813037","52.5303108, 13.3186121",7459,2313
"52.5557502080193, 13.3356431813037","52.5146378, 13.3905283",7309,1560
"52.5557502080193, 13.3356431813037","52.5145186, 13.487322",14581,3187
"52.5557502080193, 13.3356431813037","52.5170316, 13.4012274",7943,2102
"52.5557502080193, 13.3356431813037","52.5207714, 13.3889021",6747,1393
"52.5557502080193, 13.3356431813037","52.5027268, 13.4453492",12431,2878
"52.5557502080193, 13.3356431813037","52.5284267, 13.3720175",6198,1897
"52.5557502080193, 13.3356431813037","52.5209131, 13.3871461",6715,1403
"52.5557502080193, 13.3356431813037","52.5304903, 13.3791152",5640,1449
"52.5557502080193, 13.3356431813037","52.4864896, 13.4217418",12496,2781
"52.5557502080193, 13.3356431813037","52.5215057, 13.4069139",7776,2236
"52.5557502080193, 13.3356431813037","52.5174377, 13.3898033",7172,1496
"52.5557502080193, 13.3356431813037","52.5111669, 13.4430356",12686,3079
"52.5557502080193, 13.3356431813037","52.5076615, 13.454537",12376,2814
"52.5557502080193, 13.3356431813037","52.5121441, 13.3083771",10212,2466
"52.5557502080193, 13.3356431813037","52.5087884, 13.378434",8994,2161
"52.5557502080193, 13.3356431813037","52.5019061, 13.3308361",8778,2087
"52.5557502080193, 13.3356431813037","52.5088651, 13.2707514",12920,2956
"52.5557502080193, 13.3356431813037","52.5264743, 13.39691",7072,2036
"52.5557502080193, 13.3356431813037","52.5106807, 13.419484",9668,2779
"52.5557502080193, 13.3356431813037","52.4602228, 13.5056519",22281,3798
"52.5557502080193, 13.3356431813037","52.474199, 13.141735",28168,5567
"52.5557502080193, 13.3356431813037","52.5021802, 13.364582",10088,2556
"52.5557502080193, 13.3356431813037","52.5205791, 13.4089041",8701,2132
"52.5557502080193, 13.3356431813037","52.4986678, 13.3566505",12016,2764
"52.5557502080193, 13.3356431813037","52.520848, 13.4084747",8704,2134
"52.5557502080193, 13.3356431813037","52.49694, 13.4540533",16288,3181
"52.5557502080193, 13.3356431813037","52.4840199, 13.4053429",12012,2993
"52.5557502080193, 13.3356431813037","52.5049039, 13.4431471",12443,2875
"52.5557502080193, 13.3356431813037","52.524042, 13.402083",8055,2015
"52.5557502080193, 13.3356431813037","52.5071871, 13.390676",8327,1626
"52.5557502080193, 13.3356431813037","52.4583565, 13.2889441",15694,3719
"52.5557502080193, 13.3356431813037","52.5112074, 13.4169157",9958,2417
"52.5557502080193, 13.3356431813037","52.440493, 13.3911183",16014,2664
"52.5540753515988, 13.3484733156738","52.5075075, 13.3903737",7659,1609
"52.5540753515988, 13.3484733156738","52.5542753, 13.3785425",3429,1254
"52.5540753515988, 13.3484733156738","52.5063, 13.3840159",8691,2454
"52.5540753515988, 13.3484733156738","52.5206458, 13.2932877",10912,2470
"52.5540753515988, 13.3484733156738","52.5239216, 13.3888786",5529,1302
"52.5540753515988, 13.3484733156738","52.5168416, 13.3816742",6879,1776
"52.5540753515988, 13.3484733156738","52.5040556, 13.3379413",8758,2465
"52.5540753515988, 13.3484733156738","52.5090125, 13.3792937",7905,2091
"52.5540753515988, 13.3484733156738","52.4983661, 13.3605076",9348,2255
"52.5540753515988, 13.3484733156738","52.5478117, 13.3892456",4846,1561
"52.5540753515988, 13.3484733156738","52.5046782, 13.4490212",11325,2497
"52.5540753515988, 13.3484733156738","52.5136642, 13.4727613",12366,2365
"52.5540753515988, 13.3484733156738","52.5016098, 13.381181",8671,2383
"52.5540753515988, 13.3484733156738","52.5214137, 13.4034811",6690,1965
"52.5540753515988, 13.3484733156738","52.5176913, 13.4419715",10621,2499
"52.5540753515988, 13.3484733156738","52.517699, 13.3970326",6907,1809
"52.5540753515988, 13.3484733156738","52.5303108, 13.3186121",4198,1738
"52.5540753515988, 13.3484733156738","52.5146378, 13.3905283",6603,1513
"52.5540753515988, 13.3484733156738","52.5145186, 13.487322",14371,3671
"52.5540753515988, 13.3484733156738","52.5170316, 13.4012274",7237,2055
"52.5540753515988, 13.3484733156738","52.5207714, 13.3889021",6041,1346
"52.5540753515988, 13.3484733156738","52.5027268, 13.4453492",11725,2831
"52.5540753515988, 13.3484733156738","52.5284267, 13.3720175",5114,1753
"52.5540753515988, 13.3484733156738","52.5209131, 13.3871461",6009,1356
"52.5540753515988, 13.3484733156738","52.5304903, 13.3791152",4934,1402
"52.5540753515988, 13.3484733156738","52.4864896, 13.4217418",11791,2734
"52.5540753515988, 13.3484733156738","52.5215057, 13.4069139",7071,2189
"52.5540753515988, 13.3484733156738","52.5174377, 13.3898033",6466,1449
"52.5540753515988, 13.3484733156738","52.5111669, 13.4430356",11980,3032
"52.5540753515988, 13.3484733156738","52.5076615, 13.454537",11670,2767
"52.5540753515988, 13.3484733156738","52.5121441, 13.3083771",8495,2254
"52.5540753515988, 13.3484733156738","52.5087884, 13.378434",8288,2114
"52.5540753515988, 13.3484733156738","52.5019061, 13.3308361",7061,1875
"52.5540753515988, 13.3484733156738","52.5088651, 13.2707514",11203,2744
"52.5540753515988, 13.3484733156738","52.5264743, 13.39691",6367,1989
"52.5540753515988, 13.3484733156738","52.5106807, 13.419484",9204,2820
"52.5540753515988, 13.3484733156738","52.4602228, 13.5056519",21575,3751
"52.5540753515988, 13.3484733156738","52.474199, 13.141735",27462,5520
"52.5540753515988, 13.3484733156738","52.5021802, 13.364582",9735,2576
"52.5540753515988, 13.3484733156738","52.5205791, 13.4089041",7995,2085
"52.5540753515988, 13.3484733156738","52.4986678, 13.3566505",8767,2239
"52.5540753515988, 13.3484733156738","52.520848, 13.4084747",7998,2087
"52.5540753515988, 13.3484733156738","52.49694, 13.4540533",15582,3134
"52.5540753515988, 13.3484733156738","52.4840199, 13.4053429",11306,2946
"52.5540753515988, 13.3484733156738","52.5049039, 13.4431471",11737,2828
"52.5540753515988, 13.3484733156738","52.524042, 13.402083",7349,1968
"52.5540753515988, 13.3484733156738","52.5071871, 13.390676",7621,1579
"52.5540753515988, 13.3484733156738","52.4583565, 13.2889441",13977,3507
"52.5540753515988, 13.3484733156738","52.5112074, 13.4169157",9039,2680
"52.5540753515988, 13.3484733156738","52.440493, 13.3911183",15308,2617
"52.5629489517535, 13.3325457178556","52.5075075, 13.3903737",8170,1542
"52.5629489517535, 13.3325457178556","52.5542753, 13.3785425",5393,1388
"52.5629489517535, 13.3325457178556","52.5063, 13.3840159",9202,2387
"52.5629489517535, 13.3325457178556","52.5206458, 13.2932877",11423,2403
"52.5629489517535, 13.3325457178556","52.5239216, 13.3888786",6039,1235
"52.5629489517535, 13.3325457178556","52.5168416, 13.3816742",7390,1709
"52.5629489517535, 13.3325457178556","52.5040556, 13.3379413",8929,2254
"52.5629489517535, 13.3325457178556","52.5090125, 13.3792937",8416,2024
"52.5629489517535, 13.3325457178556","52.4983661, 13.3605076",11006,2457
"52.5629489517535, 13.3325457178556","52.5478117, 13.3892456",5862,1391
"52.5629489517535, 13.3325457178556","52.5046782, 13.4490212",11836,2430
"52.5629489517535, 13.3325457178556","52.5136642, 13.4727613",12877,2298
"52.5629489517535, 13.3325457178556","52.5016098, 13.381181",9182,2316
"52.5629489517535, 13.3325457178556","52.5214137, 13.4034811",7200,1898
"52.5629489517535, 13.3325457178556","52.5176913, 13.4419715",11132,2432
"52.5629489517535, 13.3325457178556","52.517699, 13.3970326",7418,1742
"52.5629489517535, 13.3325457178556","52.5303108, 13.3186121",8632,1962
"52.5629489517535, 13.3325457178556","52.5146378, 13.3905283",7114,1446
"52.5629489517535, 13.3325457178556","52.5145186, 13.487322",14386,3073
"52.5629489517535, 13.3325457178556","52.5170316, 13.4012274",7748,1988
"52.5629489517535, 13.3325457178556","52.5207714, 13.3889021",6552,1279
"52.5629489517535, 13.3325457178556","52.5027268, 13.4453492",13003,2896
"52.5629489517535, 13.3325457178556","52.5284267, 13.3720175",8284,2177
"52.5629489517535, 13.3325457178556","52.5209131, 13.3871461",6520,1289
"52.5629489517535, 13.3325457178556","52.5304903, 13.3791152",5445,1335
"52.5629489517535, 13.3325457178556","52.4864896, 13.4217418",14195,2517
"52.5629489517535, 13.3325457178556","52.5215057, 13.4069139",9906,2138
"52.5629489517535, 13.3325457178556","52.5174377, 13.3898033",6977,1382
"52.5629489517535, 13.3325457178556","52.5111669, 13.4430356",12491,2965
"52.5629489517535, 13.3325457178556","52.5076615, 13.454537",12181,2700
"52.5629489517535, 13.3325457178556","52.5121441, 13.3083771",8253,2388
"52.5629489517535, 13.3325457178556","52.5087884, 13.378434",8799,2047
"52.5629489517535, 13.3325457178556","52.5019061, 13.3308361",8583,1973
"52.5629489517535, 13.3325457178556","52.5088651, 13.2707514",12725,2842
"52.5629489517535, 13.3325457178556","52.5264743, 13.39691",6877,1922
"52.5629489517535, 13.3325457178556","52.5106807, 13.419484",11005,2117
"52.5629489517535, 13.3325457178556","52.4602228, 13.5056519",18941,4514
"52.5629489517535, 13.3325457178556","52.474199, 13.141735",22835,5288
"52.5629489517535, 13.3325457178556","52.5021802, 13.364582",9893,2442
"52.5629489517535, 13.3325457178556","52.5205791, 13.4089041",9735,1998
"52.5629489517535, 13.3325457178556","52.4986678, 13.3566505",11821,2650
"52.5629489517535, 13.3325457178556","52.520848, 13.4084747",9738,2000
"52.5629489517535, 13.3325457178556","52.49694, 13.4540533",16093,3067
"52.5629489517535, 13.3325457178556","52.4840199, 13.4053429",11817,2879
"52.5629489517535, 13.3325457178556","52.5049039, 13.4431471",13007,2890
"52.5629489517535, 13.3325457178556","52.524042, 13.402083",8979,1887
"52.5629489517535, 13.3325457178556","52.5071871, 13.390676",8132,1512
"52.5629489517535, 13.3325457178556","52.4583565, 13.2889441",15499,3605
"52.5629489517535, 13.3325457178556","52.5112074, 13.4169157",10840,1977
"52.5629489517535, 13.3325457178556","52.440493, 13.3911183",15819,2550
"52.5562432622537, 13.3838711244778","52.5075075, 13.3903737",6669,2071
"52.5562432622537, 13.3838711244778","52.5542753, 13.3785425",481,408
"52.5562432622537, 13.3838711244778","52.5063, 13.3840159",9208,2108
"52.5562432622537, 13.3838711244778","52.5206458, 13.2932877",9909,2332
"52.5562432622537, 13.3838711244778","52.5239216, 13.3888786",6627,1698
"52.5562432622537, 13.3838711244778","52.5168416, 13.3816742",7120,1567
"52.5562432622537, 13.3838711244778","52.5040556, 13.3379413",8451,1937
"52.5562432622537, 13.3838711244778","52.5090125, 13.3792937",8168,1807
"52.5562432622537, 13.3838711244778","52.4983661, 13.3605076",10230,2407
"52.5562432622537, 13.3838711244778","52.5478117, 13.3892456",1271,738
"52.5562432622537, 13.3838711244778","52.5046782, 13.4490212",8323,1927
"52.5562432622537, 13.3838711244778","52.5136642, 13.4727613",11440,2560
"52.5562432622537, 13.3838711244778","52.5016098, 13.381181",8906,1867
"52.5562432622537, 13.3838711244778","52.5214137, 13.4034811",4788,1508
"52.5562432622537, 13.3838711244778","52.5176913, 13.4419715",7374,1929
"52.5562432622537, 13.3838711244778","52.517699, 13.3970326",6166,1891
"52.5562432622537, 13.3838711244778","52.5303108, 13.3186121",6436,1547
"52.5562432622537, 13.3838711244778","52.5146378, 13.3905283",7595,1860
"52.5562432622537, 13.3838711244778","52.5145186, 13.487322",11298,2719
"52.5562432622537, 13.3838711244778","52.5170316, 13.4012274",8567,2038
"52.5562432622537, 13.3838711244778","52.5207714, 13.3889021",6920,1695
"52.5562432622537, 13.3838711244778","52.5027268, 13.4453492",8723,2261
"52.5562432622537, 13.3838711244778","52.5284267, 13.3720175",4875,1494
"52.5562432622537, 13.3838711244778","52.5209131, 13.3871461",6360,1382
"52.5562432622537, 13.3838711244778","52.5304903, 13.3791152",5423,1586
"52.5562432622537, 13.3838711244778","52.4864896, 13.4217418",9604,1864
"52.5562432622537, 13.3838711244778","52.5215057, 13.4069139",5315,1485
"52.5562432622537, 13.3838711244778","52.5174377, 13.3898033",7313,1837
"52.5562432622537, 13.3838711244778","52.5111669, 13.4430356",13669,3319
"52.5562432622537, 13.3838711244778","52.5076615, 13.454537",12955,2874
"52.5562432622537, 13.3838711244778","52.5121441, 13.3083771",9908,2482
"52.5562432622537, 13.3838711244778","52.5087884, 13.378434",8160,1775
"52.5562432622537, 13.3838711244778","52.5019061, 13.3308361",8105,1656
"52.5562432622537, 13.3838711244778","52.5088651, 13.2707514",12247,2525
"52.5562432622537, 13.3838711244778","52.5264743, 13.39691",4956,1691
"52.5562432622537, 13.3838711244778","52.5106807, 13.419484",6414,1464
"52.5562432622537, 13.3838711244778","52.4602228, 13.5056519",15234,3621
"52.5562432622537, 13.3838711244778","52.474199, 13.141735",26459,5382
"52.5562432622537, 13.3838711244778","52.5021802, 13.364582",9417,2343
"52.5562432622537, 13.3838711244778","52.5205791, 13.4089041",5144,1345
"52.5562432622537, 13.3838711244778","52.4986678, 13.3566505",9650,2331
"52.5562432622537, 13.3838711244778","52.520848, 13.4084747",5147,1347
"52.5562432622537, 13.3838711244778","52.49694, 13.4540533",9390,2717
"52.5562432622537, 13.3838711244778","52.4840199, 13.4053429",11357,3175
"52.5562432622537, 13.3838711244778","52.5049039, 13.4431471",8735,2258
"52.5562432622537, 13.3838711244778","52.524042, 13.402083",4387,1234
"52.5562432622537, 13.3838711244778","52.5071871, 13.390676",6631,2041
"52.5562432622537, 13.3838711244778","52.4583565, 13.2889441",15021,3288
"52.5562432622537, 13.3838711244778","52.5112074, 13.4169157",6249,1324
"52.5562432622537, 13.3838711244778","52.440493, 13.3911183",14318,3079
"52.5634438098578, 13.3807783299118","52.5075075, 13.3903737",7840,2768
"52.5634438098578, 13.3807783299118","52.5542753, 13.3785425",1453,1193
"52.5634438098578, 13.3807783299118","52.5063, 13.3840159",11752,2621
"52.5634438098578, 13.3807783299118","52.5206458, 13.2932877",11749,3213
"52.5634438098578, 13.3807783299118","52.5239216, 13.3888786",8461,2050
"52.5634438098578, 13.3807783299118","52.5168416, 13.3816742",9661,2080
"52.5634438098578, 13.3807783299118","52.5040556, 13.3379413",8926,2305
"52.5634438098578, 13.3807783299118","52.5090125, 13.3792937",10709,2320
"52.5634438098578, 13.3807783299118","52.4983661, 13.3605076",10556,2648
"52.5634438098578, 13.3807783299118","52.5478117, 13.3892456",2751,1382
"52.5634438098578, 13.3807783299118","52.5046782, 13.4490212",9803,2571
"52.5634438098578, 13.3807783299118","52.5136642, 13.4727613",10417,2439
"52.5634438098578, 13.3807783299118","52.5016098, 13.381181",11450,2380
"52.5634438098578, 13.3807783299118","52.5214137, 13.4034811",6268,2152
"52.5634438098578, 13.3807783299118","52.5176913, 13.4419715",8854,2573
"52.5634438098578, 13.3807783299118","52.517699, 13.3970326",7646,2535
"52.5634438098578, 13.3807783299118","52.5303108, 13.3186121",7607,2244
"52.5634438098578, 13.3807783299118","52.5146378, 13.3905283",9633,2523
"52.5634438098578, 13.3807783299118","52.5145186, 13.487322",12108,3214
"52.5634438098578, 13.3807783299118","52.5170316, 13.4012274",7753,2549
"52.5634438098578, 13.3807783299118","52.5207714, 13.3889021",9042,2018
"52.5634438098578, 13.3807783299118","52.5027268, 13.4453492",9892,2887
"52.5634438098578, 13.3807783299118","52.5284267, 13.3720175",6047,2071
"52.5634438098578, 13.3807783299118","52.5209131, 13.3871461",8901,1895
"52.5634438098578, 13.3807783299118","52.5304903, 13.3791152",7904,2237
"52.5634438098578, 13.3807783299118","52.4864896, 13.4217418",11084,2508
"52.5634438098578, 13.3807783299118","52.5215057, 13.4069139",6795,2129
"52.5634438098578, 13.3807783299118","52.5174377, 13.3898033",9351,2272
"52.5634438098578, 13.3807783299118","52.5111669, 13.4430356",14895,3529
"52.5634438098578, 13.3807783299118","52.5076615, 13.454537",14282,3722
"52.5634438098578, 13.3807783299118","52.5121441, 13.3083771",10014,2403
"52.5634438098578, 13.3807783299118","52.5087884, 13.378434",10701,2288
"52.5634438098578, 13.3807783299118","52.5019061, 13.3308361",8580,2024
"52.5634438098578, 13.3807783299118","52.5088651, 13.2707514",12722,2893
"52.5634438098578, 13.3807783299118","52.5264743, 13.39691",8662,2216
"52.5634438098578, 13.3807783299118","52.5106807, 13.419484",7894,2108
"52.5634438098578, 13.3807783299118","52.4602228, 13.5056519",16714,4265
"52.5634438098578, 13.3807783299118","52.474199, 13.141735",31389,5504
"52.5634438098578, 13.3807783299118","52.5021802, 13.364582",11863,3006
"52.5634438098578, 13.3807783299118","52.5205791, 13.4089041",6624,1989
"52.5634438098578, 13.3807783299118","52.4986678, 13.3566505",10022,2649
"52.5634438098578, 13.3807783299118","52.520848, 13.4084747",6627,1991
"52.5634438098578, 13.3807783299118","52.49694, 13.4540533",14371,3409
"52.5634438098578, 13.3807783299118","52.4840199, 13.4053429",16942,4287
"52.5634438098578, 13.3807783299118","52.5049039, 13.4431471",14652,3325
"52.5634438098578, 13.3807783299118","52.524042, 13.402083",5867,1878
"52.5634438098578, 13.3807783299118","52.5071871, 13.390676",7802,2738
"52.5634438098578, 13.3807783299118","52.4583565, 13.2889441",15496,3656
"52.5634438098578, 13.3807783299118","52.5112074, 13.4169157",7729,1968
"52.5634438098578, 13.3807783299118","52.440493, 13.3911183",15489,3776
"52.5845393887373, 13.3232495112311","52.5075075, 13.3903737",14750,2833
"52.5845393887373, 13.3232495112311","52.5542753, 13.3785425",7081,1603
"52.5845393887373, 13.3232495112311","52.5063, 13.3840159",16183,3078
"52.5845393887373, 13.3232495112311","52.5206458, 13.2932877",20612,3910
"52.5845393887373, 13.3232495112311","52.5239216, 13.3888786",12895,2507
"52.5845393887373, 13.3232495112311","52.5168416, 13.3816742",14095,2537
"52.5845393887373, 13.3232495112311","52.5040556, 13.3379413",13532,3076
"52.5845393887373, 13.3232495112311","52.5090125, 13.3792937",15143,2777
"52.5845393887373, 13.3232495112311","52.4983661, 13.3605076",18607,3473
"52.5845393887373, 13.3232495112311","52.5478117, 13.3892456",7349,1463
"52.5845393887373, 13.3232495112311","52.5046782, 13.4490212",14401,2652
"52.5845393887373, 13.3232495112311","52.5136642, 13.4727613",15015,2520
"52.5845393887373, 13.3232495112311","52.5016098, 13.381181",15881,2837
"52.5845393887373, 13.3232495112311","52.5214137, 13.4034811",10866,2233
"52.5845393887373, 13.3232495112311","52.5176913, 13.4419715",13452,2654
"52.5845393887373, 13.3232495112311","52.517699, 13.3970326",12244,2616
"52.5845393887373, 13.3232495112311","52.5303108, 13.3186121",12625,3040
"52.5845393887373, 13.3232495112311","52.5146378, 13.3905283",13037,2803
"52.5845393887373, 13.3232495112311","52.5145186, 13.487322",16706,3295
"52.5845393887373, 13.3232495112311","52.5170316, 13.4012274",12351,2630
"52.5845393887373, 13.3232495112311","52.5207714, 13.3889021",13475,2475
"52.5845393887373, 13.3232495112311","52.5027268, 13.4453492",14801,2986
"52.5845393887373, 13.3232495112311","52.5284267, 13.3720175",11991,2746
"52.5845393887373, 13.3232495112311","52.5209131, 13.3871461",13334,2352
"52.5845393887373, 13.3232495112311","52.5304903, 13.3791152",12338,2694
"52.5845393887373, 13.3232495112311","52.4864896, 13.4217418",15682,2589
"52.5845393887373, 13.3232495112311","52.5215057, 13.4069139",11393,2210
"52.5845393887373, 13.3232495112311","52.5174377, 13.3898033",13784,2729
"52.5845393887373, 13.3232495112311","52.5111669, 13.4430356",15056,3187
"52.5845393887373, 13.3232495112311","52.5076615, 13.454537",14746,2922
"52.5845393887373, 13.3232495112311","52.5121441, 13.3083771",13464,2916
"52.5845393887373, 13.3232495112311","52.5087884, 13.378434",15135,2745
"52.5845393887373, 13.3232495112311","52.5019061, 13.3308361",13186,2795
"52.5845393887373, 13.3232495112311","52.5088651, 13.2707514",17328,3664
"52.5845393887373, 13.3232495112311","52.5264743, 13.39691",11034,2416
"52.5845393887373, 13.3232495112311","52.5106807, 13.419484",12492,2189
"52.5845393887373, 13.3232495112311","52.4602228, 13.5056519",21312,4346
"52.5845393887373, 13.3232495112311","52.474199, 13.141735",24283,5534
"52.5845393887373, 13.3232495112311","52.5021802, 13.364582",16869,3405
"52.5845393887373, 13.3232495112311","52.5205791, 13.4089041",11222,2070
"52.5845393887373, 13.3232495112311","52.4986678, 13.3566505",18888,3723
"52.5845393887373, 13.3232495112311","52.520848, 13.4084747",11225,2072
"52.5845393887373, 13.3232495112311","52.49694, 13.4540533",15468,3442
"52.5845393887373, 13.3232495112311","52.4840199, 13.4053429",17435,3900
"52.5845393887373, 13.3232495112311","52.5049039, 13.4431471",14813,2983
"52.5845393887373, 13.3232495112311","52.524042, 13.402083",10465,1959
"52.5845393887373, 13.3232495112311","52.5071871, 13.390676",14712,2805
"52.5845393887373, 13.3232495112311","52.4583565, 13.2889441",20102,4427
"52.5845393887373, 13.3232495112311","52.5112074, 13.4169157",12327,2049
"52.5845393887373, 13.3232495112311","52.440493, 13.3911183",22322,4053
"52.5701467298494, 13.3294476184793","52.5075075, 13.3903737",9379,1922
"52.5701467298494, 13.3294476184793","52.5542753, 13.3785425",6817,2049
"52.5701467298494, 13.3294476184793","52.5063, 13.3840159",15302,2950
"52.5701467298494, 13.3294476184793","52.5206458, 13.2932877",7727,1989
"52.5701467298494, 13.3294476184793","52.5239216, 13.3888786",7248,1615
"52.5701467298494, 13.3294476184793","52.5168416, 13.3816742",8599,2089
"52.5701467298494, 13.3294476184793","52.5040556, 13.3379413",11590,2588
"52.5701467298494, 13.3294476184793","52.5090125, 13.3792937",14262,2649
"52.5701467298494, 13.3294476184793","52.4983661, 13.3605076",12214,2837
"52.5701467298494, 13.3294476184793","52.5478117, 13.3892456",6095,1718
"52.5701467298494, 13.3294476184793","52.5046782, 13.4490212",13044,2810
"52.5701467298494, 13.3294476184793","52.5136642, 13.4727613",14086,2678
"52.5701467298494, 13.3294476184793","52.5016098, 13.381181",15000,2709
"52.5701467298494, 13.3294476184793","52.5214137, 13.4034811",8409,2278
"52.5701467298494, 13.3294476184793","52.5176913, 13.4419715",12341,2812
"52.5701467298494, 13.3294476184793","52.517699, 13.3970326",8627,2122
"52.5701467298494, 13.3294476184793","52.5303108, 13.3186121",8989,1907
"52.5701467298494, 13.3294476184793","52.5146378, 13.3905283",8323,1826
"52.5701467298494, 13.3294476184793","52.5145186, 13.487322",15595,3453
"52.5701467298494, 13.3294476184793","52.5170316, 13.4012274",10430,2437
"52.5701467298494, 13.3294476184793","52.5207714, 13.3889021",7760,1659
"52.5701467298494, 13.3294476184793","52.5027268, 13.4453492",13444,3144
"52.5701467298494, 13.3294476184793","52.5284267, 13.3720175",7211,2163
"52.5701467298494, 13.3294476184793","52.5209131, 13.3871461",7728,1669
"52.5701467298494, 13.3294476184793","52.5304903, 13.3791152",6653,1715
"52.5701467298494, 13.3294476184793","52.4864896, 13.4217418",14427,2844
"52.5701467298494, 13.3294476184793","52.5215057, 13.4069139",10139,2465
"52.5701467298494, 13.3294476184793","52.5174377, 13.3898033",8186,1762
"52.5701467298494, 13.3294476184793","52.5111669, 13.4430356",12662,3137
"52.5701467298494, 13.3294476184793","52.5076615, 13.454537",13389,3080
"52.5701467298494, 13.3294476184793","52.5121441, 13.3083771",8610,2333
"52.5701467298494, 13.3294476184793","52.5087884, 13.378434",14254,2617
"52.5701467298494, 13.3294476184793","52.5019061, 13.3308361",9791,2353
"52.5701467298494, 13.3294476184793","52.5088651, 13.2707514",10808,3222
"52.5701467298494, 13.3294476184793","52.5264743, 13.39691",8086,2302
"52.5701467298494, 13.3294476184793","52.5106807, 13.419484",11237,2444
"52.5701467298494, 13.3294476184793","52.4602228, 13.5056519",20057,4601
"52.5701467298494, 13.3294476184793","52.474199, 13.141735",23192,5233
"52.5701467298494, 13.3294476184793","52.5021802, 13.364582",12602,3150
"52.5701467298494, 13.3294476184793","52.5205791, 13.4089041",9968,2325
"52.5701467298494, 13.3294476184793","52.4986678, 13.3566505",14014,3082
"52.5701467298494, 13.3294476184793","52.520848, 13.4084747",9971,2327
"52.5701467298494, 13.3294476184793","52.49694, 13.4540533",14213,3697
"52.5701467298494, 13.3294476184793","52.4840199, 13.4053429",13026,3259
"52.5701467298494, 13.3294476184793","52.5049039, 13.4431471",13456,3141
"52.5701467298494, 13.3294476184793","52.524042, 13.402083",9211,2214
"52.5701467298494, 13.3294476184793","52.5071871, 13.390676",9341,1892
"52.5701467298494, 13.3294476184793","52.4583565, 13.2889441",15948,3488
"52.5701467298494, 13.3294476184793","52.5112074, 13.4169157",11072,2304
"52.5701467298494, 13.3294476184793","52.440493, 13.3911183",17028,2930
"52.5453001610776, 13.2069490664828","52.5075075, 13.3903737",18731,3902
"52.5453001610776, 13.2069490664828","52.5542753, 13.3785425",16691,2479
"52.5453001610776, 13.2069490664828","52.5063, 13.3840159",17392,3146
"52.5453001610776, 13.2069490664828","52.5206458, 13.2932877",9096,2095
"52.5453001610776, 13.2069490664828","52.5239216, 13.3888786",16396,2807
"52.5453001610776, 13.2069490664828","52.5168416, 13.3816742",18550,2526
"52.5453001610776, 13.2069490664828","52.5040556, 13.3379413",12813,3162
"52.5453001610776, 13.2069490664828","52.5090125, 13.3792937",16915,2717
"52.5453001610776, 13.2069490664828","52.4983661, 13.3605076",15403,3203
"52.5453001610776, 13.2069490664828","52.5478117, 13.3892456",15688,1827
"52.5453001610776, 13.2069490664828","52.5046782, 13.4490212",24339,3618
"52.5453001610776, 13.2069490664828","52.5136642, 13.4727613",23277,3036
"52.5453001610776, 13.2069490664828","52.5016098, 13.381181",19792,3278
"52.5453001610776, 13.2069490664828","52.5214137, 13.4034811",20358,3092
"52.5453001610776, 13.2069490664828","52.5176913, 13.4419715",23202,3170
"52.5453001610776, 13.2069490664828","52.517699, 13.3970326",19722,2712
"52.5453001610776, 13.2069490664828","52.5303108, 13.3186121",11989,2265
"52.5453001610776, 13.2069490664828","52.5146378, 13.3905283",19278,2711
"52.5453001610776, 13.2069490664828","52.5145186, 13.487322",26456,3811
"52.5453001610776, 13.2069490664828","52.5170316, 13.4012274",19818,2726
"52.5453001610776, 13.2069490664828","52.5207714, 13.3889021",19185,2906
"52.5453001610776, 13.2069490664828","52.5027268, 13.4453492",24739,3952
"52.5453001610776, 13.2069490664828","52.5284267, 13.3720175",15287,2365
"52.5453001610776, 13.2069490664828","52.5209131, 13.3871461",19054,2849
"52.5453001610776, 13.2069490664828","52.5304903, 13.3791152",15794,2695
"52.5453001610776, 13.2069490664828","52.4864896, 13.4217418",22972,3405
"52.5453001610776, 13.2069490664828","52.5215057, 13.4069139",21115,3314
"52.5453001610776, 13.2069490664828","52.5174377, 13.3898033",19067,2564
"52.5453001610776, 13.2069490664828","52.5111669, 13.4430356",23399,3206
"52.5453001610776, 13.2069490664828","52.5076615, 13.454537",24684,3888
"52.5453001610776, 13.2069490664828","52.5121441, 13.3083771",11716,2091
"52.5453001610776, 13.2069490664828","52.5087884, 13.378434",16862,2675
"52.5453001610776, 13.2069490664828","52.5019061, 13.3308361",14131,2053
"52.5453001610776, 13.2069490664828","52.5088651, 13.2707514",8687,2169
"52.5453001610776, 13.2069490664828","52.5264743, 13.39691",17632,3120
"52.5453001610776, 13.2069490664828","52.5106807, 13.419484",21055,3305
"52.5453001610776, 13.2069490664828","52.4602228, 13.5056519",33883,5458
"52.5453001610776, 13.2069490664828","52.474199, 13.141735",12692,2891
"52.5453001610776, 13.2069490664828","52.5021802, 13.364582",17895,3480
"52.5453001610776, 13.2069490664828","52.5205791, 13.4089041",21009,3206
"52.5453001610776, 13.2069490664828","52.4986678, 13.3566505",15766,2736
"52.5453001610776, 13.2069490664828","52.520848, 13.4084747",21012,3208
"52.5453001610776, 13.2069490664828","52.49694, 13.4540533",26493,3805
"52.5453001610776, 13.2069490664828","52.4840199, 13.4053429",22388,3756
"52.5453001610776, 13.2069490664828","52.5049039, 13.4431471",23426,3245
"52.5453001610776, 13.2069490664828","52.524042, 13.402083",20363,3089
"52.5453001610776, 13.2069490664828","52.5071871, 13.390676",20780,3450
"52.5453001610776, 13.2069490664828","52.4583565, 13.2889441",19008,3743
"52.5453001610776, 13.2069490664828","52.5112074, 13.4169157",22267,3491
"52.5453001610776, 13.2069490664828","52.440493, 13.3911183",26504,4488
"52.5397644821153, 13.1972336170478","52.5075075, 13.3903737",20038,3241
"52.5397644821153, 13.1972336170478","52.5542753, 13.3785425",15670,2212
"52.5397644821153, 13.1972336170478","52.5063, 13.3840159",16106,2921
"52.5397644821153, 13.1972336170478","52.5206458, 13.2932877",8087,1892
"52.5397644821153, 13.1972336170478","52.5239216, 13.3888786",18738,2930
"52.5397644821153, 13.1972336170478","52.5168416, 13.3816742",17530,2317
"52.5397644821153, 13.1972336170478","52.5040556, 13.3379413",13175,1869
"52.5397644821153, 13.1972336170478","52.5090125, 13.3792937",15629,2492
"52.5397644821153, 13.1972336170478","52.4983661, 13.3605076",17471,3071
"52.5397644821153, 13.1972336170478","52.5478117, 13.3892456",14667,1560
"52.5397644821153, 13.1972336170478","52.5046782, 13.4490212",23560,3379
"52.5397644821153, 13.1972336170478","52.5136642, 13.4727613",22256,2769
"52.5397644821153, 13.1972336170478","52.5016098, 13.381181",18987,3073
"52.5397644821153, 13.1972336170478","52.5214137, 13.4034811",19579,2853
"52.5397644821153, 13.1972336170478","52.5176913, 13.4419715",22182,2961
"52.5397644821153, 13.1972336170478","52.517699, 13.3970326",18702,2503
"52.5397644821153, 13.1972336170478","52.5303108, 13.3186121",10968,1998
"52.5397644821153, 13.1972336170478","52.5146378, 13.3905283",18980,3165
"52.5397644821153, 13.1972336170478","52.5145186, 13.487322",25436,3602
"52.5397644821153, 13.1972336170478","52.5170316, 13.4012274",18798,2517
"52.5397644821153, 13.1972336170478","52.5207714, 13.3889021",18405,2667
"52.5397644821153, 13.1972336170478","52.5027268, 13.4453492",23960,3713
"52.5397644821153, 13.1972336170478","52.5284267, 13.3720175",14001,2140
"52.5397644821153, 13.1972336170478","52.5209131, 13.3871461",18274,2610
"52.5397644821153, 13.1972336170478","52.5304903, 13.3791152",14508,2470
"52.5397644821153, 13.1972336170478","52.4864896, 13.4217418",22167,3200
"52.5397644821153, 13.1972336170478","52.5215057, 13.4069139",20335,3075
"52.5397644821153, 13.1972336170478","52.5174377, 13.3898033",18698,2906
"52.5397644821153, 13.1972336170478","52.5111669, 13.4430356",22379,2997
"52.5397644821153, 13.1972336170478","52.5076615, 13.454537",23905,3649
"52.5397644821153, 13.1972336170478","52.5121441, 13.3083771",10911,1886
"52.5397644821153, 13.1972336170478","52.5087884, 13.378434",15576,2450
"52.5397644821153, 13.1972336170478","52.5019061, 13.3308361",13725,2475
"52.5397644821153, 13.1972336170478","52.5088651, 13.2707514",8377,2098
"52.5397644821153, 13.1972336170478","52.5264743, 13.39691",20231,3371
"52.5397644821153, 13.1972336170478","52.5106807, 13.419484",21760,3478
"52.5397644821153, 13.1972336170478","52.4602228, 13.5056519",33103,5219
"52.5397644821153, 13.1972336170478","52.474199, 13.141735",11902,2793
"52.5397644821153, 13.1972336170478","52.5021802, 13.364582",18219,3243
"52.5397644821153, 13.1972336170478","52.5205791, 13.4089041",20229,2967
"52.5397644821153, 13.1972336170478","52.4986678, 13.3566505",15553,3175
"52.5397644821153, 13.1972336170478","52.520848, 13.4084747",20232,2969
"52.5397644821153, 13.1972336170478","52.49694, 13.4540533",26632,4140
"52.5397644821153, 13.1972336170478","52.4840199, 13.4053429",21583,3551
"52.5397644821153, 13.1972336170478","52.5049039, 13.4431471",23972,3710
"52.5397644821153, 13.1972336170478","52.524042, 13.402083",19584,2850
"52.5397644821153, 13.1972336170478","52.5071871, 13.390676",20000,3211
"52.5397644821153, 13.1972336170478","52.4583565, 13.2889441",18203,3538
"52.5397644821153, 13.1972336170478","52.5112074, 13.4169157",21487,3252
"52.5397644821153, 13.1972336170478","52.440493, 13.3911183",25699,4283
"52.5342277217451, 13.1875201154725","52.5075075, 13.3903737",19993,3206
"52.5342277217451, 13.1875201154725","52.5542753, 13.3785425",15596,2168
"52.5342277217451, 13.1875201154725","52.5063, 13.3840159",16032,2877
"52.5342277217451, 13.1875201154725","52.5206458, 13.2932877",7884,1729
"52.5342277217451, 13.1875201154725","52.5239216, 13.3888786",18693,2895
"52.5342277217451, 13.1875201154725","52.5168416, 13.3816742",17475,2276
"52.5342277217451, 13.1875201154725","52.5040556, 13.3379413",13120,1828
"52.5342277217451, 13.1875201154725","52.5090125, 13.3792937",15555,2448
"52.5342277217451, 13.1875201154725","52.4983661, 13.3605076",15225,2485
"52.5342277217451, 13.1875201154725","52.5478117, 13.3892456",14593,1516
"52.5342277217451, 13.1875201154725","52.5046782, 13.4490212",23515,3344
"52.5342277217451, 13.1875201154725","52.5136642, 13.4727613",22224,2785
"52.5342277217451, 13.1875201154725","52.5016098, 13.381181",19449,3380
"52.5342277217451, 13.1875201154725","52.5214137, 13.4034811",19534,2818
"52.5342277217451, 13.1875201154725","52.5176913, 13.4419715",22127,2920
"52.5342277217451, 13.1875201154725","52.517699, 13.3970326",18647,2462
"52.5342277217451, 13.1875201154725","52.5303108, 13.3186121",10894,1954
"52.5342277217451, 13.1875201154725","52.5146378, 13.3905283",18935,3130
"52.5342277217451, 13.1875201154725","52.5145186, 13.487322",25381,3561
"52.5342277217451, 13.1875201154725","52.5170316, 13.4012274",18743,2476
"52.5342277217451, 13.1875201154725","52.5207714, 13.3889021",18360,2632
"52.5342277217451, 13.1875201154725","52.5027268, 13.4453492",23915,3678
"52.5342277217451, 13.1875201154725","52.5284267, 13.3720175",13927,2096
"52.5342277217451, 13.1875201154725","52.5209131, 13.3871461",18229,2575
"52.5342277217451, 13.1875201154725","52.5304903, 13.3791152",14434,2426
"52.5342277217451, 13.1875201154725","52.4864896, 13.4217418",22629,3507
"52.5342277217451, 13.1875201154725","52.5215057, 13.4069139",20290,3040
"52.5342277217451, 13.1875201154725","52.5174377, 13.3898033",18653,2871
"52.5342277217451, 13.1875201154725","52.5111669, 13.4430356",22324,2956
"52.5342277217451, 13.1875201154725","52.5076615, 13.454537",23860,3614
"52.5342277217451, 13.1875201154725","52.5121441, 13.3083771",11373,2193
"52.5342277217451, 13.1875201154725","52.5087884, 13.378434",15502,2406
"52.5342277217451, 13.1875201154725","52.5019061, 13.3308361",13680,2440
"52.5342277217451, 13.1875201154725","52.5088651, 13.2707514",8332,2063
"52.5342277217451, 13.1875201154725","52.5264743, 13.39691",20186,3336
"52.5342277217451, 13.1875201154725","52.5106807, 13.419484",21715,3443
"52.5342277217451, 13.1875201154725","52.4602228, 13.5056519",33058,5184
"52.5342277217451, 13.1875201154725","52.474199, 13.141735",12364,2693
"52.5342277217451, 13.1875201154725","52.5021802, 13.364582",16535,3211
"52.5342277217451, 13.1875201154725","52.5205791, 13.4089041",20184,2932
"52.5342277217451, 13.1875201154725","52.4986678, 13.3566505",14691,2486
"52.5342277217451, 13.1875201154725","52.520848, 13.4084747",20187,2934
"52.5342277217451, 13.1875201154725","52.49694, 13.4540533",26587,4105
"52.5342277217451, 13.1875201154725","52.4840199, 13.4053429",22045,3858
"52.5342277217451, 13.1875201154725","52.5049039, 13.4431471",23927,3675
"52.5342277217451, 13.1875201154725","52.524042, 13.402083",19539,2815
"52.5342277217451, 13.1875201154725","52.5071871, 13.390676",19955,3176
"52.5342277217451, 13.1875201154725","52.4583565, 13.2889441",16600,3469
"52.5342277217451, 13.1875201154725","52.5112074, 13.4169157",21442,3217
"52.5342277217451, 13.1875201154725","52.440493, 13.3911183",27642,4214
"52.5309073044899, 13.2131661036788","52.5075075, 13.3903737",18887,2905
"52.5309073044899, 13.2131661036788","52.5542753, 13.3785425",16390,2768
"52.5309073044899, 13.2131661036788","52.5063, 13.3840159",20077,3420
"52.5309073044899, 13.2131661036788","52.5206458, 13.2932877",6391,1740
"52.5309073044899, 13.2131661036788","52.5239216, 13.3888786",17587,2594
"52.5309073044899, 13.2131661036788","52.5168416, 13.3816742",17843,2800
"52.5309073044899, 13.2131661036788","52.5040556, 13.3379413",12643,2201
"52.5309073044899, 13.2131661036788","52.5090125, 13.3792937",16611,2972
"52.5309073044899, 13.2131661036788","52.4983661, 13.3605076",14681,2760
"52.5309073044899, 13.2131661036788","52.5478117, 13.3892456",15387,2116
"52.5309073044899, 13.2131661036788","52.5046782, 13.4490212",22408,3043
"52.5309073044899, 13.2131661036788","52.5136642, 13.4727613",27533,3564
"52.5309073044899, 13.2131661036788","52.5016098, 13.381181",19775,3179
"52.5309073044899, 13.2131661036788","52.5214137, 13.4034811",18427,2517
"52.5309073044899, 13.2131661036788","52.5176913, 13.4419715",21497,3795
"52.5309073044899, 13.2131661036788","52.517699, 13.3970326",19063,3017
"52.5309073044899, 13.2131661036788","52.5303108, 13.3186121",11688,2554
"52.5309073044899, 13.2131661036788","52.5146378, 13.3905283",17829,2829
"52.5309073044899, 13.2131661036788","52.5145186, 13.487322",24751,4436
"52.5309073044899, 13.2131661036788","52.5170316, 13.4012274",19028,3018
"52.5309073044899, 13.2131661036788","52.5207714, 13.3889021",17254,2331
"52.5309073044899, 13.2131661036788","52.5027268, 13.4453492",22808,3377
"52.5309073044899, 13.2131661036788","52.5284267, 13.3720175",16192,2506
"52.5309073044899, 13.2131661036788","52.5209131, 13.3871461",17123,2274
"52.5309073044899, 13.2131661036788","52.5304903, 13.3791152",16699,2900
"52.5309073044899, 13.2131661036788","52.4864896, 13.4217418",21265,3430
"52.5309073044899, 13.2131661036788","52.5215057, 13.4069139",19184,2739
"52.5309073044899, 13.2131661036788","52.5174377, 13.3898033",17547,2570
"52.5309073044899, 13.2131661036788","52.5111669, 13.4430356",23063,3578
"52.5309073044899, 13.2131661036788","52.5076615, 13.454537",22753,3313
"52.5309073044899, 13.2131661036788","52.5121441, 13.3083771",8091,2266
"52.5309073044899, 13.2131661036788","52.5087884, 13.378434",16567,2930
"52.5309073044899, 13.2131661036788","52.5019061, 13.3308361",12574,2139
"52.5309073044899, 13.2131661036788","52.5088651, 13.2707514",7225,1762
"52.5309073044899, 13.2131661036788","52.5264743, 13.39691",19079,3035
"52.5309073044899, 13.2131661036788","52.5106807, 13.419484",20608,3142
"52.5309073044899, 13.2131661036788","52.4602228, 13.5056519",31951,4883
"52.5309073044899, 13.2131661036788","52.474199, 13.141735",12882,3158
"52.5309073044899, 13.2131661036788","52.5021802, 13.364582",15068,3073
"52.5309073044899, 13.2131661036788","52.5205791, 13.4089041",19078,2631
"52.5309073044899, 13.2131661036788","52.4986678, 13.3566505",14147,2761
"52.5309073044899, 13.2131661036788","52.520848, 13.4084747",19081,2633
"52.5309073044899, 13.2131661036788","52.49694, 13.4540533",25481,3804
"52.5309073044899, 13.2131661036788","52.4840199, 13.4053429",20681,3781
"52.5309073044899, 13.2131661036788","52.5049039, 13.4431471",22820,3374
"52.5309073044899, 13.2131661036788","52.524042, 13.402083",18432,2514
"52.5309073044899, 13.2131661036788","52.5071871, 13.390676",18849,2875
"52.5309073044899, 13.2131661036788","52.4583565, 13.2889441",15494,3168
"52.5309073044899, 13.2131661036788","52.5112074, 13.4169157",20335,2916
"52.5309073044899, 13.2131661036788","52.440493, 13.3911183",26536,3913
"52.5381042156869, 13.2100579035997","52.5075075, 13.3903737",19596,3157
"52.5381042156869, 13.2100579035997","52.5542753, 13.3785425",14976,2527
"52.5381042156869, 13.2100579035997","52.5063, 13.3840159",18457,3155
"52.5381042156869, 13.2100579035997","52.5206458, 13.2932877",8982,2258
"52.5381042156869, 13.2100579035997","52.5239216, 13.3888786",21838,3461
"52.5381042156869, 13.2100579035997","52.5168416, 13.3816742",18018,2675
"52.5381042156869, 13.2100579035997","52.5040556, 13.3379413",13036,2394
"52.5381042156869, 13.2100579035997","52.5090125, 13.3792937",16266,2615
"52.5381042156869, 13.2100579035997","52.4983661, 13.3605076",16352,2724
"52.5381042156869, 13.2100579035997","52.5478117, 13.3892456",13973,1875
"52.5381042156869, 13.2100579035997","52.5046782, 13.4490212",22309,3366
"52.5381042156869, 13.2100579035997","52.5136642, 13.4727613",21572,3144
"52.5381042156869, 13.2100579035997","52.5016098, 13.381181",17869,2726
"52.5381042156869, 13.2100579035997","52.5214137, 13.4034811",18966,2893
"52.5381042156869, 13.2100579035997","52.5176913, 13.4419715",22670,3319
"52.5381042156869, 13.2100579035997","52.517699, 13.3970326",19190,2861
"52.5381042156869, 13.2100579035997","52.5303108, 13.3186121",9771,2313
"52.5381042156869, 13.2100579035997","52.5146378, 13.3905283",20903,3371
"52.5381042156869, 13.2100579035997","52.5145186, 13.487322",22540,3964
"52.5381042156869, 13.2100579035997","52.5170316, 13.4012274",19286,2875
"52.5381042156869, 13.2100579035997","52.5207714, 13.3889021",17793,2707
"52.5381042156869, 13.2100579035997","52.5027268, 13.4453492",22697,3680
"52.5381042156869, 13.2100579035997","52.5284267, 13.3720175",14638,2263
"52.5381042156869, 13.2100579035997","52.5209131, 13.3871461",17662,2650
"52.5381042156869, 13.2100579035997","52.5304903, 13.3791152",15145,2593
"52.5381042156869, 13.2100579035997","52.4864896, 13.4217418",21049,2853
"52.5381042156869, 13.2100579035997","52.5215057, 13.4069139",19723,3115
"52.5381042156869, 13.2100579035997","52.5174377, 13.3898033",20765,3295
"52.5381042156869, 13.2100579035997","52.5111669, 13.4430356",22867,3355
"52.5381042156869, 13.2100579035997","52.5076615, 13.454537",22860,3761
"52.5381042156869, 13.2100579035997","52.5121441, 13.3083771",9793,1539
"52.5381042156869, 13.2100579035997","52.5087884, 13.378434",16213,2573
"52.5381042156869, 13.2100579035997","52.5019061, 13.3308361",15337,2579
"52.5381042156869, 13.2100579035997","52.5088651, 13.2707514",11991,2428
"52.5381042156869, 13.2100579035997","52.5264743, 13.39691",16983,3018
"52.5381042156869, 13.2100579035997","52.5106807, 13.419484",19326,3353
"52.5381042156869, 13.2100579035997","52.4602228, 13.5056519",30828,5355
"52.5381042156869, 13.2100579035997","52.474199, 13.141735",12233,3084
"52.5381042156869, 13.2100579035997","52.5021802, 13.364582",17100,2896
"52.5381042156869, 13.2100579035997","52.5205791, 13.4089041",19617,3007
"52.5381042156869, 13.2100579035997","52.4986678, 13.3566505",14434,2828
"52.5381042156869, 13.2100579035997","52.520848, 13.4084747",19620,3009
"52.5381042156869, 13.2100579035997","52.49694, 13.4540533",24788,3913
"52.5381042156869, 13.2100579035997","52.4840199, 13.4053429",20465,3204
"52.5381042156869, 13.2100579035997","52.5049039, 13.4431471",22788,3734
"52.5381042156869, 13.2100579035997","52.524042, 13.402083",18971,2890
"52.5381042156869, 13.2100579035997","52.5071871, 13.390676",19558,3127
"52.5381042156869, 13.2100579035997","52.4583565, 13.2889441",17084,3191
"52.5381042156869, 13.2100579035997","52.5112074, 13.4169157",19161,3213
"52.5381042156869, 13.2100579035997","52.440493, 13.3911183",24580,3936
"52.5325682650135, 13.2003431379262","52.5075075, 13.3903737",19579,2851
"52.5325682650135, 13.2003431379262","52.5542753, 13.3785425",15375,1895
"52.5325682650135, 13.2003431379262","52.5063, 13.3840159",15811,2604
"52.5325682650135, 13.2003431379262","52.5206458, 13.2932877",7301,1583
"52.5325682650135, 13.2003431379262","52.5239216, 13.3888786",18279,2540
"52.5325682650135, 13.2003431379262","52.5168416, 13.3816742",17238,2012
"52.5325682650135, 13.2003431379262","52.5040556, 13.3379413",13335,2147
"52.5325682650135, 13.2003431379262","52.5090125, 13.3792937",15334,2175
"52.5325682650135, 13.2003431379262","52.4983661, 13.3605076",17201,2861
"52.5325682650135, 13.2003431379262","52.5478117, 13.3892456",14372,1243
"52.5325682650135, 13.2003431379262","52.5046782, 13.4490212",23101,2989
"52.5325682650135, 13.2003431379262","52.5136642, 13.4727613",22003,2512
"52.5325682650135, 13.2003431379262","52.5016098, 13.381181",18717,2863
"52.5325682650135, 13.2003431379262","52.5214137, 13.4034811",19120,2463
"52.5325682650135, 13.2003431379262","52.5176913, 13.4419715",21890,2656
"52.5325682650135, 13.2003431379262","52.517699, 13.3970326",15908,2470
"52.5325682650135, 13.2003431379262","52.5303108, 13.3186121",10673,1681
"52.5325682650135, 13.2003431379262","52.5146378, 13.3905283",18521,2775
"52.5325682650135, 13.2003431379262","52.5145186, 13.487322",22642,3569
"52.5325682650135, 13.2003431379262","52.5170316, 13.4012274",16004,2484
"52.5325682650135, 13.2003431379262","52.5207714, 13.3889021",17946,2277
"52.5325682650135, 13.2003431379262","52.5027268, 13.4453492",23501,3323
"52.5325682650135, 13.2003431379262","52.5284267, 13.3720175",13706,1823
"52.5325682650135, 13.2003431379262","52.5209131, 13.3871461",17815,2220
"52.5325682650135, 13.2003431379262","52.5304903, 13.3791152",14213,2153
"52.5325682650135, 13.2003431379262","52.4864896, 13.4217418",21897,2990
"52.5325682650135, 13.2003431379262","52.5215057, 13.4069139",19876,2685
"52.5325682650135, 13.2003431379262","52.5174377, 13.3898033",18239,2516
"52.5325682650135, 13.2003431379262","52.5111669, 13.4430356",23756,3524
"52.5325682650135, 13.2003431379262","52.5076615, 13.454537",23446,3259
"52.5325682650135, 13.2003431379262","52.5121441, 13.3083771",10641,1676
"52.5325682650135, 13.2003431379262","52.5087884, 13.378434",15281,2133
"52.5325682650135, 13.2003431379262","52.5019061, 13.3308361",13266,2085
"52.5325682650135, 13.2003431379262","52.5088651, 13.2707514",7918,1708
"52.5325682650135, 13.2003431379262","52.5264743, 13.39691",19772,2981
"52.5325682650135, 13.2003431379262","52.5106807, 13.419484",21301,3088
"52.5325682650135, 13.2003431379262","52.4602228, 13.5056519",32644,4829
"52.5325682650135, 13.2003431379262","52.474199, 13.141735",11143,2476
"52.5325682650135, 13.2003431379262","52.5021802, 13.364582",17949,3033
"52.5325682650135, 13.2003431379262","52.5205791, 13.4089041",19770,2577
"52.5325682650135, 13.2003431379262","52.4986678, 13.3566505",15283,2965
"52.5325682650135, 13.2003431379262","52.520848, 13.4084747",19773,2579
"52.5325682650135, 13.2003431379262","52.49694, 13.4540533",26173,3750
"52.5325682650135, 13.2003431379262","52.4840199, 13.4053429",21313,3341
"52.5325682650135, 13.2003431379262","52.5049039, 13.4431471",23513,3320
"52.5325682650135, 13.2003431379262","52.524042, 13.402083",19125,2460
"52.5325682650135, 13.2003431379262","52.5071871, 13.390676",19541,2821
"52.5325682650135, 13.2003431379262","52.4583565, 13.2889441",17933,3328
"52.5325682650135, 13.2003431379262","52.5112074, 13.4169157",21028,2862
"52.5325682650135, 13.2003431379262","52.440493, 13.3911183",27228,3859
"52.5652232074134, 13.2104482463594","52.5075075, 13.3903737",21745,4273
"52.5652232074134, 13.2104482463594","52.5542753, 13.3785425",21981,4495
"52.5652232074134, 13.2104482463594","52.5063, 13.3840159",19701,3268
"52.5652232074134, 13.2104482463594","52.5206458, 13.2932877",11316,2247
"52.5652232074134, 13.2104482463594","52.5239216, 13.3888786",22140,3369
"52.5652232074134, 13.2104482463594","52.5168416, 13.3816742",20190,3108
"52.5652232074134, 13.2104482463594","52.5040556, 13.3379413",15032,3314
"52.5652232074134, 13.2104482463594","52.5090125, 13.3792937",19249,2839
"52.5652232074134, 13.2104482463594","52.4983661, 13.3605076",17622,3355
"52.5652232074134, 13.2104482463594","52.5478117, 13.3892456",16202,3396
"52.5652232074134, 13.2104482463594","52.5046782, 13.4490212",26961,3818
"52.5652232074134, 13.2104482463594","52.5136642, 13.4727613",23722,4200
"52.5652232074134, 13.2104482463594","52.5016098, 13.381181",20018,3842
"52.5652232074134, 13.2104482463594","52.5214137, 13.4034811",22980,3292
"52.5652232074134, 13.2104482463594","52.5176913, 13.4419715",22960,3190
"52.5652232074134, 13.2104482463594","52.517699, 13.3970326",19480,2732
"52.5652232074134, 13.2104482463594","52.5303108, 13.3186121",11921,3429
"52.5652232074134, 13.2104482463594","52.5146378, 13.3905283",22382,3604
"52.5652232074134, 13.2104482463594","52.5145186, 13.487322",26214,3831
"52.5652232074134, 13.2104482463594","52.5170316, 13.4012274",21283,3055
"52.5652232074134, 13.2104482463594","52.5207714, 13.3889021",21807,3106
"52.5652232074134, 13.2104482463594","52.5027268, 13.4453492",27361,4152
"52.5652232074134, 13.2104482463594","52.5284267, 13.3720175",17598,2643
"52.5652232074134, 13.2104482463594","52.5209131, 13.3871461",21676,3049
"52.5652232074134, 13.2104482463594","52.5304903, 13.3791152",18156,3097
"52.5652232074134, 13.2104482463594","52.4864896, 13.4217418",23198,3969
"52.5652232074134, 13.2104482463594","52.5215057, 13.4069139",23737,3514
"52.5652232074134, 13.2104482463594","52.5174377, 13.3898033",22100,3345
"52.5652232074134, 13.2104482463594","52.5111669, 13.4430356",25995,3826
"52.5652232074134, 13.2104482463594","52.5076615, 13.454537",27306,4088
"52.5652232074134, 13.2104482463594","52.5121441, 13.3083771",11942,2655
"52.5652232074134, 13.2104482463594","52.5087884, 13.378434",19196,2797
"52.5652232074134, 13.2104482463594","52.5019061, 13.3308361",15158,3254
"52.5652232074134, 13.2104482463594","52.5088651, 13.2707514",10982,2489
"52.5652232074134, 13.2104482463594","52.5264743, 13.39691",23632,3810
"52.5652232074134, 13.2104482463594","52.5106807, 13.419484",25162,3917
"52.5652232074134, 13.2104482463594","52.4602228, 13.5056519",32977,6471
"52.5652232074134, 13.2104482463594","52.474199, 13.141735",14987,3211
"52.5652232074134, 13.2104482463594","52.5021802, 13.364582",19250,4012
"52.5652232074134, 13.2104482463594","52.5205791, 13.4089041",23631,3406
"52.5652232074134, 13.2104482463594","52.4986678, 13.3566505",17089,3356
"52.5652232074134, 13.2104482463594","52.520848, 13.4084747",23634,3408
"52.5652232074134, 13.2104482463594","52.49694, 13.4540533",26938,4969
"52.5652232074134, 13.2104482463594","52.4840199, 13.4053429",22614,4320
"52.5652232074134, 13.2104482463594","52.5049039, 13.4431471",27373,4149
"52.5652232074134, 13.2104482463594","52.524042, 13.402083",22985,3289
"52.5652232074134, 13.2104482463594","52.5071871, 13.390676",21707,4243
"52.5652232074134, 13.2104482463594","52.4583565, 13.2889441",19234,4307
"52.5652232074134, 13.2104482463594","52.5112074, 13.4169157",24889,3691
"52.5652232074134, 13.2104482463594","52.440493, 13.3911183",26729,5052
"52.5707561782523, 13.2201689612382","52.5075075, 13.3903737",21756,3646
"52.5707561782523, 13.2201689612382","52.5542753, 13.3785425",26912,5193
"52.5707561782523, 13.2201689612382","52.5063, 13.3840159",21312,3892
"52.5707561782523, 13.2201689612382","52.5206458, 13.2932877",12994,2901
"52.5707561782523, 13.2201689612382","52.5239216, 13.3888786",23751,3993
"52.5707561782523, 13.2201689612382","52.5168416, 13.3816742",21801,3732
"52.5707561782523, 13.2201689612382","52.5040556, 13.3379413",16710,3968
"52.5707561782523, 13.2201689612382","52.5090125, 13.3792937",20860,3463
"52.5707561782523, 13.2201689612382","52.4983661, 13.3605076",19300,4009
"52.5707561782523, 13.2201689612382","52.5478117, 13.3892456",20068,3844
"52.5707561782523, 13.2201689612382","52.5046782, 13.4490212",28572,4442
"52.5707561782523, 13.2201689612382","52.5136642, 13.4727613",36333,4963
"52.5707561782523, 13.2201689612382","52.5016098, 13.381181",23786,4552
"52.5707561782523, 13.2201689612382","52.5214137, 13.4034811",24591,3916
"52.5707561782523, 13.2201689612382","52.5176913, 13.4419715",24638,3844
"52.5707561782523, 13.2201689612382","52.517699, 13.3970326",21158,3386
"52.5707561782523, 13.2201689612382","52.5303108, 13.3186121",16176,3689
"52.5707561782523, 13.2201689612382","52.5146378, 13.3905283",23993,4228
"52.5707561782523, 13.2201689612382","52.5145186, 13.487322",27892,4485
"52.5707561782523, 13.2201689612382","52.5170316, 13.4012274",22961,3709
"52.5707561782523, 13.2201689612382","52.5207714, 13.3889021",23418,3730
"52.5707561782523, 13.2201689612382","52.5027268, 13.4453492",28972,4776
"52.5707561782523, 13.2201689612382","52.5284267, 13.3720175",19209,3267
"52.5707561782523, 13.2201689612382","52.5209131, 13.3871461",23287,3673
"52.5707561782523, 13.2201689612382","52.5304903, 13.3791152",19767,3721
"52.5707561782523, 13.2201689612382","52.4864896, 13.4217418",26966,4679
"52.5707561782523, 13.2201689612382","52.5215057, 13.4069139",25348,4138
"52.5707561782523, 13.2201689612382","52.5174377, 13.3898033",23711,3969
"52.5707561782523, 13.2201689612382","52.5111669, 13.4430356",27606,4450
"52.5707561782523, 13.2201689612382","52.5076615, 13.454537",28917,4712
"52.5707561782523, 13.2201689612382","52.5121441, 13.3083771",15710,3365
"52.5707561782523, 13.2201689612382","52.5087884, 13.378434",20807,3421
"52.5707561782523, 13.2201689612382","52.5019061, 13.3308361",16836,3908
"52.5707561782523, 13.2201689612382","52.5088651, 13.2707514",12660,3143
"52.5707561782523, 13.2201689612382","52.5264743, 13.39691",25243,4434
"52.5707561782523, 13.2201689612382","52.5106807, 13.419484",26773,4541
"52.5707561782523, 13.2201689612382","52.4602228, 13.5056519",35464,6286
"52.5707561782523, 13.2201689612382","52.474199, 13.141735",16665,3865
"52.5707561782523, 13.2201689612382","52.5021802, 13.364582",21823,4004
"52.5707561782523, 13.2201689612382","52.5205791, 13.4089041",25242,4030
"52.5707561782523, 13.2201689612382","52.4986678, 13.3566505",18767,4010
"52.5707561782523, 13.2201689612382","52.520848, 13.4084747",25245,4032
"52.5707561782523, 13.2201689612382","52.49694, 13.4540533",34280,5203
"52.5707561782523, 13.2201689612382","52.4840199, 13.4053429",26382,5030
"52.5707561782523, 13.2201689612382","52.5049039, 13.4431471",28984,4773
"52.5707561782523, 13.2201689612382","52.524042, 13.402083",24596,3913
"52.5707561782523, 13.2201689612382","52.5071871, 13.390676",25013,4274
"52.5707561782523, 13.2201689612382","52.4583565, 13.2889441",22519,5120
"52.5707561782523, 13.2201689612382","52.5112074, 13.4169157",26500,4315
"52.5707561782523, 13.2201689612382","52.440493, 13.3911183",30498,5762
"52.5453031805152, 13.5701836617045","52.5075075, 13.3903737",19168,3564
"52.5453031805152, 13.5701836617045","52.5542753, 13.3785425",20268,3763
"52.5453031805152, 13.5701836617045","52.5063, 13.3840159",20363,3629
"52.5453031805152, 13.5701836617045","52.5206458, 13.2932877",24296,4548
"52.5453031805152, 13.5701836617045","52.5239216, 13.3888786",17812,3035
"52.5453031805152, 13.5701836617045","52.5168416, 13.3816742",18613,2927
"52.5453031805152, 13.5701836617045","52.5040556, 13.3379413",23082,3777
"52.5453031805152, 13.5701836617045","52.5090125, 13.3792937",19323,3328
"52.5453031805152, 13.5701836617045","52.4983661, 13.3605076",22166,4076
"52.5453031805152, 13.5701836617045","52.5478117, 13.3892456",21341,3363
"52.5453031805152, 13.5701836617045","52.5046782, 13.4490212",12448,2160
"52.5453031805152, 13.5701836617045","52.5136642, 13.4727613",11963,2085
"52.5453031805152, 13.5701836617045","52.5016098, 13.381181",20061,3388
"52.5453031805152, 13.5701836617045","52.5214137, 13.4034811",16472,2666
"52.5453031805152, 13.5701836617045","52.5176913, 13.4419715",14104,2371
"52.5453031805152, 13.5701836617045","52.517699, 13.3970326",17470,2813
"52.5453031805152, 13.5701836617045","52.5303108, 13.3186121",20137,4344
"52.5453031805152, 13.5701836617045","52.5146378, 13.3905283",18264,3000
"52.5453031805152, 13.5701836617045","52.5145186, 13.487322",11550,2352
"52.5453031805152, 13.5701836617045","52.5170316, 13.4012274",17577,2827
"52.5453031805152, 13.5701836617045","52.5207714, 13.3889021",17485,2768
"52.5453031805152, 13.5701836617045","52.5027268, 13.4453492",12848,2493
"52.5453031805152, 13.5701836617045","52.5284267, 13.3720175",16042,3727
"52.5453031805152, 13.5701836617045","52.5209131, 13.3871461",17409,2689
"52.5453031805152, 13.5701836617045","52.5304903, 13.3791152",15085,3486
"52.5453031805152, 13.5701836617045","52.4864896, 13.4217418",18746,3789
"52.5453031805152, 13.5701836617045","52.5215057, 13.4069139",15906,2666
"52.5453031805152, 13.5701836617045","52.5174377, 13.3898033",18041,2865
"52.5453031805152, 13.5701836617045","52.5111669, 13.4430356",13090,2661
"52.5453031805152, 13.5701836617045","52.5076615, 13.454537",12779,2396
"52.5453031805152, 13.5701836617045","52.5121441, 13.3083771",24653,4374
"52.5453031805152, 13.5701836617045","52.5087884, 13.378434",19315,3296
"52.5453031805152, 13.5701836617045","52.5019061, 13.3308361",23013,3715
"52.5453031805152, 13.5701836617045","52.5088651, 13.2707514",27361,4864
"52.5453031805152, 13.5701836617045","52.5264743, 13.39691",17121,3181
"52.5453031805152, 13.5701836617045","52.5106807, 13.419484",15319,2833
"52.5453031805152, 13.5701836617045","52.4602228, 13.5056519",22540,3483
"52.5453031805152, 13.5701836617045","52.474199, 13.141735",55556,8152
"52.5453031805152, 13.5701836617045","52.5021802, 13.364582",20572,3864
"52.5453031805152, 13.5701836617045","52.5205791, 13.4089041",15800,2558
"52.5453031805152, 13.5701836617045","52.4986678, 13.3566505",22981,4269
"52.5453031805152, 13.5701836617045","52.520848, 13.4084747",15803,2560
"52.5453031805152, 13.5701836617045","52.49694, 13.4540533",13040,2941
"52.5453031805152, 13.5701836617045","52.4840199, 13.4053429",20601,4555
"52.5453031805152, 13.5701836617045","52.5049039, 13.4431471",12853,2480
"52.5453031805152, 13.5701836617045","52.524042, 13.402083",16476,2663
"52.5453031805152, 13.5701836617045","52.5071871, 13.390676",19130,3534
"52.5453031805152, 13.5701836617045","52.4583565, 13.2889441",32356,5581
"52.5453031805152, 13.5701836617045","52.5112074, 13.4169157",15046,2607
"52.5453031805152, 13.5701836617045","52.440493, 13.3911183",26817,4572
"52.5397938184385, 13.560425843426","52.5075075, 13.3903737",20247,3771
"52.5397938184385, 13.560425843426","52.5542753, 13.3785425",14955,3526
"52.5397938184385, 13.560425843426","52.5063, 13.3840159",21442,3836
"52.5397938184385, 13.560425843426","52.5206458, 13.2932877",23413,4188
"52.5397938184385, 13.560425843426","52.5239216, 13.3888786",18891,3242
"52.5397938184385, 13.560425843426","52.5168416, 13.3816742",18569,3119
"52.5397938184385, 13.560425843426","52.5040556, 13.3379413",24161,3984
"52.5397938184385, 13.560425843426","52.5090125, 13.3792937",20402,3535
"52.5397938184385, 13.560425843426","52.4983661, 13.3605076",22122,4268
"52.5397938184385, 13.560425843426","52.5478117, 13.3892456",13995,2971
"52.5397938184385, 13.560425843426","52.5046782, 13.4490212",11321,2579
"52.5397938184385, 13.560425843426","52.5136642, 13.4727613",11919,2277
"52.5397938184385, 13.560425843426","52.5016098, 13.381181",21140,3595
"52.5397938184385, 13.560425843426","52.5214137, 13.4034811",12962,3209
"52.5397938184385, 13.560425843426","52.5176913, 13.4419715",14060,2563
"52.5397938184385, 13.560425843426","52.517699, 13.3970326",17426,3005
"52.5397938184385, 13.560425843426","52.5303108, 13.3186121",19254,3984
"52.5397938184385, 13.560425843426","52.5146378, 13.3905283",18220,3192
"52.5397938184385, 13.560425843426","52.5145186, 13.487322",7975,2225
"52.5397938184385, 13.560425843426","52.5170316, 13.4012274",17533,3019
"52.5397938184385, 13.560425843426","52.5207714, 13.3889021",18564,2975
"52.5397938184385, 13.560425843426","52.5027268, 13.4453492",11721,2912
"52.5397938184385, 13.560425843426","52.5284267, 13.3720175",15159,3367
"52.5397938184385, 13.560425843426","52.5209131, 13.3871461",18488,2896
"52.5397938184385, 13.560425843426","52.5304903, 13.3791152",14203,3126
"52.5397938184385, 13.560425843426","52.4864896, 13.4217418",17286,3840
"52.5397938184385, 13.560425843426","52.5215057, 13.4069139",12464,3070
"52.5397938184385, 13.560425843426","52.5174377, 13.3898033",17997,3057
"52.5397938184385, 13.560425843426","52.5111669, 13.4430356",14168,2868
"52.5397938184385, 13.560425843426","52.5076615, 13.454537",10557,3018
"52.5397938184385, 13.560425843426","52.5121441, 13.3083771",23181,4338
"52.5397938184385, 13.560425843426","52.5087884, 13.378434",20394,3503
"52.5397938184385, 13.560425843426","52.5019061, 13.3308361",24092,3922
"52.5397938184385, 13.560425843426","52.5088651, 13.2707514",25046,4608
"52.5397938184385, 13.560425843426","52.5264743, 13.39691",18199,3388
"52.5397938184385, 13.560425843426","52.5106807, 13.419484",16397,3040
"52.5397938184385, 13.560425843426","52.4602228, 13.5056519",12641,3505
"52.5397938184385, 13.560425843426","52.474199, 13.141735",39963,7238
"52.5397938184385, 13.560425843426","52.5021802, 13.364582",18914,4227
"52.5397938184385, 13.560425843426","52.5205791, 13.4089041",12084,3087
"52.5397938184385, 13.560425843426","52.4986678, 13.3566505",22937,4461
"52.5397938184385, 13.560425843426","52.520848, 13.4084747",12087,3089
"52.5397938184385, 13.560425843426","52.49694, 13.4540533",14147,3304
"52.5397938184385, 13.560425843426","52.4840199, 13.4053429",19298,4256
"52.5397938184385, 13.560425843426","52.5049039, 13.4431471",13931,2687
"52.5397938184385, 13.560425843426","52.524042, 13.402083",17554,2870
"52.5397938184385, 13.560425843426","52.5071871, 13.390676",20209,3741
"52.5397938184385, 13.560425843426","52.4583565, 13.2889441",31427,5390
"52.5397938184385, 13.560425843426","52.5112074, 13.4169157",16124,2814
"52.5397938184385, 13.560425843426","52.440493, 13.3911183",24762,4335
"52.5482741365328, 13.4962679241266","52.5075075, 13.3903737",10510,3486
"52.5482741365328, 13.4962679241266","52.5542753, 13.3785425",10536,2937
"52.5482741365328, 13.4962679241266","52.5063, 13.3840159",12980,3703
"52.5482741365328, 13.4962679241266","52.5206458, 13.2932877",18994,3599
"52.5482741365328, 13.4962679241266","52.5239216, 13.3888786",9623,2663
"52.5482741365328, 13.4962679241266","52.5168416, 13.3816742",9920,3106
"52.5482741365328, 13.4962679241266","52.5040556, 13.3379413",14904,4093
"52.5482741365328, 13.4962679241266","52.5090125, 13.3792937",11081,3285
"52.5482741365328, 13.4962679241266","52.4983661, 13.3605076",13244,3653
"52.5482741365328, 13.4962679241266","52.5478117, 13.3892456",9576,2382
"52.5482741365328, 13.4962679241266","52.5046782, 13.4490212",10432,2019
"52.5482741365328, 13.4962679241266","52.5136642, 13.4727613",6512,2084
"52.5482741365328, 13.4962679241266","52.5016098, 13.381181",12678,3462
"52.5482741365328, 13.4962679241266","52.5214137, 13.4034811",8537,2320
"52.5482741365328, 13.4962679241266","52.5176913, 13.4419715",6188,2247
"52.5482741365328, 13.4962679241266","52.517699, 13.3970326",8714,2725
"52.5482741365328, 13.4962679241266","52.5303108, 13.3186121",14835,3395
"52.5482741365328, 13.4962679241266","52.5146378, 13.3905283",9659,3177
"52.5482741365328, 13.4962679241266","52.5145186, 13.487322",5468,1663
"52.5482741365328, 13.4962679241266","52.5170316, 13.4012274",8603,2664
"52.5482741365328, 13.4962679241266","52.5207714, 13.3889021",10315,3077
"52.5482741365328, 13.4962679241266","52.5027268, 13.4453492",10832,2352
"52.5482741365328, 13.4962679241266","52.5284267, 13.3720175",11493,3198
"52.5482741365328, 13.4962679241266","52.5209131, 13.3871461",10132,2977
"52.5482741365328, 13.4962679241266","52.5304903, 13.3791152",10536,2957
"52.5482741365328, 13.4962679241266","52.4864896, 13.4217418",12328,3563
"52.5482741365328, 13.4962679241266","52.5215057, 13.4069139",8040,2181
"52.5482741365328, 13.4962679241266","52.5174377, 13.3898033",9568,3078
"52.5482741365328, 13.4962679241266","52.5111669, 13.4430356",11074,2520
"52.5482741365328, 13.4962679241266","52.5076615, 13.454537",10763,2255
"52.5482741365328, 13.4962679241266","52.5121441, 13.3083771",17305,4148
"52.5482741365328, 13.4962679241266","52.5087884, 13.378434",11037,3243
"52.5482741365328, 13.4962679241266","52.5019061, 13.3308361",20998,3574
"52.5482741365328, 13.4962679241266","52.5088651, 13.2707514",20627,4019
"52.5482741365328, 13.4962679241266","52.5264743, 13.39691",9375,2774
"52.5482741365328, 13.4962679241266","52.5106807, 13.419484",9138,3163
"52.5482741365328, 13.4962679241266","52.4602228, 13.5056519",11970,2891
"52.5482741365328, 13.4962679241266","52.474199, 13.141735",35544,6469
"52.5482741365328, 13.4962679241266","52.5021802, 13.364582",13632,3966
"52.5482741365328, 13.4962679241266","52.5205791, 13.4089041",7659,2198
"52.5482741365328, 13.4962679241266","52.4986678, 13.3566505",14059,3846
"52.5482741365328, 13.4962679241266","52.520848, 13.4084747",7662,2200
"52.5482741365328, 13.4962679241266","52.49694, 13.4540533",9728,2841
"52.5482741365328, 13.4962679241266","52.4840199, 13.4053429",15182,4061
"52.5482741365328, 13.4962679241266","52.5049039, 13.4431471",10837,2339
"52.5482741365328, 13.4962679241266","52.524042, 13.402083",8634,2401
"52.5482741365328, 13.4962679241266","52.5071871, 13.390676",10543,3511
"52.5482741365328, 13.4962679241266","52.4583565, 13.2889441",25780,4801
"52.5482741365328, 13.4962679241266","52.5112074, 13.4169157",8973,3023
"52.5482741365328, 13.4962679241266","52.440493, 13.3911183",17790,3827
"52.5465810859096, 13.5090996860695","52.5075075, 13.3903737",16021,3389
"52.5465810859096, 13.5090996860695","52.5542753, 13.3785425",10407,3263
"52.5465810859096, 13.5090996860695","52.5063, 13.3840159",17216,3454
"52.5465810859096, 13.5090996860695","52.5206458, 13.2932877",23185,4409
"52.5465810859096, 13.5090996860695","52.5239216, 13.3888786",14665,2860
"52.5465810859096, 13.5090996860695","52.5168416, 13.3816742",14048,2555
"52.5465810859096, 13.5090996860695","52.5040556, 13.3379413",19935,3602
"52.5465810859096, 13.5090996860695","52.5090125, 13.3792937",16176,3153
"52.5465810859096, 13.5090996860695","52.4983661, 13.3605076",15824,3704
"52.5465810859096, 13.5090996860695","52.5478117, 13.3892456",10504,2401
"52.5465810859096, 13.5090996860695","52.5046782, 13.4490212",9295,1685
"52.5465810859096, 13.5090996860695","52.5136642, 13.4727613",7399,1713
"52.5465810859096, 13.5090996860695","52.5016098, 13.381181",16914,3213
"52.5465810859096, 13.5090996860695","52.5214137, 13.4034811",13324,2491
"52.5465810859096, 13.5090996860695","52.5176913, 13.4419715",9539,1999
"52.5465810859096, 13.5090996860695","52.517699, 13.3970326",12905,2441
"52.5465810859096, 13.5090996860695","52.5303108, 13.3186121",15763,3414
"52.5465810859096, 13.5090996860695","52.5146378, 13.3905283",13699,2628
"52.5465810859096, 13.5090996860695","52.5145186, 13.487322",5913,1590
"52.5465810859096, 13.5090996860695","52.5170316, 13.4012274",13012,2455
"52.5465810859096, 13.5090996860695","52.5207714, 13.3889021",14338,2593
"52.5465810859096, 13.5090996860695","52.5027268, 13.4453492",9695,2018
"52.5465810859096, 13.5090996860695","52.5284267, 13.3720175",16136,3056
"52.5465810859096, 13.5090996860695","52.5209131, 13.3871461",14262,2514
"52.5465810859096, 13.5090996860695","52.5304903, 13.3791152",12240,3308
"52.5465810859096, 13.5090996860695","52.4864896, 13.4217418",14565,3696
"52.5465810859096, 13.5090996860695","52.5215057, 13.4069139",10182,2532
"52.5465810859096, 13.5090996860695","52.5174377, 13.3898033",13476,2493
"52.5465810859096, 13.5090996860695","52.5111669, 13.4430356",9937,2186
"52.5465810859096, 13.5090996860695","52.5076615, 13.454537",9626,1921
"52.5465810859096, 13.5090996860695","52.5121441, 13.3083771",21506,4199
"52.5465810859096, 13.5090996860695","52.5087884, 13.378434",16168,3121
"52.5465810859096, 13.5090996860695","52.5019061, 13.3308361",19866,3540
"52.5465810859096, 13.5090996860695","52.5088651, 13.2707514",23985,4670
"52.5465810859096, 13.5090996860695","52.5264743, 13.39691",13973,3006
"52.5465810859096, 13.5090996860695","52.5106807, 13.419484",12171,2658
"52.5465810859096, 13.5090996860695","52.4602228, 13.5056519",11100,2367
"52.5465810859096, 13.5090996860695","52.474199, 13.141735",36472,6668
"52.5465810859096, 13.5090996860695","52.5021802, 13.364582",17330,3689
"52.5465810859096, 13.5090996860695","52.5205791, 13.4089041",12652,2383
"52.5465810859096, 13.5090996860695","52.4986678, 13.3566505",16639,3897
"52.5465810859096, 13.5090996860695","52.520848, 13.4084747",12655,2385
"52.5465810859096, 13.5090996860695","52.49694, 13.4540533",11157,3069
"52.5465810859096, 13.5090996860695","52.4840199, 13.4053429",16583,4112
"52.5465810859096, 13.5090996860695","52.5049039, 13.4431471",9698,2005
"52.5465810859096, 13.5090996860695","52.524042, 13.402083",13328,2488
"52.5465810859096, 13.5090996860695","52.5071871, 13.390676",15983,3359
"52.5465810859096, 13.5090996860695","52.4583565, 13.2889441",25927,4252
"52.5465810859096, 13.5090996860695","52.5112074, 13.4169157",11898,2432
"52.5465810859096, 13.5090996860695","52.440493, 13.3911183",17937,3878
"52.5367811087858, 13.6343454351809","52.5075075, 13.3903737",21814,3532
"52.5367811087858, 13.6343454351809","52.5542753, 13.3785425",23461,3731
"52.5367811087858, 13.6343454351809","52.5063, 13.3840159",23265,3597
"52.5367811087858, 13.6343454351809","52.5206458, 13.2932877",31584,4393
"52.5367811087858, 13.6343454351809","52.5239216, 13.3888786",21216,3208
"52.5367811087858, 13.6343454351809","52.5168416, 13.3816742",21084,2698
"52.5367811087858, 13.6343454351809","52.5040556, 13.3379413",26085,4287
"52.5367811087858, 13.6343454351809","52.5090125, 13.3792937",22225,3296
"52.5367811087858, 13.6343454351809","52.4983661, 13.3605076",24637,3847
"52.5367811087858, 13.6343454351809","52.5478117, 13.3892456",22166,3176
"52.5367811087858, 13.6343454351809","52.5046782, 13.4490212",16605,2428
"52.5367811087858, 13.6343454351809","52.5136642, 13.4727613",14434,1856
"52.5367811087858, 13.6343454351809","52.5016098, 13.381181",22963,3356
"52.5367811087858, 13.6343454351809","52.5214137, 13.4034811",19618,2746
"52.5367811087858, 13.6343454351809","52.5176913, 13.4419715",16574,2142
"52.5367811087858, 13.6343454351809","52.517699, 13.3970326",19940,2584
"52.5367811087858, 13.6343454351809","52.5303108, 13.3186121",27424,4189
"52.5367811087858, 13.6343454351809","52.5146378, 13.3905283",20734,2771
"52.5367811087858, 13.6343454351809","52.5145186, 13.487322",14021,2123
"52.5367811087858, 13.6343454351809","52.5170316, 13.4012274",20047,2598
"52.5367811087858, 13.6343454351809","52.5207714, 13.3889021",20889,2941
"52.5367811087858, 13.6343454351809","52.5027268, 13.4453492",17355,2748
"52.5367811087858, 13.6343454351809","52.5284267, 13.3720175",22909,3206
"52.5367811087858, 13.6343454351809","52.5209131, 13.3871461",20947,2967
"52.5367811087858, 13.6343454351809","52.5304903, 13.3791152",23416,3587
"52.5367811087858, 13.6343454351809","52.4864896, 13.4217418",23514,3757
"52.5367811087858, 13.6343454351809","52.5215057, 13.4069139",19537,2683
"52.5367811087858, 13.6343454351809","52.5174377, 13.3898033",20511,2636
"52.5367811087858, 13.6343454351809","52.5111669, 13.4430356",17420,2838
"52.5367811087858, 13.6343454351809","52.5076615, 13.454537",16973,2678
"52.5367811087858, 13.6343454351809","52.5121441, 13.3083771",28698,4342
"52.5367811087858, 13.6343454351809","52.5087884, 13.378434",22430,3437
"52.5367811087858, 13.6343454351809","52.5019061, 13.3308361",27176,4283
"52.5367811087858, 13.6343454351809","52.5088651, 13.2707514",31406,4832
"52.5367811087858, 13.6343454351809","52.5264743, 13.39691",22970,3552
"52.5367811087858, 13.6343454351809","52.5106807, 13.419484",20324,3357
"52.5367811087858, 13.6343454351809","52.4602228, 13.5056519",15846,3710
"52.5367811087858, 13.6343454351809","52.474199, 13.141735",46717,6723
"52.5367811087858, 13.6343454351809","52.5021802, 13.364582",23474,3832
"52.5367811087858, 13.6343454351809","52.5205791, 13.4089041",19414,2558
"52.5367811087858, 13.6343454351809","52.4986678, 13.3566505",25452,4040
"52.5367811087858, 13.6343454351809","52.520848, 13.4084747",19411,2556
"52.5367811087858, 13.6343454351809","52.49694, 13.4540533",17946,3257
"52.5367811087858, 13.6343454351809","52.4840199, 13.4053429",22936,4255
"52.5367811087858, 13.6343454351809","52.5049039, 13.4431471",17008,2748
"52.5367811087858, 13.6343454351809","52.524042, 13.402083",19967,3035
"52.5367811087858, 13.6343454351809","52.5071871, 13.390676",21776,3502
"52.5367811087858, 13.6343454351809","52.4583565, 13.2889441",33998,4995
"52.5367811087858, 13.6343454351809","52.5112074, 13.4169157",20159,3217
"52.5367811087858, 13.6343454351809","52.440493, 13.3911183",29462,4540
"52.540194458387, 13.6086810177722","52.5075075, 13.3903737",20205,3540
"52.540194458387, 13.6086810177722","52.5542753, 13.3785425",21851,3739
"52.540194458387, 13.6086810177722","52.5063, 13.3840159",21655,3605
"52.540194458387, 13.6086810177722","52.5206458, 13.2932877",29975,4401
"52.540194458387, 13.6086810177722","52.5239216, 13.3888786",19607,3216
"52.540194458387, 13.6086810177722","52.5168416, 13.3816742",19474,2706
"52.540194458387, 13.6086810177722","52.5040556, 13.3379413",24475,4295
"52.540194458387, 13.6086810177722","52.5090125, 13.3792937",20615,3304
"52.540194458387, 13.6086810177722","52.4983661, 13.3605076",23027,3855
"52.540194458387, 13.6086810177722","52.5478117, 13.3892456",20557,3184
"52.540194458387, 13.6086810177722","52.5046782, 13.4490212",14996,2436
"52.540194458387, 13.6086810177722","52.5136642, 13.4727613",12825,1864
"52.540194458387, 13.6086810177722","52.5016098, 13.381181",21353,3364
"52.540194458387, 13.6086810177722","52.5214137, 13.4034811",18009,2754
"52.540194458387, 13.6086810177722","52.5176913, 13.4419715",14965,2150
"52.540194458387, 13.6086810177722","52.517699, 13.3970326",18331,2592
"52.540194458387, 13.6086810177722","52.5303108, 13.3186121",25815,4197
"52.540194458387, 13.6086810177722","52.5146378, 13.3905283",19125,2779
"52.540194458387, 13.6086810177722","52.5145186, 13.487322",12412,2131
"52.540194458387, 13.6086810177722","52.5170316, 13.4012274",18438,2606
"52.540194458387, 13.6086810177722","52.5207714, 13.3889021",19280,2949
"52.540194458387, 13.6086810177722","52.5027268, 13.4453492",15746,2756
"52.540194458387, 13.6086810177722","52.5284267, 13.3720175",21300,3214
"52.540194458387, 13.6086810177722","52.5209131, 13.3871461",19338,2975
"52.540194458387, 13.6086810177722","52.5304903, 13.3791152",21807,3595
"52.540194458387, 13.6086810177722","52.4864896, 13.4217418",21904,3765
"52.540194458387, 13.6086810177722","52.5215057, 13.4069139",17928,2691
"52.540194458387, 13.6086810177722","52.5174377, 13.3898033",18902,2644
"52.540194458387, 13.6086810177722","52.5111669, 13.4430356",15811,2846
"52.540194458387, 13.6086810177722","52.5076615, 13.454537",15364,2686
"52.540194458387, 13.6086810177722","52.5121441, 13.3083771",27088,4350
"52.540194458387, 13.6086810177722","52.5087884, 13.378434",20820,3445
"52.540194458387, 13.6086810177722","52.5019061, 13.3308361",25567,4291
"52.540194458387, 13.6086810177722","52.5088651, 13.2707514",29796,4840
"52.540194458387, 13.6086810177722","52.5264743, 13.39691",21360,3560
"52.540194458387, 13.6086810177722","52.5106807, 13.419484",18714,3365
"52.540194458387, 13.6086810177722","52.4602228, 13.5056519",14237,3718
"52.540194458387, 13.6086810177722","52.474199, 13.141735",45108,6731
"52.540194458387, 13.6086810177722","52.5021802, 13.364582",21864,3840
"52.540194458387, 13.6086810177722","52.5205791, 13.4089041",17805,2566
"52.540194458387, 13.6086810177722","52.4986678, 13.3566505",23842,4048
"52.540194458387, 13.6086810177722","52.520848, 13.4084747",17802,2564
"52.540194458387, 13.6086810177722","52.49694, 13.4540533",16337,3265
"52.540194458387, 13.6086810177722","52.4840199, 13.4053429",21326,4263
"52.540194458387, 13.6086810177722","52.5049039, 13.4431471",15399,2756
"52.540194458387, 13.6086810177722","52.524042, 13.402083",18358,3043
"52.540194458387, 13.6086810177722","52.5071871, 13.390676",20167,3510
"52.540194458387, 13.6086810177722","52.4583565, 13.2889441",32389,5003
"52.540194458387, 13.6086810177722","52.5112074, 13.4169157",18549,3225
"52.540194458387, 13.6086810177722","52.440493, 13.3911183",27853,4548
"52.5185555250151, 13.6178876127287","52.5075075, 13.3903737",23477,4366
"52.5185555250151, 13.6178876127287","52.5542753, 13.3785425",25123,4565
"52.5185555250151, 13.6178876127287","52.5063, 13.3840159",24927,4431
"52.5185555250151, 13.6178876127287","52.5206458, 13.2932877",33247,5227
"52.5185555250151, 13.6178876127287","52.5239216, 13.3888786",22879,4042
"52.5185555250151, 13.6178876127287","52.5168416, 13.3816742",22746,3532
"52.5185555250151, 13.6178876127287","52.5040556, 13.3379413",31893,5179
"52.5185555250151, 13.6178876127287","52.5090125, 13.3792937",23887,4130
"52.5185555250151, 13.6178876127287","52.4983661, 13.3605076",26299,4681
"52.5185555250151, 13.6178876127287","52.5478117, 13.3892456",23829,4010
"52.5185555250151, 13.6178876127287","52.5046782, 13.4490212",21259,3562
"52.5185555250151, 13.6178876127287","52.5136642, 13.4727613",16097,2690
"52.5185555250151, 13.6178876127287","52.5016098, 13.381181",24625,4190
"52.5185555250151, 13.6178876127287","52.5214137, 13.4034811",21281,3580
"52.5185555250151, 13.6178876127287","52.5176913, 13.4419715",18237,2976
"52.5185555250151, 13.6178876127287","52.517699, 13.3970326",21603,3418
"52.5185555250151, 13.6178876127287","52.5303108, 13.3186121",29087,5023
"52.5185555250151, 13.6178876127287","52.5146378, 13.3905283",22397,3605
"52.5185555250151, 13.6178876127287","52.5145186, 13.487322",15684,2957
"52.5185555250151, 13.6178876127287","52.5170316, 13.4012274",21710,3432
"52.5185555250151, 13.6178876127287","52.5207714, 13.3889021",22552,3775
"52.5185555250151, 13.6178876127287","52.5027268, 13.4453492",19018,3582
"52.5185555250151, 13.6178876127287","52.5284267, 13.3720175",24572,4040
"52.5185555250151, 13.6178876127287","52.5209131, 13.3871461",26220,4091
"52.5185555250151, 13.6178876127287","52.5304903, 13.3791152",25129,4361
"52.5185555250151, 13.6178876127287","52.4864896, 13.4217418",25176,4591
"52.5185555250151, 13.6178876127287","52.5215057, 13.4069139",21200,3517
"52.5185555250151, 13.6178876127287","52.5174377, 13.3898033",22174,3470
"52.5185555250151, 13.6178876127287","52.5111669, 13.4430356",19083,3672
"52.5185555250151, 13.6178876127287","52.5076615, 13.454537",21590,3798
"52.5185555250151, 13.6178876127287","52.5121441, 13.3083771",30360,5176
"52.5185555250151, 13.6178876127287","52.5087884, 13.378434",24092,4271
"52.5185555250151, 13.6178876127287","52.5019061, 13.3308361",31824,5117
"52.5185555250151, 13.6178876127287","52.5088651, 13.2707514",33068,5666
"52.5185555250151, 13.6178876127287","52.5264743, 13.39691",25932,4583
"52.5185555250151, 13.6178876127287","52.5106807, 13.419484",24130,4235
"52.5185555250151, 13.6178876127287","52.4602228, 13.5056519",17509,4544
"52.5185555250151, 13.6178876127287","52.474199, 13.141735",48380,8157
"52.5185555250151, 13.6178876127287","52.5021802, 13.364582",25041,4666
"52.5185555250151, 13.6178876127287","52.5205791, 13.4089041",21077,3392
"52.5185555250151, 13.6178876127287","52.4986678, 13.3566505",27114,4874
"52.5185555250151, 13.6178876127287","52.520848, 13.4084747",21074,3390
"52.5185555250151, 13.6178876127287","52.49694, 13.4540533",19172,4046
"52.5185555250151, 13.6178876127287","52.4840199, 13.4053429",26633,5302
"52.5185555250151, 13.6178876127287","52.5049039, 13.4431471",21664,3882
"52.5185555250151, 13.6178876127287","52.524042, 13.402083",25287,4065
"52.5185555250151, 13.6178876127287","52.5071871, 13.390676",23439,4336
"52.5185555250151, 13.6178876127287","52.4583565, 13.2889441",35661,5829
"52.5185555250151, 13.6178876127287","52.5112074, 13.4169157",23857,4009
"52.5185555250151, 13.6178876127287","52.440493, 13.3911183",31125,5374
"52.5295677172078, 13.6374122667453","52.5075075, 13.3903737",22740,4289
"52.5295677172078, 13.6374122667453","52.5542753, 13.3785425",24387,4488
"52.5295677172078, 13.6374122667453","52.5063, 13.3840159",24191,4354
"52.5295677172078, 13.6374122667453","52.5206458, 13.2932877",32510,5150
"52.5295677172078, 13.6374122667453","52.5239216, 13.3888786",22142,3965
"52.5295677172078, 13.6374122667453","52.5168416, 13.3816742",22010,3455
"52.5295677172078, 13.6374122667453","52.5040556, 13.3379413",27011,5044
"52.5295677172078, 13.6374122667453","52.5090125, 13.3792937",23151,4053
"52.5295677172078, 13.6374122667453","52.4983661, 13.3605076",25563,4604
"52.5295677172078, 13.6374122667453","52.5478117, 13.3892456",23092,3933
"52.5295677172078, 13.6374122667453","52.5046782, 13.4490212",17531,3335
"52.5295677172078, 13.6374122667453","52.5136642, 13.4727613",15360,2613
"52.5295677172078, 13.6374122667453","52.5016098, 13.381181",23889,4113
"52.5295677172078, 13.6374122667453","52.5214137, 13.4034811",20544,3503
"52.5295677172078, 13.6374122667453","52.5176913, 13.4419715",17500,2899
"52.5295677172078, 13.6374122667453","52.517699, 13.3970326",20866,3341
"52.5295677172078, 13.6374122667453","52.5303108, 13.3186121",28350,4946
"52.5295677172078, 13.6374122667453","52.5146378, 13.3905283",21660,3528
"52.5295677172078, 13.6374122667453","52.5145186, 13.487322",14947,2880
"52.5295677172078, 13.6374122667453","52.5170316, 13.4012274",20973,3355
"52.5295677172078, 13.6374122667453","52.5207714, 13.3889021",21815,3698
"52.5295677172078, 13.6374122667453","52.5027268, 13.4453492",18281,3505
"52.5295677172078, 13.6374122667453","52.5284267, 13.3720175",23835,3963
"52.5295677172078, 13.6374122667453","52.5209131, 13.3871461",21873,3724
"52.5295677172078, 13.6374122667453","52.5304903, 13.3791152",24392,4284
"52.5295677172078, 13.6374122667453","52.4864896, 13.4217418",24440,4514
"52.5295677172078, 13.6374122667453","52.5215057, 13.4069139",20463,3440
"52.5295677172078, 13.6374122667453","52.5174377, 13.3898033",21437,3393
"52.5295677172078, 13.6374122667453","52.5111669, 13.4430356",18346,3595
"52.5295677172078, 13.6374122667453","52.5076615, 13.454537",17899,3435
"52.5295677172078, 13.6374122667453","52.5121441, 13.3083771",29624,5099
"52.5295677172078, 13.6374122667453","52.5087884, 13.378434",23356,4194
"52.5295677172078, 13.6374122667453","52.5019061, 13.3308361",28102,5040
"52.5295677172078, 13.6374122667453","52.5088651, 13.2707514",32332,5589
"52.5295677172078, 13.6374122667453","52.5264743, 13.39691",23896,4309
"52.5295677172078, 13.6374122667453","52.5106807, 13.419484",21250,4114
"52.5295677172078, 13.6374122667453","52.4602228, 13.5056519",16772,4467
"52.5295677172078, 13.6374122667453","52.474199, 13.141735",49371,7567
"52.5295677172078, 13.6374122667453","52.5021802, 13.364582",24305,4589
"52.5295677172078, 13.6374122667453","52.5205791, 13.4089041",20340,3315
"52.5295677172078, 13.6374122667453","52.4986678, 13.3566505",26378,4797
"52.5295677172078, 13.6374122667453","52.520848, 13.4084747",20337,3313
"52.5295677172078, 13.6374122667453","52.49694, 13.4540533",18436,3969
"52.5295677172078, 13.6374122667453","52.4840199, 13.4053429",23862,5012
"52.5295677172078, 13.6374122667453","52.5049039, 13.4431471",17934,3655
"52.5295677172078, 13.6374122667453","52.524042, 13.402083",20893,3792
"52.5295677172078, 13.6374122667453","52.5071871, 13.390676",22702,4259
"52.5295677172078, 13.6374122667453","52.4583565, 13.2889441",34924,5752
"52.5295677172078, 13.6374122667453","52.5112074, 13.4169157",21085,3974
"52.5295677172078, 13.6374122667453","52.440493, 13.3911183",30388,5297
"52.5117927673655, 13.4634474576533","52.5075075, 13.3903737",7173,2107
"52.5117927673655, 13.4634474576533","52.5542753, 13.3785425",8820,2306
"52.5117927673655, 13.4634474576533","52.5063, 13.3840159",8624,2172
"52.5117927673655, 13.4634474576533","52.5206458, 13.2932877",18230,3124
"52.5117927673655, 13.4634474576533","52.5239216, 13.3888786",8594,2171
"52.5117927673655, 13.4634474576533","52.5168416, 13.3816742",6443,1273
"52.5117927673655, 13.4634474576533","52.5040556, 13.3379413",12536,2796
"52.5117927673655, 13.4634474576533","52.5090125, 13.3792937",7584,1871
"52.5117927673655, 13.4634474576533","52.4983661, 13.3605076",9996,2422
"52.5117927673655, 13.4634474576533","52.5478117, 13.3892456",8812,1907
"52.5117927673655, 13.4634474576533","52.5046782, 13.4490212",2396,1166
"52.5117927673655, 13.4634474576533","52.5136642, 13.4727613",1296,627
"52.5117927673655, 13.4634474576533","52.5016098, 13.381181",8322,1931
"52.5117927673655, 13.4634474576533","52.5214137, 13.4034811",4977,1321
"52.5117927673655, 13.4634474576533","52.5176913, 13.4419715",1934,717
"52.5117927673655, 13.4634474576533","52.517699, 13.3970326",5300,1159
"52.5117927673655, 13.4634474576533","52.5303108, 13.3186121",14070,2920
"52.5117927673655, 13.4634474576533","52.5146378, 13.3905283",6093,1346
"52.5117927673655, 13.4634474576533","52.5145186, 13.487322",2472,1058
"52.5117927673655, 13.4634474576533","52.5170316, 13.4012274",5407,1173
"52.5117927673655, 13.4634474576533","52.5207714, 13.3889021",6248,1516
"52.5117927673655, 13.4634474576533","52.5027268, 13.4453492",2682,1357
"52.5117927673655, 13.4634474576533","52.5284267, 13.3720175",8269,1781
"52.5117927673655, 13.4634474576533","52.5209131, 13.3871461",6306,1542
"52.5117927673655, 13.4634474576533","52.5304903, 13.3791152",8776,2102
"52.5117927673655, 13.4634474576533","52.4864896, 13.4217418",8873,2332
"52.5117927673655, 13.4634474576533","52.5215057, 13.4069139",4896,1258
"52.5117927673655, 13.4634474576533","52.5174377, 13.3898033",5870,1211
"52.5117927673655, 13.4634474576533","52.5111669, 13.4430356",1875,807
"52.5117927673655, 13.4634474576533","52.5076615, 13.454537",1154,680
"52.5117927673655, 13.4634474576533","52.5121441, 13.3083771",14057,2917
"52.5117927673655, 13.4634474576533","52.5087884, 13.378434",7789,2012
"52.5117927673655, 13.4634474576533","52.5019061, 13.3308361",13295,2853
"52.5117927673655, 13.4634474576533","52.5088651, 13.2707514",16765,3407
"52.5117927673655, 13.4634474576533","52.5264743, 13.39691",6126,2143
"52.5117927673655, 13.4634474576533","52.5106807, 13.419484",5683,1932
"52.5117927673655, 13.4634474576533","52.4602228, 13.5056519",9113,2178
"52.5117927673655, 13.4634474576533","52.474199, 13.141735",31994,5418
"52.5117927673655, 13.4634474576533","52.5021802, 13.364582",8833,2407
"52.5117927673655, 13.4634474576533","52.5205791, 13.4089041",4773,1133
"52.5117927673655, 13.4634474576533","52.4986678, 13.3566505",10811,2615
"52.5117927673655, 13.4634474576533","52.520848, 13.4084747",4770,1131
"52.5117927673655, 13.4634474576533","52.49694, 13.4540533",3240,1809
"52.5117927673655, 13.4634474576533","52.4840199, 13.4053429",8775,2886
"52.5117927673655, 13.4634474576533","52.5049039, 13.4431471",2744,1440
"52.5117927673655, 13.4634474576533","52.524042, 13.402083",5326,1610
"52.5117927673655, 13.4634474576533","52.5071871, 13.390676",7135,2077
"52.5117927673655, 13.4634474576533","52.4583565, 13.2889441",19292,3547
"52.5117927673655, 13.4634474576533","52.5112074, 13.4169157",5518,1792
"52.5117927673655, 13.4634474576533","52.440493, 13.3911183",14821,3115
"52.5101015962256, 13.4762715903119","52.5075075, 13.3903737",8216,2393
"52.5101015962256, 13.4762715903119","52.5542753, 13.3785425",11896,2886
"52.5101015962256, 13.4762715903119","52.5063, 13.3840159",9667,2458
"52.5101015962256, 13.4762715903119","52.5206458, 13.2932877",17982,2881
"52.5101015962256, 13.4762715903119","52.5239216, 13.3888786",7618,2069
"52.5101015962256, 13.4762715903119","52.5168416, 13.3816742",7486,1559
"52.5101015962256, 13.4762715903119","52.5040556, 13.3379413",12733,3109
"52.5101015962256, 13.4762715903119","52.5090125, 13.3792937",8627,2157
"52.5101015962256, 13.4762715903119","52.4983661, 13.3605076",11039,2708
"52.5101015962256, 13.4762715903119","52.5478117, 13.3892456",8564,1664
"52.5101015962256, 13.4762715903119","52.5046782, 13.4490212",3039,1262
"52.5101015962256, 13.4762715903119","52.5136642, 13.4727613",717,589
"52.5101015962256, 13.4762715903119","52.5016098, 13.381181",9365,2217
"52.5101015962256, 13.4762715903119","52.5214137, 13.4034811",6020,1607
"52.5101015962256, 13.4762715903119","52.5176913, 13.4419715",2977,1003
"52.5101015962256, 13.4762715903119","52.517699, 13.3970326",6343,1445
"52.5101015962256, 13.4762715903119","52.5303108, 13.3186121",13822,2677
"52.5101015962256, 13.4762715903119","52.5146378, 13.3905283",7136,1632
"52.5101015962256, 13.4762715903119","52.5145186, 13.487322",1260,1077
"52.5101015962256, 13.4762715903119","52.5170316, 13.4012274",6450,1459
"52.5101015962256, 13.4762715903119","52.5207714, 13.3889021",7291,1802
"52.5101015962256, 13.4762715903119","52.5027268, 13.4453492",3325,1453
"52.5101015962256, 13.4762715903119","52.5284267, 13.3720175",9312,2067
"52.5101015962256, 13.4762715903119","52.5209131, 13.3871461",7349,1828
"52.5101015962256, 13.4762715903119","52.5304903, 13.3791152",9819,2388
"52.5101015962256, 13.4762715903119","52.4864896, 13.4217418",10036,2161
"52.5101015962256, 13.4762715903119","52.5215057, 13.4069139",5939,1544
"52.5101015962256, 13.4762715903119","52.5174377, 13.3898033",6913,1497
"52.5101015962256, 13.4762715903119","52.5111669, 13.4430356",2948,1348
"52.5101015962256, 13.4762715903119","52.5076615, 13.454537",2235,903
"52.5101015962256, 13.4762715903119","52.5121441, 13.3083771",15100,3203
"52.5101015962256, 13.4762715903119","52.5087884, 13.378434",8832,2298
"52.5101015962256, 13.4762715903119","52.5019061, 13.3308361",13274,2850
"52.5101015962256, 13.4762715903119","52.5088651, 13.2707514",17808,3693
"52.5101015962256, 13.4762715903119","52.5264743, 13.39691",7169,2429
"52.5101015962256, 13.4762715903119","52.5106807, 13.419484",6726,2218
"52.5101015962256, 13.4762715903119","52.4602228, 13.5056519",9092,2175
"52.5101015962256, 13.4762715903119","52.474199, 13.141735",33037,5704
"52.5101015962256, 13.4762715903119","52.5021802, 13.364582",9876,2693
"52.5101015962256, 13.4762715903119","52.5205791, 13.4089041",5816,1419
"52.5101015962256, 13.4762715903119","52.4986678, 13.3566505",11854,2901
"52.5101015962256, 13.4762715903119","52.520848, 13.4084747",5813,1417
"52.5101015962256, 13.4762715903119","52.49694, 13.4540533",4252,1691
"52.5101015962256, 13.4762715903119","52.4840199, 13.4053429",11276,2914
"52.5101015962256, 13.4762715903119","52.5049039, 13.4431471",3387,1536
"52.5101015962256, 13.4762715903119","52.524042, 13.402083",6369,1896
"52.5101015962256, 13.4762715903119","52.5071871, 13.390676",8178,2363
"52.5101015962256, 13.4762715903119","52.4583565, 13.2889441",20304,3441
"52.5101015962256, 13.4762715903119","52.5112074, 13.4169157",6561,2078
"52.5101015962256, 13.4762715903119","52.440493, 13.3911183",14867,2554
"52.5062733297466, 13.4537069236296","52.5075075, 13.3903737",7935,2178
"52.5062733297466, 13.4537069236296","52.5542753, 13.3785425",13436,3286
"52.5062733297466, 13.4537069236296","52.5063, 13.3840159",9130,2405
"52.5062733297466, 13.4537069236296","52.5206458, 13.2932877",15100,3360
"52.5062733297466, 13.4537069236296","52.5239216, 13.3888786",6579,1811
"52.5062733297466, 13.4537069236296","52.5168416, 13.3816742",7042,1864
"52.5062733297466, 13.4537069236296","52.5040556, 13.3379413",11850,2553
"52.5062733297466, 13.4537069236296","52.5090125, 13.3792937",8090,2104
"52.5062733297466, 13.4537069236296","52.4983661, 13.3605076",7573,2308
"52.5062733297466, 13.4537069236296","52.5478117, 13.3892456",8124,2057
"52.5062733297466, 13.4537069236296","52.5046782, 13.4490212",1066,912
"52.5062733297466, 13.4537069236296","52.5136642, 13.4727613",2275,1020
"52.5062733297466, 13.4537069236296","52.5016098, 13.381181",6319,1945
"52.5062733297466, 13.4537069236296","52.5214137, 13.4034811",5239,1442
"52.5062733297466, 13.4537069236296","52.5176913, 13.4419715",2281,1480
"52.5062733297466, 13.4537069236296","52.517699, 13.3970326",5647,1922
"52.5062733297466, 13.4537069236296","52.5303108, 13.3186121",15676,3164
"52.5062733297466, 13.4537069236296","52.5146378, 13.3905283",6939,2009
"52.5062733297466, 13.4537069236296","52.5145186, 13.487322",3250,1568
"52.5062733297466, 13.4537069236296","52.5170316, 13.4012274",5754,1936
"52.5062733297466, 13.4537069236296","52.5207714, 13.3889021",6252,1544
"52.5062733297466, 13.4537069236296","52.5027268, 13.4453492",1458,982
"52.5062733297466, 13.4537069236296","52.5284267, 13.3720175",8051,2007
"52.5062733297466, 13.4537069236296","52.5209131, 13.3871461",6176,1465
"52.5062733297466, 13.4537069236296","52.5304903, 13.3791152",8593,2669
"52.5062733297466, 13.4537069236296","52.4864896, 13.4217418",5117,1918
"52.5062733297466, 13.4537069236296","52.5215057, 13.4069139",4673,1442
"52.5062733297466, 13.4537069236296","52.5174377, 13.3898033",6570,1792
"52.5062733297466, 13.4537069236296","52.5111669, 13.4430356",1356,1118
"52.5062733297466, 13.4537069236296","52.5076615, 13.454537",337,272
"52.5062733297466, 13.4537069236296","52.5121441, 13.3083771",11634,2803
"52.5062733297466, 13.4537069236296","52.5087884, 13.378434",8082,2072
"52.5062733297466, 13.4537069236296","52.5019061, 13.3308361",11781,2491
"52.5062733297466, 13.4537069236296","52.5088651, 13.2707514",17909,3393
"52.5062733297466, 13.4537069236296","52.5264743, 13.39691",5888,1957
"52.5062733297466, 13.4537069236296","52.5106807, 13.419484",4086,1609
"52.5062733297466, 13.4537069236296","52.4602228, 13.5056519",9205,2259
"52.5062733297466, 13.4537069236296","52.474199, 13.141735",34955,6101
"52.5062733297466, 13.4537069236296","52.5021802, 13.364582",7462,2490
"52.5062733297466, 13.4537069236296","52.5205791, 13.4089041",4567,1334
"52.5062733297466, 13.4537069236296","52.4986678, 13.3566505",8388,2501
"52.5062733297466, 13.4537069236296","52.520848, 13.4084747",4570,1336
"52.5062733297466, 13.4537069236296","52.49694, 13.4540533",3332,1890
"52.5062733297466, 13.4537069236296","52.4840199, 13.4053429",9017,2869
"52.5062733297466, 13.4537069236296","52.5049039, 13.4431471",1413,1185
"52.5062733297466, 13.4537069236296","52.524042, 13.402083",5243,1439
"52.5062733297466, 13.4537069236296","52.5071871, 13.390676",7897,2148
"52.5062733297466, 13.4537069236296","52.4583565, 13.2889441",19384,3628
"52.5062733297466, 13.4537069236296","52.5112074, 13.4169157",3813,1383
"52.5062733297466, 13.4537069236296","52.440493, 13.3911183",13947,2753
"52.5045829729322, 13.4665298124518","52.5075075, 13.3903737",8597,1865
"52.5045829729322, 13.4665298124518","52.5542753, 13.3785425",10433,1938
"52.5045829729322, 13.4665298124518","52.5063, 13.3840159",9792,2080
"52.5045829729322, 13.4665298124518","52.5206458, 13.2932877",18891,2600
"52.5045829729322, 13.4665298124518","52.5239216, 13.3888786",7241,1486
"52.5045829729322, 13.4665298124518","52.5168416, 13.3816742",7704,1539
"52.5045829729322, 13.4665298124518","52.5040556, 13.3379413",12511,2228
"52.5045829729322, 13.4665298124518","52.5090125, 13.3792937",8752,1779
"52.5045829729322, 13.4665298124518","52.4983661, 13.3605076",15516,2577
"52.5045829729322, 13.4665298124518","52.5478117, 13.3892456",9473,1383
"52.5045829729322, 13.4665298124518","52.5046782, 13.4490212",1870,611
"52.5045829729322, 13.4665298124518","52.5136642, 13.4727613",2043,598
"52.5045829729322, 13.4665298124518","52.5016098, 13.381181",9490,1839
"52.5045829729322, 13.4665298124518","52.5214137, 13.4034811",5900,1117
"52.5045829729322, 13.4665298124518","52.5176913, 13.4419715",6628,1457
"52.5045829729322, 13.4665298124518","52.517699, 13.3970326",6533,1614
"52.5045829729322, 13.4665298124518","52.5303108, 13.3186121",14731,2396
"52.5045829729322, 13.4665298124518","52.5146378, 13.3905283",7601,1684
"52.5045829729322, 13.4665298124518","52.5145186, 13.487322",2642,1391
"52.5045829729322, 13.4665298124518","52.5170316, 13.4012274",6498,1615
"52.5045829729322, 13.4665298124518","52.5207714, 13.3889021",6914,1219
"52.5045829729322, 13.4665298124518","52.5027268, 13.4453492",2270,944
"52.5045829729322, 13.4665298124518","52.5284267, 13.3720175",8712,1682
"52.5045829729322, 13.4665298124518","52.5209131, 13.3871461",6838,1140
"52.5045829729322, 13.4665298124518","52.5304903, 13.3791152",9219,2010
"52.5045829729322, 13.4665298124518","52.4864896, 13.4217418",5778,1837
"52.5045829729322, 13.4665298124518","52.5215057, 13.4069139",5334,1117
"52.5045829729322, 13.4665298124518","52.5174377, 13.3898033",7232,1467
"52.5045829729322, 13.4665298124518","52.5111669, 13.4430356",2512,1112
"52.5045829729322, 13.4665298124518","52.5076615, 13.454537",901,733
"52.5045829729322, 13.4665298124518","52.5121441, 13.3083771",18658,2750
"52.5045829729322, 13.4665298124518","52.5087884, 13.378434",8744,1747
"52.5045829729322, 13.4665298124518","52.5019061, 13.3308361",12442,2166
"52.5045829729322, 13.4665298124518","52.5088651, 13.2707514",20524,3020
"52.5045829729322, 13.4665298124518","52.5264743, 13.39691",6549,1632
"52.5045829729322, 13.4665298124518","52.5106807, 13.419484",4747,1284
"52.5045829729322, 13.4665298124518","52.4602228, 13.5056519",8301,1417
"52.5045829729322, 13.4665298124518","52.474199, 13.141735",35441,5650
"52.5045829729322, 13.4665298124518","52.5021802, 13.364582",10001,2315
"52.5045829729322, 13.4665298124518","52.5205791, 13.4089041",5228,1009
"52.5045829729322, 13.4665298124518","52.4986678, 13.3566505",15750,2685
"52.5045829729322, 13.4665298124518","52.520848, 13.4084747",5231,1011
"52.5045829729322, 13.4665298124518","52.49694, 13.4540533",2387,1122
"52.5045829729322, 13.4665298124518","52.4840199, 13.4053429",7788,2133
"52.5045829729322, 13.4665298124518","52.5049039, 13.4431471",2273,931
"52.5045829729322, 13.4665298124518","52.524042, 13.402083",5904,1114
"52.5045829729322, 13.4665298124518","52.5071871, 13.390676",8559,1835
"52.5045829729322, 13.4665298124518","52.4583565, 13.2889441",18439,2860
"52.5045829729322, 13.4665298124518","52.5112074, 13.4169157",4474,1058
"52.5045829729322, 13.4665298124518","52.440493, 13.3911183",10449,2108
"52.5190015972731, 13.4603644696108","52.5075075, 13.3903737",6857,2279
"52.5190015972731, 13.4603644696108","52.5542753, 13.3785425",8165,2012
"52.5190015972731, 13.4603644696108","52.5063, 13.3840159",8307,2344
"52.5190015972731, 13.4603644696108","52.5206458, 13.2932877",16623,2674
"52.5190015972731, 13.4603644696108","52.5239216, 13.3888786",6259,1955
"52.5190015972731, 13.4603644696108","52.5168416, 13.3816742",6126,1445
"52.5190015972731, 13.4603644696108","52.5040556, 13.3379413",11373,2995
"52.5190015972731, 13.4603644696108","52.5090125, 13.3792937",7267,2043
"52.5190015972731, 13.4603644696108","52.4983661, 13.3605076",9679,2594
"52.5190015972731, 13.4603644696108","52.5478117, 13.3892456",7205,1457
"52.5190015972731, 13.4603644696108","52.5046782, 13.4490212",2406,1351
"52.5190015972731, 13.4603644696108","52.5136642, 13.4727613",2410,979
"52.5190015972731, 13.4603644696108","52.5016098, 13.381181",8005,2103
"52.5190015972731, 13.4603644696108","52.5214137, 13.4034811",4660,1493
"52.5190015972731, 13.4603644696108","52.5176913, 13.4419715",1617,889
"52.5190015972731, 13.4603644696108","52.517699, 13.3970326",4983,1331
"52.5190015972731, 13.4603644696108","52.5303108, 13.3186121",12464,2470
"52.5190015972731, 13.4603644696108","52.5146378, 13.3905283",5777,1518
"52.5190015972731, 13.4603644696108","52.5145186, 13.487322",3586,1410
"52.5190015972731, 13.4603644696108","52.5170316, 13.4012274",5090,1345
"52.5190015972731, 13.4603644696108","52.5207714, 13.3889021",5932,1688
"52.5190015972731, 13.4603644696108","52.5027268, 13.4453492",2688,1297
"52.5190015972731, 13.4603644696108","52.5284267, 13.3720175",7952,1953
"52.5190015972731, 13.4603644696108","52.5209131, 13.3871461",5990,1714
"52.5190015972731, 13.4603644696108","52.5304903, 13.3791152",7313,2210
"52.5190015972731, 13.4603644696108","52.4864896, 13.4217418",11180,2200
"52.5190015972731, 13.4603644696108","52.5215057, 13.4069139",4579,1430
"52.5190015972731, 13.4603644696108","52.5174377, 13.3898033",5554,1383
"52.5190015972731, 13.4603644696108","52.5111669, 13.4430356",2676,1514
"52.5190015972731, 13.4603644696108","52.5076615, 13.454537",2306,1227
"52.5190015972731, 13.4603644696108","52.5121441, 13.3083771",13740,3089
"52.5190015972731, 13.4603644696108","52.5087884, 13.378434",7472,2184
"52.5190015972731, 13.4603644696108","52.5019061, 13.3308361",14828,2844
"52.5190015972731, 13.4603644696108","52.5088651, 13.2707514",18011,3069
"52.5190015972731, 13.4603644696108","52.5264743, 13.39691",8012,2359
"52.5190015972731, 13.4603644696108","52.5106807, 13.419484",5366,2104
"52.5190015972731, 13.4603644696108","52.4602228, 13.5056519",11379,2528
"52.5190015972731, 13.4603644696108","52.474199, 13.141735",31677,5590
"52.5190015972731, 13.4603644696108","52.5021802, 13.364582",8516,2579
"52.5190015972731, 13.4603644696108","52.5205791, 13.4089041",4456,1305
"52.5190015972731, 13.4603644696108","52.4986678, 13.3566505",10494,2787
"52.5190015972731, 13.4603644696108","52.520848, 13.4084747",4453,1303
"52.5190015972731, 13.4603644696108","52.49694, 13.4540533",5397,1730
"52.5190015972731, 13.4603644696108","52.4840199, 13.4053429",12421,2959
"52.5190015972731, 13.4603644696108","52.5049039, 13.4431471",2952,1494
"52.5190015972731, 13.4603644696108","52.524042, 13.402083",5009,1782
"52.5190015972731, 13.4603644696108","52.5071871, 13.390676",6819,2249
"52.5190015972731, 13.4603644696108","52.4583565, 13.2889441",21449,3486
"52.5190015972731, 13.4603644696108","52.5112074, 13.4169157",5201,1964
"52.5190015972731, 13.4603644696108","52.440493, 13.3911183",16012,2593
"52.5173111169325, 13.4731899296749","52.5075075, 13.3903737",8037,2214
"52.5173111169325, 13.4731899296749","52.5542753, 13.3785425",9033,1844
"52.5173111169325, 13.4731899296749","52.5063, 13.3840159",9488,2279
"52.5173111169325, 13.4731899296749","52.5206458, 13.2932877",17491,2506
"52.5173111169325, 13.4731899296749","52.5239216, 13.3888786",7439,1890
"52.5173111169325, 13.4731899296749","52.5168416, 13.3816742",7307,1380
"52.5173111169325, 13.4731899296749","52.5040556, 13.3379413",21876,3169
"52.5173111169325, 13.4731899296749","52.5090125, 13.3792937",8448,1978
"52.5173111169325, 13.4731899296749","52.4983661, 13.3605076",10860,2529
"52.5173111169325, 13.4731899296749","52.5478117, 13.3892456",8073,1289
"52.5173111169325, 13.4731899296749","52.5046782, 13.4490212",3432,1099
"52.5173111169325, 13.4731899296749","52.5136642, 13.4727613",405,328
"52.5173111169325, 13.4731899296749","52.5016098, 13.381181",9186,2038
"52.5173111169325, 13.4731899296749","52.5214137, 13.4034811",5841,1428
"52.5173111169325, 13.4731899296749","52.5176913, 13.4419715",2798,824
"52.5173111169325, 13.4731899296749","52.517699, 13.3970326",6164,1266
"52.5173111169325, 13.4731899296749","52.5303108, 13.3186121",13331,2302
"52.5173111169325, 13.4731899296749","52.5146378, 13.3905283",6957,1453
"52.5173111169325, 13.4731899296749","52.5145186, 13.487322",1836,1016
"52.5173111169325, 13.4731899296749","52.5170316, 13.4012274",6271,1280
"52.5173111169325, 13.4731899296749","52.5207714, 13.3889021",7112,1623
"52.5173111169325, 13.4731899296749","52.5027268, 13.4453492",4218,1414
"52.5173111169325, 13.4731899296749","52.5284267, 13.3720175",9133,1888
"52.5173111169325, 13.4731899296749","52.5209131, 13.3871461",7170,1649
"52.5173111169325, 13.4731899296749","52.5304903, 13.3791152",9640,2209
"52.5173111169325, 13.4731899296749","52.4864896, 13.4217418",9146,1948
"52.5173111169325, 13.4731899296749","52.5215057, 13.4069139",5760,1365
"52.5173111169325, 13.4731899296749","52.5174377, 13.3898033",6734,1318
"52.5173111169325, 13.4731899296749","52.5111669, 13.4430356",3644,1520
"52.5173111169325, 13.4731899296749","52.5076615, 13.454537",2146,1001
"52.5173111169325, 13.4731899296749","52.5121441, 13.3083771",17258,2656
"52.5173111169325, 13.4731899296749","52.5087884, 13.378434",8653,2119
"52.5173111169325, 13.4731899296749","52.5019061, 13.3308361",15696,2676
"52.5173111169325, 13.4731899296749","52.5088651, 13.2707514",19124,2926
"52.5173111169325, 13.4731899296749","52.5264743, 13.39691",11890,2355
"52.5173111169325, 13.4731899296749","52.5106807, 13.419484",6547,2039
"52.5173111169325, 13.4731899296749","52.4602228, 13.5056519",8655,2385
"52.5173111169325, 13.4731899296749","52.474199, 13.141735",34041,5556
"52.5173111169325, 13.4731899296749","52.5021802, 13.364582",17731,2891
"52.5173111169325, 13.4731899296749","52.5205791, 13.4089041",5637,1240
"52.5173111169325, 13.4731899296749","52.4986678, 13.3566505",11675,2722
"52.5173111169325, 13.4731899296749","52.520848, 13.4084747",5634,1238
"52.5173111169325, 13.4731899296749","52.49694, 13.4540533",3853,1328
"52.5173111169325, 13.4731899296749","52.4840199, 13.4053429",10877,2539
"52.5173111169325, 13.4731899296749","52.5049039, 13.4431471",3835,1419
"52.5173111169325, 13.4731899296749","52.524042, 13.402083",6190,1717
"52.5173111169325, 13.4731899296749","52.5071871, 13.390676",7999,2184
"52.5173111169325, 13.4731899296749","52.4583565, 13.2889441",19905,3066
"52.5173111169325, 13.4731899296749","52.5112074, 13.4169157",6382,1899
"52.5173111169325, 13.4731899296749","52.440493, 13.3911183",14468,2179
"52.5134824332853, 13.4506232419178","52.5075075, 13.3903737",6663,2137
"52.5134824332853, 13.4506232419178","52.5542753, 13.3785425",8309,2336
"52.5134824332853, 13.4506232419178","52.5063, 13.3840159",8113,2202
"52.5134824332853, 13.4506232419178","52.5206458, 13.2932877",18261,3366
"52.5134824332853, 13.4506232419178","52.5239216, 13.3888786",6065,1813
"52.5134824332853, 13.4506232419178","52.5168416, 13.3816742",5932,1303
"52.5134824332853, 13.4506232419178","52.5040556, 13.3379413",11179,2853
"52.5134824332853, 13.4506232419178","52.5090125, 13.3792937",7073,1901
"52.5134824332853, 13.4506232419178","52.4983661, 13.3605076",9485,2452
"52.5134824332853, 13.4506232419178","52.5478117, 13.3892456",7399,2016
"52.5134824332853, 13.4506232419178","52.5046782, 13.4490212",1224,780
"52.5134824332853, 13.4506232419178","52.5136642, 13.4727613",2215,837
"52.5134824332853, 13.4506232419178","52.5016098, 13.381181",7811,1961
"52.5134824332853, 13.4506232419178","52.5214137, 13.4034811",4466,1351
"52.5134824332853, 13.4506232419178","52.5176913, 13.4419715",983,815
"52.5134824332853, 13.4506232419178","52.517699, 13.3970326",4789,1189
"52.5134824332853, 13.4506232419178","52.5303108, 13.3186121",12717,4081
"52.5134824332853, 13.4506232419178","52.5146378, 13.3905283",5583,1376
"52.5134824332853, 13.4506232419178","52.5145186, 13.487322",3391,1268
"52.5134824332853, 13.4506232419178","52.5170316, 13.4012274",4896,1203
"52.5134824332853, 13.4506232419178","52.5207714, 13.3889021",5738,1546
"52.5134824332853, 13.4506232419178","52.5027268, 13.4453492",1507,726
"52.5134824332853, 13.4506232419178","52.5284267, 13.3720175",7758,1811
"52.5134824332853, 13.4506232419178","52.5209131, 13.3871461",5796,1572
"52.5134824332853, 13.4506232419178","52.5304903, 13.3791152",7926,2304
"52.5134824332853, 13.4506232419178","52.4864896, 13.4217418",8362,2362
"52.5134824332853, 13.4506232419178","52.5215057, 13.4069139",4385,1288
"52.5134824332853, 13.4506232419178","52.5174377, 13.3898033",5360,1241
"52.5134824332853, 13.4506232419178","52.5111669, 13.4430356",837,686
"52.5134824332853, 13.4506232419178","52.5076615, 13.454537",1124,656
"52.5134824332853, 13.4506232419178","52.5121441, 13.3083771",13546,2947
"52.5134824332853, 13.4506232419178","52.5087884, 13.378434",7278,2042
"52.5134824332853, 13.4506232419178","52.5019061, 13.3308361",11943,2647
"52.5134824332853, 13.4506232419178","52.5088651, 13.2707514",16254,3437
"52.5134824332853, 13.4506232419178","52.5264743, 13.39691",7818,2217
"52.5134824332853, 13.4506232419178","52.5106807, 13.419484",5172,1962
"52.5134824332853, 13.4506232419178","52.4602228, 13.5056519",8570,2892
"52.5134824332853, 13.4506232419178","52.474199, 13.141735",31483,5448
"52.5134824332853, 13.4506232419178","52.5021802, 13.364582",8322,2437
"52.5134824332853, 13.4506232419178","52.5205791, 13.4089041",4262,1163
"52.5134824332853, 13.4506232419178","52.4986678, 13.3566505",10300,2645
"52.5134824332853, 13.4506232419178","52.520848, 13.4084747",4259,1161
"52.5134824332853, 13.4506232419178","52.49694, 13.4540533",2659,1702
"52.5134824332853, 13.4506232419178","52.4840199, 13.4053429",9990,3250
"52.5134824332853, 13.4506232419178","52.5049039, 13.4431471",1771,923
"52.5134824332853, 13.4506232419178","52.524042, 13.402083",4815,1640
"52.5134824332853, 13.4506232419178","52.5071871, 13.390676",6625,2107
"52.5134824332853, 13.4506232419178","52.4583565, 13.2889441",19322,4062
"52.5134824332853, 13.4506232419178","52.5112074, 13.4169157",5007,1822
"52.5134824332853, 13.4506232419178","52.440493, 13.3911183",14311,3145
"52.5067147380925, 13.5019196012619","52.5075075, 13.3903737",9892,2575
"52.5067147380925, 13.5019196012619","52.5542753, 13.3785425",11538,2774
"52.5067147380925, 13.5019196012619","52.5063, 13.3840159",12372,2675
"52.5067147380925, 13.5019196012619","52.5206458, 13.2932877",18341,3630
"52.5067147380925, 13.5019196012619","52.5239216, 13.3888786",9821,2081
"52.5067147380925, 13.5019196012619","52.5168416, 13.3816742",9161,1741
"52.5067147380925, 13.5019196012619","52.5040556, 13.3379413",15091,2823
"52.5067147380925, 13.5019196012619","52.5090125, 13.3792937",11332,2374
"52.5067147380925, 13.5019196012619","52.4983661, 13.3605076",12714,2890
"52.5067147380925, 13.5019196012619","52.5478117, 13.3892456",12155,2254
"52.5067147380925, 13.5019196012619","52.5046782, 13.4490212",4456,1206
"52.5067147380925, 13.5019196012619","52.5136642, 13.4727613",2512,899
"52.5067147380925, 13.5019196012619","52.5016098, 13.381181",12070,2434
"52.5067147380925, 13.5019196012619","52.5214137, 13.4034811",8480,1712
"52.5067147380925, 13.5019196012619","52.5176913, 13.4419715",4652,1185
"52.5067147380925, 13.5019196012619","52.517699, 13.3970326",8018,1627
"52.5067147380925, 13.5019196012619","52.5303108, 13.3186121",17413,3267
"52.5067147380925, 13.5019196012619","52.5146378, 13.3905283",8812,1814
"52.5067147380925, 13.5019196012619","52.5145186, 13.487322",2099,1166
"52.5067147380925, 13.5019196012619","52.5170316, 13.4012274",8125,1641
"52.5067147380925, 13.5019196012619","52.5207714, 13.3889021",9494,1814
"52.5067147380925, 13.5019196012619","52.5027268, 13.4453492",4856,1539
"52.5067147380925, 13.5019196012619","52.5284267, 13.3720175",10987,2249
"52.5067147380925, 13.5019196012619","52.5209131, 13.3871461",9418,1735
"52.5067147380925, 13.5019196012619","52.5304903, 13.3791152",11544,2570
"52.5067147380925, 13.5019196012619","52.4864896, 13.4217418",10008,2690
"52.5067147380925, 13.5019196012619","52.5215057, 13.4069139",7915,1712
"52.5067147380925, 13.5019196012619","52.5174377, 13.3898033",8589,1679
"52.5067147380925, 13.5019196012619","52.5111669, 13.4430356",5098,1707
"52.5067147380925, 13.5019196012619","52.5076615, 13.454537",4787,1442
"52.5067147380925, 13.5019196012619","52.5121441, 13.3083771",16775,3385
"52.5067147380925, 13.5019196012619","52.5087884, 13.378434",11324,2342
"52.5067147380925, 13.5019196012619","52.5019061, 13.3308361",15022,2761
"52.5067147380925, 13.5019196012619","52.5088651, 13.2707514",19483,3875
"52.5067147380925, 13.5019196012619","52.5264743, 13.39691",9129,2227
"52.5067147380925, 13.5019196012619","52.5106807, 13.419484",7328,1879
"52.5067147380925, 13.5019196012619","52.4602228, 13.5056519",10701,2080
"52.5067147380925, 13.5019196012619","52.474199, 13.141735",34059,6521
"52.5067147380925, 13.5019196012619","52.5021802, 13.364582",12486,2910
"52.5067147380925, 13.5019196012619","52.5205791, 13.4089041",7809,1604
"52.5067147380925, 13.5019196012619","52.4986678, 13.3566505",13529,3083
"52.5067147380925, 13.5019196012619","52.520848, 13.4084747",7812,1606
"52.5067147380925, 13.5019196012619","52.49694, 13.4540533",6600,2063
"52.5067147380925, 13.5019196012619","52.4840199, 13.4053429",12019,3106
"52.5067147380925, 13.5019196012619","52.5049039, 13.4431471",4861,1526
"52.5067147380925, 13.5019196012619","52.524042, 13.402083",8484,1709
"52.5067147380925, 13.5019196012619","52.5071871, 13.390676",9854,2545
"52.5067147380925, 13.5019196012619","52.4583565, 13.2889441",22401,4176
"52.5067147380925, 13.5019196012619","52.5112074, 13.4169157",7055,1653
"52.5067147380925, 13.5019196012619","52.440493, 13.3911183",12956,2920
"52.500752804509, 13.4439683275885","52.5075075, 13.3903737",4798,1486
"52.500752804509, 13.4439683275885","52.5542753, 13.3785425",8365,2022
"52.500752804509, 13.4439683275885","52.5063, 13.3840159",5380,1773
"52.500752804509, 13.4439683275885","52.5206458, 13.2932877",13437,2937
"52.500752804509, 13.4439683275885","52.5239216, 13.3888786",7040,1790
"52.500752804509, 13.4439683275885","52.5168416, 13.3816742",6913,2035
"52.500752804509, 13.4439683275885","52.5040556, 13.3379413",7657,1973
"52.500752804509, 13.4439683275885","52.5090125, 13.3792937",6067,1624
"52.500752804509, 13.4439683275885","52.4983661, 13.3605076",5963,1572
"52.500752804509, 13.4439683275885","52.5478117, 13.3892456",7455,1702
"52.500752804509, 13.4439683275885","52.5046782, 13.4490212",1162,495
"52.500752804509, 13.4439683275885","52.5136642, 13.4727613",4066,1608
"52.500752804509, 13.4439683275885","52.5016098, 13.381181",4710,1209
"52.500752804509, 13.4439683275885","52.5214137, 13.4034811",5576,1559
"52.500752804509, 13.4439683275885","52.5176913, 13.4419715",3798,1917
"52.500752804509, 13.4439683275885","52.517699, 13.3970326",5910,1821
"52.500752804509, 13.4439683275885","52.5303108, 13.3186121",12343,3133
"52.500752804509, 13.4439683275885","52.5146378, 13.3905283",6105,1700
"52.500752804509, 13.4439683275885","52.5145186, 13.487322",4833,2173
"52.500752804509, 13.4439683275885","52.5170316, 13.4012274",3753,2008
"52.500752804509, 13.4439683275885","52.5207714, 13.3889021",6358,1700
"52.500752804509, 13.4439683275885","52.5027268, 13.4453492",642,543
"52.500752804509, 13.4439683275885","52.5284267, 13.3720175",8778,2162
"52.500752804509, 13.4439683275885","52.5209131, 13.3871461",6513,1582
"52.500752804509, 13.4439683275885","52.5304903, 13.3791152",7954,2070
"52.500752804509, 13.4439683275885","52.4864896, 13.4217418",3508,1242
"52.500752804509, 13.4439683275885","52.5215057, 13.4069139",4097,1519
"52.500752804509, 13.4439683275885","52.5174377, 13.3898033",5967,1624
"52.500752804509, 13.4439683275885","52.5111669, 13.4430356",1852,1211
"52.500752804509, 13.4439683275885","52.5076615, 13.454537",1713,890
"52.500752804509, 13.4439683275885","52.5121441, 13.3083771",10024,2067
"52.500752804509, 13.4439683275885","52.5087884, 13.378434",5573,1728
"52.500752804509, 13.4439683275885","52.5019061, 13.3308361",8669,2258
"52.500752804509, 13.4439683275885","52.5088651, 13.2707514",12732,2557
"52.500752804509, 13.4439683275885","52.5264743, 13.39691",5292,1935
"52.500752804509, 13.4439683275885","52.5106807, 13.419484",2055,619
"52.500752804509, 13.4439683275885","52.4602228, 13.5056519",6978,1510
"52.500752804509, 13.4439683275885","52.474199, 13.141735",27763,5768
"52.500752804509, 13.4439683275885","52.5021802, 13.364582",5852,1754
"52.500752804509, 13.4439683275885","52.5205791, 13.4089041",3950,1379
"52.500752804509, 13.4439683275885","52.4986678, 13.3566505",6778,1765
"52.500752804509, 13.4439683275885","52.520848, 13.4084747",3953,1381
"52.500752804509, 13.4439683275885","52.49694, 13.4540533",1067,885
"52.500752804509, 13.4439683275885","52.4840199, 13.4053429",6570,2131
"52.500752804509, 13.4439683275885","52.5049039, 13.4431471",934,803
"52.500752804509, 13.4439683275885","52.524042, 13.402083",4723,1478
"52.500752804509, 13.4439683275885","52.5071871, 13.390676",4760,1456
"52.500752804509, 13.4439683275885","52.4583565, 13.2889441",14661,3320
"52.500752804509, 13.4439683275885","52.5112074, 13.4169157",2245,572
"52.500752804509, 13.4439683275885","52.440493, 13.3911183",10872,2265
"52.5028911110627, 13.4793526179054","52.5075075, 13.3903737",9852,2248
"52.5028911110627, 13.4793526179054","52.5542753, 13.3785425",10952,2447
"52.5028911110627, 13.4793526179054","52.5063, 13.3840159",11047,2313
"52.5028911110627, 13.4793526179054","52.5206458, 13.2932877",17016,3268
"52.5028911110627, 13.4793526179054","52.5239216, 13.3888786",8496,1719
"52.5028911110627, 13.4793526179054","52.5168416, 13.3816742",8959,1772
"52.5028911110627, 13.4793526179054","52.5040556, 13.3379413",13766,2461
"52.5028911110627, 13.4793526179054","52.5090125, 13.3792937",10007,2012
"52.5028911110627, 13.4793526179054","52.4983661, 13.3605076",9661,2563
"52.5028911110627, 13.4793526179054","52.5478117, 13.3892456",10008,1877
"52.5028911110627, 13.4793526179054","52.5046782, 13.4490212",3126,844
"52.5028911110627, 13.4793526179054","52.5136642, 13.4727613",2578,1092
"52.5028911110627, 13.4793526179054","52.5016098, 13.381181",10745,2072
"52.5028911110627, 13.4793526179054","52.5214137, 13.4034811",7156,1350
"52.5028911110627, 13.4793526179054","52.5176913, 13.4419715",3481,1393
"52.5028911110627, 13.4793526179054","52.517699, 13.3970326",7789,1847
"52.5028911110627, 13.4793526179054","52.5303108, 13.3186121",15266,2890
"52.5028911110627, 13.4793526179054","52.5146378, 13.3905283",8769,1951
"52.5028911110627, 13.4793526179054","52.5145186, 13.487322",5612,1594
"52.5028911110627, 13.4793526179054","52.5170316, 13.4012274",7754,1848
"52.5028911110627, 13.4793526179054","52.5207714, 13.3889021",8169,1452
"52.5028911110627, 13.4793526179054","52.5027268, 13.4453492",3526,1177
"52.5028911110627, 13.4793526179054","52.5284267, 13.3720175",9967,1915
"52.5028911110627, 13.4793526179054","52.5209131, 13.3871461",8093,1373
"52.5028911110627, 13.4793526179054","52.5304903, 13.3791152",10606,2740
"52.5028911110627, 13.4793526179054","52.4864896, 13.4217418",8724,2086
"52.5028911110627, 13.4793526179054","52.5215057, 13.4069139",6590,1350
"52.5028911110627, 13.4793526179054","52.5174377, 13.3898033",8487,1700
"52.5028911110627, 13.4793526179054","52.5111669, 13.4430356",3232,1171
"52.5028911110627, 13.4793526179054","52.5076615, 13.454537",3457,1080
"52.5028911110627, 13.4793526179054","52.5121441, 13.3083771",15337,3058
"52.5028911110627, 13.4793526179054","52.5087884, 13.378434",9999,1980
"52.5028911110627, 13.4793526179054","52.5019061, 13.3308361",13697,2399
"52.5028911110627, 13.4793526179054","52.5088651, 13.2707514",17817,3529
"52.5028911110627, 13.4793526179054","52.5264743, 13.39691",7805,1865
"52.5028911110627, 13.4793526179054","52.5106807, 13.419484",6003,1517
"52.5028911110627, 13.4793526179054","52.4602228, 13.5056519",8361,2226
"52.5028911110627, 13.4793526179054","52.474199, 13.141735",36567,6127
"52.5028911110627, 13.4793526179054","52.5021802, 13.364582",11161,2548
"52.5028911110627, 13.4793526179054","52.5205791, 13.4089041",6484,1242
"52.5028911110627, 13.4793526179054","52.4986678, 13.3566505",10476,2756
"52.5028911110627, 13.4793526179054","52.520848, 13.4084747",6487,1244
"52.5028911110627, 13.4793526179054","52.49694, 13.4540533",2940,1616
"52.5028911110627, 13.4793526179054","52.4840199, 13.4053429",8559,2332
"52.5028911110627, 13.4793526179054","52.5049039, 13.4431471",3529,1164
"52.5028911110627, 13.4793526179054","52.524042, 13.402083",7160,1347
"52.5028911110627, 13.4793526179054","52.5071871, 13.390676",9814,2218
"52.5028911110627, 13.4793526179054","52.4583565, 13.2889441",18992,3354
"52.5028911110627, 13.4793526179054","52.5112074, 13.4169157",5730,1291
"52.5028911110627, 13.4793526179054","52.440493, 13.3911183",13555,2479
"52.5011977440898, 13.4921753387067","52.5075075, 13.3903737",10112,2456
"52.5011977440898, 13.4921753387067","52.5542753, 13.3785425",11212,2655
"52.5011977440898, 13.4921753387067","52.5063, 13.3840159",11307,2521
"52.5011977440898, 13.4921753387067","52.5206458, 13.2932877",17276,3476
"52.5011977440898, 13.4921753387067","52.5239216, 13.3888786",8756,1927
"52.5011977440898, 13.4921753387067","52.5168416, 13.3816742",9219,1980
"52.5011977440898, 13.4921753387067","52.5040556, 13.3379413",14026,2669
"52.5011977440898, 13.4921753387067","52.5090125, 13.3792937",10267,2220
"52.5011977440898, 13.4921753387067","52.4983661, 13.3605076",9921,2771
"52.5011977440898, 13.4921753387067","52.5478117, 13.3892456",10301,2335
"52.5011977440898, 13.4921753387067","52.5046782, 13.4490212",3392,1052
"52.5011977440898, 13.4921753387067","52.5136642, 13.4727613",3299,1234
"52.5011977440898, 13.4921753387067","52.5016098, 13.381181",11005,2280
"52.5011977440898, 13.4921753387067","52.5214137, 13.4034811",7416,1558
"52.5011977440898, 13.4921753387067","52.5176913, 13.4419715",4738,1448
"52.5011977440898, 13.4921753387067","52.517699, 13.3970326",8518,2025
"52.5011977440898, 13.4921753387067","52.5303108, 13.3186121",16348,3113
"52.5011977440898, 13.4921753387067","52.5146378, 13.3905283",9029,2159
"52.5011977440898, 13.4921753387067","52.5145186, 13.487322",3948,1109
"52.5011977440898, 13.4921753387067","52.5170316, 13.4012274",8625,2039
"52.5011977440898, 13.4921753387067","52.5207714, 13.3889021",8429,1660
"52.5011977440898, 13.4921753387067","52.5027268, 13.4453492",3792,1385
"52.5011977440898, 13.4921753387067","52.5284267, 13.3720175",10227,2123
"52.5011977440898, 13.4921753387067","52.5209131, 13.3871461",8353,1581
"52.5011977440898, 13.4921753387067","52.5304903, 13.3791152",11863,2795
"52.5011977440898, 13.4921753387067","52.4864896, 13.4217418",7599,1993
"52.5011977440898, 13.4921753387067","52.5215057, 13.4069139",6850,1558
"52.5011977440898, 13.4921753387067","52.5174377, 13.3898033",8747,1908
"52.5011977440898, 13.4921753387067","52.5111669, 13.4430356",4489,1226
"52.5011977440898, 13.4921753387067","52.5076615, 13.454537",3865,1123
"52.5011977440898, 13.4921753387067","52.5121441, 13.3083771",15597,3266
"52.5011977440898, 13.4921753387067","52.5087884, 13.378434",10259,2188
"52.5011977440898, 13.4921753387067","52.5019061, 13.3308361",13957,2607
"52.5011977440898, 13.4921753387067","52.5088651, 13.2707514",18077,3737
"52.5011977440898, 13.4921753387067","52.5264743, 13.39691",8065,2073
"52.5011977440898, 13.4921753387067","52.5106807, 13.419484",6263,1725
"52.5011977440898, 13.4921753387067","52.4602228, 13.5056519",9637,2880
"52.5011977440898, 13.4921753387067","52.474199, 13.141735",32994,6367
"52.5011977440898, 13.4921753387067","52.5021802, 13.364582",11421,2756
"52.5011977440898, 13.4921753387067","52.5205791, 13.4089041",6744,1450
"52.5011977440898, 13.4921753387067","52.4986678, 13.3566505",10736,2964
"52.5011977440898, 13.4921753387067","52.520848, 13.4084747",6747,1452
"52.5011977440898, 13.4921753387067","52.49694, 13.4540533",4191,1366
"52.5011977440898, 13.4921753387067","52.4840199, 13.4053429",9610,2409
"52.5011977440898, 13.4921753387067","52.5049039, 13.4431471",3797,1372
"52.5011977440898, 13.4921753387067","52.524042, 13.402083",7420,1555
"52.5011977440898, 13.4921753387067","52.5071871, 13.390676",10074,2426
"52.5011977440898, 13.4921753387067","52.4583565, 13.2889441",21336,4022
"52.5011977440898, 13.4921753387067","52.5112074, 13.4169157",5990,1499
"52.5011977440898, 13.4921753387067","52.440493, 13.3911183",12719,2951
"52.5262094625562, 13.4572808481469","52.5075075, 13.3903737",17293,2697
"52.5262094625562, 13.4572808481469","52.5542753, 13.3785425",6922,1672
"52.5262094625562, 13.4572808481469","52.5063, 13.3840159",13740,2522
"52.5262094625562, 13.4572808481469","52.5206458, 13.2932877",15380,2334
"52.5262094625562, 13.4572808481469","52.5239216, 13.3888786",10452,1951
"52.5262094625562, 13.4572808481469","52.5168416, 13.3816742",11652,1981
"52.5262094625562, 13.4572808481469","52.5040556, 13.3379413",20757,3039
"52.5262094625562, 13.4572808481469","52.5090125, 13.3792937",12700,2221
"52.5262094625562, 13.4572808481469","52.4983661, 13.3605076",13378,2772
"52.5262094625562, 13.4572808481469","52.5478117, 13.3892456",5962,1117
"52.5262094625562, 13.4572808481469","52.5046782, 13.4490212",5683,1514
"52.5262094625562, 13.4572808481469","52.5136642, 13.4727613",2888,824
"52.5262094625562, 13.4572808481469","52.5016098, 13.381181",13438,2281
"52.5262094625562, 13.4572808481469","52.5214137, 13.4034811",5224,1769
"52.5262094625562, 13.4572808481469","52.5176913, 13.4419715",1732,1391
"52.5262094625562, 13.4572808481469","52.517699, 13.3970326",5400,2174
"52.5262094625562, 13.4572808481469","52.5303108, 13.3186121",11221,2130
"52.5262094625562, 13.4572808481469","52.5146378, 13.3905283",6390,1983
"52.5262094625562, 13.4572808481469","52.5145186, 13.487322",3856,1644
"52.5262094625562, 13.4572808481469","52.5170316, 13.4012274",5289,2113
"52.5262094625562, 13.4572808481469","52.5207714, 13.3889021",11033,1919
"52.5262094625562, 13.4572808481469","52.5027268, 13.4453492",3332,1564
"52.5262094625562, 13.4572808481469","52.5284267, 13.3720175",7662,2554
"52.5262094625562, 13.4572808481469","52.5209131, 13.3871461",10892,1796
"52.5262094625562, 13.4572808481469","52.5304903, 13.3791152",6705,2313
"52.5262094625562, 13.4572808481469","52.4864896, 13.4217418",11397,2213
"52.5262094625562, 13.4572808481469","52.5215057, 13.4069139",4726,1630
"52.5262094625562, 13.4572808481469","52.5174377, 13.3898033",6167,1848
"52.5262094625562, 13.4572808481469","52.5111669, 13.4430356",3320,1781
"52.5262094625562, 13.4572808481469","52.5076615, 13.454537",2950,1494
"52.5262094625562, 13.4572808481469","52.5121441, 13.3083771",15148,2484
"52.5262094625562, 13.4572808481469","52.5087884, 13.378434",12692,2189
"52.5262094625562, 13.4572808481469","52.5019061, 13.3308361",13585,2504
"52.5262094625562, 13.4572808481469","52.5088651, 13.2707514",17013,2754
"52.5262094625562, 13.4572808481469","52.5264743, 13.39691",10653,2117
"52.5262094625562, 13.4572808481469","52.5106807, 13.419484",5825,2312
"52.5262094625562, 13.4572808481469","52.4602228, 13.5056519",12097,2210
"52.5262094625562, 13.4572808481469","52.474199, 13.141735",31930,5384
"52.5262094625562, 13.4572808481469","52.5021802, 13.364582",13854,2757
"52.5262094625562, 13.4572808481469","52.5205791, 13.4089041",4346,1647
"52.5262094625562, 13.4572808481469","52.4986678, 13.3566505",14193,2965
"52.5262094625562, 13.4572808481469","52.520848, 13.4084747",4349,1649
"52.5262094625562, 13.4572808481469","52.49694, 13.4540533",6104,1593
"52.5262094625562, 13.4572808481469","52.4840199, 13.4053429",13128,2804
"52.5262094625562, 13.4572808481469","52.5049039, 13.4431471",3596,1761
"52.5262094625562, 13.4572808481469","52.524042, 13.402083",5321,1850
"52.5262094625562, 13.4572808481469","52.5071871, 13.390676",17255,2667
"52.5262094625562, 13.4572808481469","52.4583565, 13.2889441",22156,3331
"52.5262094625562, 13.4572808481469","52.5112074, 13.4169157",8300,2111
"52.5262094625562, 13.4572808481469","52.440493, 13.3911183",14166,2567
"52.5295845248992, 13.4316270266119","52.5075075, 13.3903737",4832,1495
"52.5295845248992, 13.4316270266119","52.5542753, 13.3785425",8566,2412
"52.5295845248992, 13.4316270266119","52.5063, 13.3840159",6197,2176
"52.5295845248992, 13.4316270266119","52.5206458, 13.2932877",12948,3627
"52.5295845248992, 13.4316270266119","52.5239216, 13.3888786",4033,1382
"52.5295845248992, 13.4316270266119","52.5168416, 13.3816742",4173,1775
"52.5295845248992, 13.4316270266119","52.5040556, 13.3379413",8976,2282
"52.5295845248992, 13.4316270266119","52.5090125, 13.3792937",5498,1598
"52.5295845248992, 13.4316270266119","52.4983661, 13.3605076",7501,2523
"52.5295845248992, 13.4316270266119","52.5478117, 13.3892456",5533,1822
"52.5295845248992, 13.4316270266119","52.5046782, 13.4490212",4440,1819
"52.5295845248992, 13.4316270266119","52.5136642, 13.4727613",4825,1849
"52.5295845248992, 13.4316270266119","52.5016098, 13.381181",6512,2131
"52.5295845248992, 13.4316270266119","52.5214137, 13.4034811",2601,960
"52.5295845248992, 13.4316270266119","52.5176913, 13.4419715",2498,1226
"52.5295845248992, 13.4316270266119","52.517699, 13.3970326",4010,1422
"52.5295845248992, 13.4316270266119","52.5303108, 13.3186121",10940,3070
"52.5295845248992, 13.4316270266119","52.5146378, 13.3905283",4272,1294
"52.5295845248992, 13.4316270266119","52.5145186, 13.487322",6001,2280
"52.5295845248992, 13.4316270266119","52.5170316, 13.4012274",3271,1044
"52.5295845248992, 13.4316270266119","52.5207714, 13.3889021",4626,1383
"52.5295845248992, 13.4316270266119","52.5027268, 13.4453492",4723,1765
"52.5295845248992, 13.4316270266119","52.5284267, 13.3720175",4971,1576
"52.5295845248992, 13.4316270266119","52.5209131, 13.3871461",4462,1310
"52.5295845248992, 13.4316270266119","52.5304903, 13.3791152",4686,1527
"52.5295845248992, 13.4316270266119","52.4864896, 13.4217418",7213,2175
"52.5295845248992, 13.4316270266119","52.5215057, 13.4069139",2234,623
"52.5295845248992, 13.4316270266119","52.5174377, 13.3898033",4555,1559
"52.5295845248992, 13.4316270266119","52.5111669, 13.4430356",3940,1497
"52.5295845248992, 13.4316270266119","52.5076615, 13.454537",4340,1695
"52.5295845248992, 13.4316270266119","52.5121441, 13.3083771",12105,2817
"52.5295845248992, 13.4316270266119","52.5087884, 13.378434",5546,1637
"52.5295845248992, 13.4316270266119","52.5019061, 13.3308361",9378,2643
"52.5295845248992, 13.4316270266119","52.5088651, 13.2707514",14813,3307
"52.5295845248992, 13.4316270266119","52.5264743, 13.39691",4669,2021
"52.5295845248992, 13.4316270266119","52.5106807, 13.419484",4508,1810
"52.5295845248992, 13.4316270266119","52.4602228, 13.5056519",11248,3202
"52.5295845248992, 13.4316270266119","52.474199, 13.141735",33077,5918
"52.5295845248992, 13.4316270266119","52.5021802, 13.364582",6740,2307
"52.5295845248992, 13.4316270266119","52.5205791, 13.4089041",2500,848
"52.5295845248992, 13.4316270266119","52.4986678, 13.3566505",9483,2567
"52.5295845248992, 13.4316270266119","52.520848, 13.4084747",2503,850
"52.5295845248992, 13.4316270266119","52.49694, 13.4540533",8942,2323
"52.5295845248992, 13.4316270266119","52.4840199, 13.4053429",8900,3344
"52.5295845248992, 13.4316270266119","52.5049039, 13.4431471",7327,2005
"52.5295845248992, 13.4316270266119","52.524042, 13.402083",3711,1433
"52.5295845248992, 13.4316270266119","52.5071871, 13.390676",4865,1520
"52.5295845248992, 13.4316270266119","52.4583565, 13.2889441",17008,4053
"52.5295845248992, 13.4316270266119","52.5112074, 13.4169157",4297,1634
"52.5295845248992, 13.4316270266119","52.440493, 13.3911183",12902,3015
"52.509649528405, 13.4280609010143","52.5075075, 13.3903737",4926,1519
"52.509649528405, 13.4280609010143","52.5542753, 13.3785425",7156,1989
"52.509649528405, 13.4280609010143","52.5063, 13.3840159",7099,2036
"52.509649528405, 13.4280609010143","52.5206458, 13.2932877",13596,2913
"52.509649528405, 13.4280609010143","52.5239216, 13.3888786",5189,1585
"52.509649528405, 13.4280609010143","52.5168416, 13.3816742",5372,1588
"52.509649528405, 13.4280609010143","52.5040556, 13.3379413",9388,2376
"52.509649528405, 13.4280609010143","52.5090125, 13.3792937",4666,1621
"52.509649528405, 13.4280609010143","52.4983661, 13.3605076",6829,1989
"52.509649528405, 13.4280609010143","52.5478117, 13.3892456",6246,1669
"52.509649528405, 13.4280609010143","52.5046782, 13.4490212",2119,967
"52.509649528405, 13.4280609010143","52.5136642, 13.4727613",4924,1554
"52.509649528405, 13.4280609010143","52.5016098, 13.381181",5856,1824
"52.509649528405, 13.4280609010143","52.5214137, 13.4034811",3849,1216
"52.509649528405, 13.4280609010143","52.5176913, 13.4419715",2287,1351
"52.509649528405, 13.4280609010143","52.517699, 13.3970326",4184,1260
"52.509649528405, 13.4280609010143","52.5303108, 13.3186121",14085,3169
"52.509649528405, 13.4280609010143","52.5146378, 13.3905283",3660,1946
"52.509649528405, 13.4280609010143","52.5145186, 13.487322",5540,1992
"52.509649528405, 13.4280609010143","52.5170316, 13.4012274",3871,1296
"52.509649528405, 13.4280609010143","52.5207714, 13.3889021",4862,1318
"52.509649528405, 13.4280609010143","52.5027268, 13.4453492",2055,893
"52.509649528405, 13.4280609010143","52.5284267, 13.3720175",6808,1587
"52.509649528405, 13.4280609010143","52.5209131, 13.3871461",4786,1239
"52.509649528405, 13.4280609010143","52.5304903, 13.3791152",7322,1948
"52.509649528405, 13.4280609010143","52.4864896, 13.4217418",4510,1505
"52.509649528405, 13.4280609010143","52.5215057, 13.4069139",3283,1216
"52.509649528405, 13.4280609010143","52.5174377, 13.3898033",4571,1349
"52.509649528405, 13.4280609010143","52.5111669, 13.4430356",2023,1206
"52.509649528405, 13.4280609010143","52.5076615, 13.454537",2464,1237
"52.509649528405, 13.4280609010143","52.5121441, 13.3083771",10890,2604
"52.509649528405, 13.4280609010143","52.5087884, 13.378434",4622,1699
"52.509649528405, 13.4280609010143","52.5019061, 13.3308361",10414,2206
"52.509649528405, 13.4280609010143","52.5088651, 13.2707514",13598,3094
"52.509649528405, 13.4280609010143","52.5264743, 13.39691",4498,1731
"52.509649528405, 13.4280609010143","52.5106807, 13.419484",1104,590
"52.509649528405, 13.4280609010143","52.4602228, 13.5056519",8373,1892
"52.509649528405, 13.4280609010143","52.474199, 13.141735",32953,5204
"52.509649528405, 13.4280609010143","52.5021802, 13.364582",7478,2340
"52.509649528405, 13.4280609010143","52.5205791, 13.4089041",3177,1108
"52.509649528405, 13.4280609010143","52.4986678, 13.3566505",7644,2302
"52.509649528405, 13.4280609010143","52.520848, 13.4084747",3180,1110
"52.509649528405, 13.4280609010143","52.49694, 13.4540533",2529,988
"52.509649528405, 13.4280609010143","52.4840199, 13.4053429",6071,2451
"52.509649528405, 13.4280609010143","52.5049039, 13.4431471",2059,887
"52.509649528405, 13.4280609010143","52.524042, 13.402083",3853,1213
"52.509649528405, 13.4280609010143","52.5071871, 13.390676",4888,1491
"52.509649528405, 13.4280609010143","52.4583565, 13.2889441",17769,3680
"52.509649528405, 13.4280609010143","52.5112074, 13.4169157",1294,543
"52.509649528405, 13.4280609010143","52.440493, 13.3911183",11409,2883
"52.5079621815546, 13.4408839527225","52.5075075, 13.3903737",6896,2093
"52.5079621815546, 13.4408839527225","52.5542753, 13.3785425",7906,2593
"52.5079621815546, 13.4408839527225","52.5063, 13.3840159",7588,2383
"52.5079621815546, 13.4408839527225","52.5206458, 13.2932877",13933,3271
"52.5079621815546, 13.4408839527225","52.5239216, 13.3888786",5413,1722
"52.5079621815546, 13.4408839527225","52.5168416, 13.3816742",6014,1653
"52.5079621815546, 13.4408839527225","52.5040556, 13.3379413",10683,2464
"52.5079621815546, 13.4408839527225","52.5090125, 13.3792937",6889,1805
"52.5079621815546, 13.4408839527225","52.4983661, 13.3605076",9168,2709
"52.5079621815546, 13.4408839527225","52.5478117, 13.3892456",6995,2273
"52.5079621815546, 13.4408839527225","52.5046782, 13.4490212",1977,696
"52.5079621815546, 13.4408839527225","52.5136642, 13.4727613",5140,1627
"52.5079621815546, 13.4408839527225","52.5016098, 13.381181",7662,2075
"52.5079621815546, 13.4408839527225","52.5214137, 13.4034811",4073,1353
"52.5079621815546, 13.4408839527225","52.5176913, 13.4419715",1853,1555
"52.5079621815546, 13.4408839527225","52.517699, 13.3970326",4826,1325
"52.5079621815546, 13.4408839527225","52.5303108, 13.3186121",17828,3425
"52.5079621815546, 13.4408839527225","52.5146378, 13.3905283",5495,1665
"52.5079621815546, 13.4408839527225","52.5145186, 13.487322",9834,2649
"52.5079621815546, 13.4408839527225","52.5170316, 13.4012274",4514,1361
"52.5079621815546, 13.4408839527225","52.5207714, 13.3889021",5086,1455
"52.5079621815546, 13.4408839527225","52.5027268, 13.4453492",900,738
"52.5079621815546, 13.4408839527225","52.5284267, 13.3720175",6884,1918
"52.5079621815546, 13.4408839527225","52.5209131, 13.3871461",5010,1376
"52.5079621815546, 13.4408839527225","52.5304903, 13.3791152",7396,2295
"52.5079621815546, 13.4408839527225","52.4864896, 13.4217418",6379,2019
"52.5079621815546, 13.4408839527225","52.5215057, 13.4069139",4020,1313
"52.5079621815546, 13.4408839527225","52.5174377, 13.3898033",5213,1414
"52.5079621815546, 13.4408839527225","52.5111669, 13.4430356",1499,1228
"52.5079621815546, 13.4408839527225","52.5076615, 13.454537",2358,970
"52.5079621815546, 13.4408839527225","52.5121441, 13.3083771",12020,2840
"52.5079621815546, 13.4408839527225","52.5087884, 13.378434",6937,1844
"52.5079621815546, 13.4408839527225","52.5019061, 13.3308361",10614,2402
"52.5079621815546, 13.4408839527225","52.5088651, 13.2707514",16742,3316
"52.5079621815546, 13.4408839527225","52.5264743, 13.39691",4722,1868
"52.5079621815546, 13.4408839527225","52.5106807, 13.419484",2553,1159
"52.5079621815546, 13.4408839527225","52.4602228, 13.5056519",8395,2585
"52.5079621815546, 13.4408839527225","52.474199, 13.141735",33789,5952
"52.5079621815546, 13.4408839527225","52.5021802, 13.364582",8102,2545
"52.5079621815546, 13.4408839527225","52.5205791, 13.4089041",3401,1245
"52.5079621815546, 13.4408839527225","52.4986678, 13.3566505",10503,2654
"52.5079621815546, 13.4408839527225","52.520848, 13.4084747",3404,1247
"52.5079621815546, 13.4408839527225","52.49694, 13.4540533",2204,1837
"52.5079621815546, 13.4408839527225","52.4840199, 13.4053429",9374,3186
"52.5079621815546, 13.4408839527225","52.5049039, 13.4431471",653,530
"52.5079621815546, 13.4408839527225","52.524042, 13.402083",4077,1350
"52.5079621815546, 13.4408839527225","52.5071871, 13.390676",6928,2121
"52.5079621815546, 13.4408839527225","52.4583565, 13.2889441",17993,3817
"52.5079621815546, 13.4408839527225","52.5112074, 13.4169157",2786,1170
"52.5079621815546, 13.4408839527225","52.440493, 13.3911183",14418,3049
"52.5041273757755, 13.4183247966199","52.5075075, 13.3903737",2309,804
"52.5041273757755, 13.4183247966199","52.5542753, 13.3785425",7662,1789
"52.5041273757755, 13.4183247966199","52.5063, 13.3840159",3391,1248
"52.5041273757755, 13.4183247966199","52.5206458, 13.2932877",16406,3051
"52.5041273757755, 13.4183247966199","52.5239216, 13.3888786",5574,1833
"52.5041273757755, 13.4183247966199","52.5168416, 13.3816742",5067,1563
"52.5041273757755, 13.4183247966199","52.5040556, 13.3379413",6770,1661
"52.5041273757755, 13.4183247966199","52.5090125, 13.3792937",3869,1736
"52.5041273757755, 13.4183247966199","52.4983661, 13.3605076",4903,1761
"52.5041273757755, 13.4183247966199","52.5478117, 13.3892456",6751,1469
"52.5041273757755, 13.4183247966199","52.5046782, 13.4490212",3198,1104
"52.5041273757755, 13.4183247966199","52.5136642, 13.4727613",7549,2090
"52.5041273757755, 13.4183247966199","52.5016098, 13.381181",3238,1109
"52.5041273757755, 13.4183247966199","52.5214137, 13.4034811",4414,1519
"52.5041273757755, 13.4183247966199","52.5176913, 13.4419715",5471,1880
"52.5041273757755, 13.4183247966199","52.517699, 13.3970326",4802,1721
"52.5041273757755, 13.4183247966199","52.5303108, 13.3186121",12246,2847
"52.5041273757755, 13.4183247966199","52.5146378, 13.3905283",3235,1766
"52.5041273757755, 13.4183247966199","52.5145186, 13.487322",8725,2521
"52.5041273757755, 13.4183247966199","52.5170316, 13.4012274",1995,1662
"52.5041273757755, 13.4183247966199","52.5207714, 13.3889021",5247,1566
"52.5041273757755, 13.4183247966199","52.5027268, 13.4453492",3586,1418
"52.5041273757755, 13.4183247966199","52.5284267, 13.3720175",6932,1840
"52.5041273757755, 13.4183247966199","52.5209131, 13.3871461",5194,1525
"52.5041273757755, 13.4183247966199","52.5304903, 13.3791152",7092,2289
"52.5041273757755, 13.4183247966199","52.4864896, 13.4217418",2412,1007
"52.5041273757755, 13.4183247966199","52.5215057, 13.4069139",3394,1286
"52.5041273757755, 13.4183247966199","52.5174377, 13.3898033",5188,1810
"52.5041273757755, 13.4183247966199","52.5111669, 13.4430356",3736,1643
"52.5041273757755, 13.4183247966199","52.5076615, 13.454537",3749,1499
"52.5041273757755, 13.4183247966199","52.5121441, 13.3083771",8964,2256
"52.5041273757755, 13.4183247966199","52.5087884, 13.378434",3825,1694
"52.5041273757755, 13.4183247966199","52.5019061, 13.3308361",7483,1956
"52.5041273757755, 13.4183247966199","52.5088651, 13.2707514",11672,2746
"52.5041273757755, 13.4183247966199","52.5264743, 13.39691",4588,1702
"52.5041273757755, 13.4183247966199","52.5106807, 13.419484",1839,905
"52.5041273757755, 13.4183247966199","52.4602228, 13.5056519",9282,2386
"52.5041273757755, 13.4183247966199","52.474199, 13.141735",31981,5501
"52.5041273757755, 13.4183247966199","52.5021802, 13.364582",4860,1625
"52.5041273757755, 13.4183247966199","52.5205791, 13.4089041",3247,1146
"52.5041273757755, 13.4183247966199","52.4986678, 13.3566505",5718,1954
"52.5041273757755, 13.4183247966199","52.520848, 13.4084747",3250,1148
"52.5041273757755, 13.4183247966199","52.49694, 13.4540533",3439,1482
"52.5041273757755, 13.4183247966199","52.4840199, 13.4053429",3850,2151
"52.5041273757755, 13.4183247966199","52.5049039, 13.4431471",3677,1472
"52.5041273757755, 13.4183247966199","52.524042, 13.402083",4019,1245
"52.5041273757755, 13.4183247966199","52.5071871, 13.390676",2271,776
"52.5041273757755, 13.4183247966199","52.4583565, 13.2889441",17080,3445
"52.5041273757755, 13.4183247966199","52.5112074, 13.4169157",1674,765
"52.5041273757755, 13.4183247966199","52.440493, 13.3911183",9053,2471
"52.502440842514, 13.4311466020092","52.5075075, 13.3903737",4222,1228
"52.502440842514, 13.4311466020092","52.5542753, 13.3785425",10080,2158
"52.502440842514, 13.4311466020092","52.5063, 13.3840159",5305,1672
"52.502440842514, 13.4311466020092","52.5206458, 13.2932877",11494,3195
"52.502440842514, 13.4311466020092","52.5239216, 13.3888786",6420,1785
"52.502440842514, 13.4311466020092","52.5168416, 13.3816742",6778,2001
"52.502440842514, 13.4311466020092","52.5040556, 13.3379413",8684,2085
"52.502440842514, 13.4311466020092","52.5090125, 13.3792937",6876,1770
"52.502440842514, 13.4311466020092","52.4983661, 13.3605076",7828,2119
"52.502440842514, 13.4311466020092","52.5478117, 13.3892456",9169,1838
"52.502440842514, 13.4311466020092","52.5046782, 13.4490212",2606,1053
"52.502440842514, 13.4311466020092","52.5136642, 13.4727613",5925,1757
"52.502440842514, 13.4311466020092","52.5016098, 13.381181",5152,1533
"52.502440842514, 13.4311466020092","52.5214137, 13.4034811",4858,1394
"52.502440842514, 13.4311466020092","52.5176913, 13.4419715",2811,1491
"52.502440842514, 13.4311466020092","52.517699, 13.3970326",5590,1673
"52.502440842514, 13.4311466020092","52.5303108, 13.3186121",14664,3216
"52.502440842514, 13.4311466020092","52.5146378, 13.3905283",6259,2013
"52.502440842514, 13.4311466020092","52.5145186, 13.487322",10618,2889
"52.502440842514, 13.4311466020092","52.5170316, 13.4012274",5277,1709
"52.502440842514, 13.4311466020092","52.5207714, 13.3889021",6093,1518
"52.502440842514, 13.4311466020092","52.5027268, 13.4453492",1593,871
"52.502440842514, 13.4311466020092","52.5284267, 13.3720175",7669,1959
"52.502440842514, 13.4311466020092","52.5209131, 13.3871461",5929,1445
"52.502440842514, 13.4311466020092","52.5304903, 13.3791152",8180,2535
"52.502440842514, 13.4311466020092","52.4864896, 13.4217418",3288,1482
"52.502440842514, 13.4311466020092","52.5215057, 13.4069139",4232,1430
"52.502440842514, 13.4311466020092","52.5174377, 13.3898033",5977,1762
"52.502440842514, 13.4311466020092","52.5111669, 13.4430356",2457,1164
"52.502440842514, 13.4311466020092","52.5076615, 13.454537",3157,1448
"52.502440842514, 13.4311466020092","52.5121441, 13.3083771",9712,2385
"52.502440842514, 13.4311466020092","52.5087884, 13.378434",6823,1728
"52.502440842514, 13.4311466020092","52.5019061, 13.3308361",9396,2380
"52.502440842514, 13.4311466020092","52.5088651, 13.2707514",12420,2875
"52.502440842514, 13.4311466020092","52.5264743, 13.39691",5507,1969
"52.502440842514, 13.4311466020092","52.5106807, 13.419484",1539,916
"52.502440842514, 13.4311466020092","52.4602228, 13.5056519",7984,1867
"52.502440842514, 13.4311466020092","52.474199, 13.141735",34574,6053
"52.502440842514, 13.4311466020092","52.5021802, 13.364582",6774,2049
"52.502440842514, 13.4311466020092","52.5205791, 13.4089041",4126,1322
"52.502440842514, 13.4311466020092","52.4986678, 13.3566505",8109,2369
"52.502440842514, 13.4311466020092","52.520848, 13.4084747",4129,1324
"52.502440842514, 13.4311466020092","52.49694, 13.4540533",2141,963
"52.502440842514, 13.4311466020092","52.4840199, 13.4053429",5367,2160
"52.502440842514, 13.4311466020092","52.5049039, 13.4431471",1885,1131
"52.502440842514, 13.4311466020092","52.524042, 13.402083",4862,1451
"52.502440842514, 13.4311466020092","52.5071871, 13.390676",4184,1200
"52.502440842514, 13.4311466020092","52.4583565, 13.2889441",14348,3638
"52.502440842514, 13.4311466020092","52.5112074, 13.4169157",1729,664
"52.502440842514, 13.4311466020092","52.440493, 13.3911183",10559,2583
"52.5113353703472, 13.4152377697887","52.5075075, 13.3903737",2417,1170
"52.5113353703472, 13.4152377697887","52.5542753, 13.3785425",6236,1266
"52.5113353703472, 13.4152377697887","52.5063, 13.3840159",3736,1611
"52.5113353703472, 13.4152377697887","52.5206458, 13.2932877",10958,2651
"52.5113353703472, 13.4152377697887","52.5239216, 13.3888786",3445,1056
"52.5113353703472, 13.4152377697887","52.5168416, 13.3816742",2922,1162
"52.5113353703472, 13.4152377697887","52.5040556, 13.3379413",6809,1747
"52.5113353703472, 13.4152377697887","52.5090125, 13.3792937",2953,978
"52.5113353703472, 13.4152377697887","52.4983661, 13.3605076",5116,1346
"52.5113353703472, 13.4152377697887","52.5478117, 13.3892456",5326,946
"52.5113353703472, 13.4152377697887","52.5046782, 13.4490212",3136,948
"52.5113353703472, 13.4152377697887","52.5136642, 13.4727613",6123,1567
"52.5113353703472, 13.4152377697887","52.5016098, 13.381181",4010,1397
"52.5113353703472, 13.4152377697887","52.5214137, 13.4034811",2597,902
"52.5113353703472, 13.4152377697887","52.5176913, 13.4419715",4045,1357
"52.5113353703472, 13.4152377697887","52.517699, 13.3970326",2133,964
"52.5113353703472, 13.4152377697887","52.5303108, 13.3186121",10821,2324
"52.5113353703472, 13.4152377697887","52.5146378, 13.3905283",2276,681
"52.5113353703472, 13.4152377697887","52.5145186, 13.487322",7299,1998
"52.5113353703472, 13.4152377697887","52.5170316, 13.4012274",1419,594
"52.5113353703472, 13.4152377697887","52.5207714, 13.3889021",2888,868
"52.5113353703472, 13.4152377697887","52.5027268, 13.4453492",3536,1282
"52.5113353703472, 13.4152377697887","52.5284267, 13.3720175",5016,1451
"52.5113353703472, 13.4152377697887","52.5209131, 13.3871461",2946,924
"52.5113353703472, 13.4152377697887","52.5304903, 13.3791152",5055,1525
"52.5113353703472, 13.4152377697887","52.4864896, 13.4217418",3590,782
"52.5113353703472, 13.4152377697887","52.5215057, 13.4069139",1968,763
"52.5113353703472, 13.4152377697887","52.5174377, 13.3898033",2508,815
"52.5113353703472, 13.4152377697887","52.5111669, 13.4430356",3791,1483
"52.5113353703472, 13.4152377697887","52.5076615, 13.454537",3481,1218
"52.5113353703472, 13.4152377697887","52.5121441, 13.3083771",9177,1841
"52.5113353703472, 13.4152377697887","52.5087884, 13.378434",2909,936
"52.5113353703472, 13.4152377697887","52.5019061, 13.3308361",7822,2032
"52.5113353703472, 13.4152377697887","52.5088651, 13.2707514",11885,2331
"52.5113353703472, 13.4152377697887","52.5264743, 13.39691",3163,1179
"52.5113353703472, 13.4152377697887","52.5106807, 13.419484",332,285
"52.5113353703472, 13.4152377697887","52.4602228, 13.5056519",9062,1914
"52.5113353703472, 13.4152377697887","52.474199, 13.141735",30556,4978
"52.5113353703472, 13.4152377697887","52.5021802, 13.364582",5504,1659
"52.5113353703472, 13.4152377697887","52.5205791, 13.4089041",1821,623
"52.5113353703472, 13.4152377697887","52.4986678, 13.3566505",5931,1539
"52.5113353703472, 13.4152377697887","52.520848, 13.4084747",1824,625
"52.5113353703472, 13.4152377697887","52.49694, 13.4540533",3218,1010
"52.5113353703472, 13.4152377697887","52.4840199, 13.4053429",5343,2093
"52.5113353703472, 13.4152377697887","52.5049039, 13.4431471",3548,1279
"52.5113353703472, 13.4152377697887","52.524042, 13.402083",2594,722
"52.5113353703472, 13.4152377697887","52.5071871, 13.390676",2449,1195
"52.5113353703472, 13.4152377697887","52.4583565, 13.2889441",16518,3366
"52.5113353703472, 13.4152377697887","52.5112074, 13.4169157",121,109
"52.5113353703472, 13.4152377697887","52.440493, 13.3911183",10231,2246
"52.4965180334601, 13.5788615067304","52.5075075, 13.3903737",22638,4082
"52.4965180334601, 13.5788615067304","52.5542753, 13.3785425",19218,4405
"52.4965180334601, 13.5788615067304","52.5063, 13.3840159",19022,4271
"52.4965180334601, 13.5788615067304","52.5206458, 13.2932877",30948,5033
"52.4965180334601, 13.5788615067304","52.5239216, 13.3888786",21282,3703
"52.4965180334601, 13.5788615067304","52.5168416, 13.3816742",16841,3372
"52.4965180334601, 13.5788615067304","52.5040556, 13.3379413",26552,4445
"52.4965180334601, 13.5788615067304","52.5090125, 13.3792937",17982,3970
"52.4965180334601, 13.5788615067304","52.4983661, 13.3605076",20394,4521
"52.4965180334601, 13.5788615067304","52.5478117, 13.3892456",21530,3816
"52.4965180334601, 13.5788615067304","52.5046782, 13.4490212",13840,2618
"52.4965180334601, 13.5788615067304","52.5136642, 13.4727613",10191,2530
"52.4965180334601, 13.5788615067304","52.5016098, 13.381181",18720,4030
"52.4965180334601, 13.5788615067304","52.5214137, 13.4034811",19941,3334
"52.4965180334601, 13.5788615067304","52.5176913, 13.4419715",12332,2816
"52.4965180334601, 13.5788615067304","52.517699, 13.3970326",15698,3258
"52.4965180334601, 13.5788615067304","52.5303108, 13.3186121",26788,4829
"52.4965180334601, 13.5788615067304","52.5146378, 13.3905283",16492,3445
"52.4965180334601, 13.5788615067304","52.5145186, 13.487322",9778,2797
"52.4965180334601, 13.5788615067304","52.5170316, 13.4012274",15805,3272
"52.4965180334601, 13.5788615067304","52.5207714, 13.3889021",20955,3436
"52.4965180334601, 13.5788615067304","52.5027268, 13.4453492",14240,2951
"52.4965180334601, 13.5788615067304","52.5284267, 13.3720175",18667,3880
"52.4965180334601, 13.5788615067304","52.5209131, 13.3871461",20879,3357
"52.4965180334601, 13.5788615067304","52.5304903, 13.3791152",19224,4201
"52.4965180334601, 13.5788615067304","52.4864896, 13.4217418",19271,4431
"52.4965180334601, 13.5788615067304","52.5215057, 13.4069139",15294,3357
"52.4965180334601, 13.5788615067304","52.5174377, 13.3898033",16269,3310
"52.4965180334601, 13.5788615067304","52.5111669, 13.4430356",14482,3119
"52.4965180334601, 13.5788615067304","52.5076615, 13.454537",14171,2854
"52.4965180334601, 13.5788615067304","52.5121441, 13.3083771",24455,5016
"52.4965180334601, 13.5788615067304","52.5087884, 13.378434",18187,4111
"52.4965180334601, 13.5788615067304","52.5019061, 13.3308361",26483,4383
"52.4965180334601, 13.5788615067304","52.5088651, 13.2707514",32611,5297
"52.4965180334601, 13.5788615067304","52.5264743, 13.39691",20590,3849
"52.4965180334601, 13.5788615067304","52.5106807, 13.419484",18788,3501
"52.4965180334601, 13.5788615067304","52.4602228, 13.5056519",12311,2604
"52.4965180334601, 13.5788615067304","52.474199, 13.141735",43431,7363
"52.4965180334601, 13.5788615067304","52.5021802, 13.364582",19136,4506
"52.4965180334601, 13.5788615067304","52.5205791, 13.4089041",15171,3232
"52.4965180334601, 13.5788615067304","52.4986678, 13.3566505",21209,4714
"52.4965180334601, 13.5788615067304","52.520848, 13.4084747",15168,3230
"52.4965180334601, 13.5788615067304","52.49694, 13.4540533",19012,3781
"52.4965180334601, 13.5788615067304","52.4840199, 13.4053429",18693,4929
"52.4965180334601, 13.5788615067304","52.5049039, 13.4431471",14243,2938
"52.4965180334601, 13.5788615067304","52.524042, 13.402083",19945,3331
"52.4965180334601, 13.5788615067304","52.5071871, 13.390676",22600,4052
"52.4965180334601, 13.5788615067304","52.4583565, 13.2889441",32561,5545
"52.4965180334601, 13.5788615067304","52.5112074, 13.4169157",18515,3275
"52.4965180334601, 13.5788615067304","52.440493, 13.3911183",27124,4490
"52.5075389626144, 13.5983706927464","52.5075075, 13.3903737",18430,3912
"52.5075389626144, 13.5983706927464","52.5542753, 13.3785425",20275,4111
"52.5075389626144, 13.5983706927464","52.5063, 13.3840159",19943,4162
"52.5075389626144, 13.5983706927464","52.5206458, 13.2932877",28733,4773
"52.5075389626144, 13.5983706927464","52.5239216, 13.3888786",17074,3533
"52.5075389626144, 13.5983706927464","52.5168416, 13.3816742",17762,3263
"52.5075389626144, 13.5983706927464","52.5040556, 13.3379413",22344,4275
"52.5075389626144, 13.5983706927464","52.5090125, 13.3792937",18903,3861
"52.5075389626144, 13.5983706927464","52.4983661, 13.3605076",21315,4412
"52.5075389626144, 13.5983706927464","52.5478117, 13.3892456",19315,3556
"52.5075389626144, 13.5983706927464","52.5046782, 13.4490212",11625,2358
"52.5075389626144, 13.5983706927464","52.5136642, 13.4727613",11112,2421
"52.5075389626144, 13.5983706927464","52.5016098, 13.381181",19641,3921
"52.5075389626144, 13.5983706927464","52.5214137, 13.4034811",15733,3164
"52.5075389626144, 13.5983706927464","52.5176913, 13.4419715",13253,2707
"52.5075389626144, 13.5983706927464","52.517699, 13.3970326",16619,3149
"52.5075389626144, 13.5983706927464","52.5303108, 13.3186121",24573,4569
"52.5075389626144, 13.5983706927464","52.5146378, 13.3905283",17413,3336
"52.5075389626144, 13.5983706927464","52.5145186, 13.487322",10699,2688
"52.5075389626144, 13.5983706927464","52.5170316, 13.4012274",16726,3163
"52.5075389626144, 13.5983706927464","52.5207714, 13.3889021",16747,3266
"52.5075389626144, 13.5983706927464","52.5027268, 13.4453492",12025,2691
"52.5075389626144, 13.5983706927464","52.5284267, 13.3720175",18545,3729
"52.5075389626144, 13.5983706927464","52.5209131, 13.3871461",16671,3187
"52.5075389626144, 13.5983706927464","52.5304903, 13.3791152",19142,4068
"52.5075389626144, 13.5983706927464","52.4864896, 13.4217418",17990,3927
"52.5075389626144, 13.5983706927464","52.5215057, 13.4069139",15167,3164
"52.5075389626144, 13.5983706927464","52.5174377, 13.3898033",17190,3201
"52.5075389626144, 13.5983706927464","52.5111669, 13.4430356",12267,2859
"52.5075389626144, 13.5983706927464","52.5076615, 13.454537",11956,2594
"52.5075389626144, 13.5983706927464","52.5121441, 13.3083771",23915,4722
"52.5075389626144, 13.5983706927464","52.5087884, 13.378434",19108,4002
"52.5075389626144, 13.5983706927464","52.5019061, 13.3308361",22275,4213
"52.5075389626144, 13.5983706927464","52.5088651, 13.2707514",28403,5127
"52.5075389626144, 13.5983706927464","52.5264743, 13.39691",16382,3679
"52.5075389626144, 13.5983706927464","52.5106807, 13.419484",14580,3331
"52.5075389626144, 13.5983706927464","52.4602228, 13.5056519",14464,3163
"52.5075389626144, 13.5983706927464","52.474199, 13.141735",48727,7832
"52.5075389626144, 13.5983706927464","52.5021802, 13.364582",20057,4397
"52.5075389626144, 13.5983706927464","52.5205791, 13.4089041",15061,3056
"52.5075389626144, 13.5983706927464","52.4986678, 13.3566505",22130,4605
"52.5075389626144, 13.5983706927464","52.520848, 13.4084747",15064,3058
"52.5075389626144, 13.5983706927464","52.49694, 13.4540533",12206,3457
"52.5075389626144, 13.5983706927464","52.4840199, 13.4053429",17622,5235
"52.5075389626144, 13.5983706927464","52.5049039, 13.4431471",12028,2678
"52.5075389626144, 13.5983706927464","52.524042, 13.402083",15737,3161
"52.5075389626144, 13.5983706927464","52.5071871, 13.390676",18392,3882
"52.5075389626144, 13.5983706927464","52.4583565, 13.2889441",28258,5375
"52.5075389626144, 13.5983706927464","52.5112074, 13.4169157",14307,3105
"52.5075389626144, 13.5983706927464","52.440493, 13.3911183",22821,4320
"52.5037330746079, 13.575790475795","52.5075075, 13.3903737",15809,3686
"52.5037330746079, 13.575790475795","52.5542753, 13.3785425",17455,3885
"52.5037330746079, 13.575790475795","52.5063, 13.3840159",17259,3751
"52.5037330746079, 13.575790475795","52.5206458, 13.2932877",27638,4647
"52.5037330746079, 13.575790475795","52.5239216, 13.3888786",15211,3362
"52.5037330746079, 13.575790475795","52.5168416, 13.3816742",15078,2852
"52.5037330746079, 13.575790475795","52.5040556, 13.3379413",21249,4149
"52.5037330746079, 13.575790475795","52.5090125, 13.3792937",16219,3450
"52.5037330746079, 13.575790475795","52.4983661, 13.3605076",18631,4001
"52.5037330746079, 13.575790475795","52.5478117, 13.3892456",18220,3430
"52.5037330746079, 13.575790475795","52.5046782, 13.4490212",10530,2232
"52.5037330746079, 13.575790475795","52.5136642, 13.4727613",8428,2010
"52.5037330746079, 13.575790475795","52.5016098, 13.381181",16957,3510
"52.5037330746079, 13.575790475795","52.5214137, 13.4034811",13612,2900
"52.5037330746079, 13.575790475795","52.5176913, 13.4419715",10569,2296
"52.5037330746079, 13.575790475795","52.517699, 13.3970326",13935,2738
"52.5037330746079, 13.575790475795","52.5303108, 13.3186121",23478,4443
"52.5037330746079, 13.575790475795","52.5146378, 13.3905283",14729,2925
"52.5037330746079, 13.575790475795","52.5145186, 13.487322",8015,2277
"52.5037330746079, 13.575790475795","52.5170316, 13.4012274",14042,2752
"52.5037330746079, 13.575790475795","52.5207714, 13.3889021",14884,3095
"52.5037330746079, 13.575790475795","52.5027268, 13.4453492",10930,2565
"52.5037330746079, 13.575790475795","52.5284267, 13.3720175",16904,3360
"52.5037330746079, 13.575790475795","52.5209131, 13.3871461",15576,3061
"52.5037330746079, 13.575790475795","52.5304903, 13.3791152",17411,3741
"52.5037330746079, 13.575790475795","52.4864896, 13.4217418",17508,3911
"52.5037330746079, 13.575790475795","52.5215057, 13.4069139",13531,2837
"52.5037330746079, 13.575790475795","52.5174377, 13.3898033",14506,2790
"52.5037330746079, 13.575790475795","52.5111669, 13.4430356",11172,2733
"52.5037330746079, 13.575790475795","52.5076615, 13.454537",10861,2468
"52.5037330746079, 13.575790475795","52.5121441, 13.3083771",22692,4496
"52.5037330746079, 13.575790475795","52.5087884, 13.378434",16424,3591
"52.5037330746079, 13.575790475795","52.5019061, 13.3308361",21180,4087
"52.5037330746079, 13.575790475795","52.5088651, 13.2707514",25400,4986
"52.5037330746079, 13.575790475795","52.5264743, 13.39691",15287,3553
"52.5037330746079, 13.575790475795","52.5106807, 13.419484",13485,3205
"52.5037330746079, 13.575790475795","52.4602228, 13.5056519",13444,2946
"52.5037330746079, 13.575790475795","52.474199, 13.141735",40712,6877
"52.5037330746079, 13.575790475795","52.5021802, 13.364582",17468,3986
"52.5037330746079, 13.575790475795","52.5205791, 13.4089041",13408,2712
"52.5037330746079, 13.575790475795","52.4986678, 13.3566505",19446,4194
"52.5037330746079, 13.575790475795","52.520848, 13.4084747",13405,2710
"52.5037330746079, 13.575790475795","52.49694, 13.4540533",11111,3331
"52.5037330746079, 13.575790475795","52.4840199, 13.4053429",16527,5109
"52.5037330746079, 13.575790475795","52.5049039, 13.4431471",10933,2552
"52.5037330746079, 13.575790475795","52.524042, 13.402083",14642,3035
"52.5037330746079, 13.575790475795","52.5071871, 13.390676",15771,3656
"52.5037330746079, 13.575790475795","52.4583565, 13.2889441",27163,5249
"52.5037330746079, 13.575790475795","52.5112074, 13.4169157",13212,2979
"52.5037330746079, 13.575790475795","52.440493, 13.3911183",21726,4194
"52.4888944015681, 13.5337180641634","52.5075075, 13.3903737",14288,3091
"52.4888944015681, 13.5337180641634","52.5542753, 13.3785425",15010,3398
"52.4888944015681, 13.5337180641634","52.5063, 13.3840159",14814,3264
"52.4888944015681, 13.5337180641634","52.5206458, 13.2932877",21452,4171
"52.4888944015681, 13.5337180641634","52.5239216, 13.3888786",12932,2712
"52.4888944015681, 13.5337180641634","52.5168416, 13.3816742",12633,2365
"52.4888944015681, 13.5337180641634","52.5040556, 13.3379413",18202,3454
"52.4888944015681, 13.5337180641634","52.5090125, 13.3792937",13774,2963
"52.4888944015681, 13.5337180641634","52.4983661, 13.3605076",16186,3514
"52.4888944015681, 13.5337180641634","52.5478117, 13.3892456",13715,2843
"52.4888944015681, 13.5337180641634","52.5046782, 13.4490212",7567,1837
"52.4888944015681, 13.5337180641634","52.5136642, 13.4727613",5983,1523
"52.4888944015681, 13.5337180641634","52.5016098, 13.381181",14512,3023
"52.4888944015681, 13.5337180641634","52.5214137, 13.4034811",11591,2343
"52.4888944015681, 13.5337180641634","52.5176913, 13.4419715",8124,1809
"52.4888944015681, 13.5337180641634","52.517699, 13.3970326",11490,2251
"52.4888944015681, 13.5337180641634","52.5303108, 13.3186121",18973,3856
"52.4888944015681, 13.5337180641634","52.5146378, 13.3905283",12283,2438
"52.4888944015681, 13.5337180641634","52.5145186, 13.487322",5570,1790
"52.4888944015681, 13.5337180641634","52.5170316, 13.4012274",11597,2265
"52.4888944015681, 13.5337180641634","52.5207714, 13.3889021",12605,2445
"52.4888944015681, 13.5337180641634","52.5027268, 13.4453492",7967,2170
"52.4888944015681, 13.5337180641634","52.5284267, 13.3720175",14459,2873
"52.4888944015681, 13.5337180641634","52.5209131, 13.3871461",12529,2366
"52.4888944015681, 13.5337180641634","52.5304903, 13.3791152",15016,3194
"52.4888944015681, 13.5337180641634","52.4864896, 13.4217418",11967,3506
"52.4888944015681, 13.5337180641634","52.5215057, 13.4069139",11086,2350
"52.4888944015681, 13.5337180641634","52.5174377, 13.3898033",12060,2303
"52.4888944015681, 13.5337180641634","52.5111669, 13.4430356",8209,2338
"52.4888944015681, 13.5337180641634","52.5076615, 13.454537",7898,2073
"52.4888944015681, 13.5337180641634","52.5121441, 13.3083771",20247,4009
"52.4888944015681, 13.5337180641634","52.5087884, 13.378434",13979,3104
"52.4888944015681, 13.5337180641634","52.5019061, 13.3308361",18133,3392
"52.4888944015681, 13.5337180641634","52.5088651, 13.2707514",22955,4499
"52.4888944015681, 13.5337180641634","52.5264743, 13.39691",12240,2858
"52.4888944015681, 13.5337180641634","52.5106807, 13.419484",10438,2510
"52.4888944015681, 13.5337180641634","52.4602228, 13.5056519",4915,1848
"52.4888944015681, 13.5337180641634","52.474199, 13.141735",41308,6882
"52.4888944015681, 13.5337180641634","52.5021802, 13.364582",14928,3499
"52.4888944015681, 13.5337180641634","52.5205791, 13.4089041",10963,2225
"52.4888944015681, 13.5337180641634","52.4986678, 13.3566505",17001,3707
"52.4888944015681, 13.5337180641634","52.520848, 13.4084747",10960,2223
"52.4888944015681, 13.5337180641634","52.49694, 13.4540533",8560,2879
"52.4888944015681, 13.5337180641634","52.4840199, 13.4053429",13978,3922
"52.4888944015681, 13.5337180641634","52.5049039, 13.4431471",7972,2157
"52.4888944015681, 13.5337180641634","52.524042, 13.402083",11595,2340
"52.4888944015681, 13.5337180641634","52.5071871, 13.390676",14250,3061
"52.4888944015681, 13.5337180641634","52.4583565, 13.2889441",27187,5430
"52.4888944015681, 13.5337180641634","52.5112074, 13.4169157",10165,2284
"52.4888944015681, 13.5337180641634","52.440493, 13.3911183",16221,3580
"52.4833784895778, 13.5239727130693","52.5075075, 13.3903737",13382,2367
"52.4833784895778, 13.5239727130693","52.5542753, 13.3785425",14481,2566
"52.4833784895778, 13.5239727130693","52.5063, 13.3840159",14580,2882
"52.4833784895778, 13.5239727130693","52.5206458, 13.2932877",20546,3447
"52.4833784895778, 13.5239727130693","52.5239216, 13.3888786",12026,1988
"52.4833784895778, 13.5239727130693","52.5168416, 13.3816742",12351,2221
"52.4833784895778, 13.5239727130693","52.5040556, 13.3379413",17296,2730
"52.4833784895778, 13.5239727130693","52.5090125, 13.3792937",13537,2581
"52.4833784895778, 13.5239727130693","52.4983661, 13.3605076",15885,3282
"52.4833784895778, 13.5239727130693","52.5478117, 13.3892456",13570,2246
"52.4833784895778, 13.5239727130693","52.5046782, 13.4490212",6661,1113
"52.4833784895778, 13.5239727130693","52.5136642, 13.4727613",6929,1382
"52.4833784895778, 13.5239727130693","52.5016098, 13.381181",14278,2641
"52.4833784895778, 13.5239727130693","52.5214137, 13.4034811",10685,1619
"52.4833784895778, 13.5239727130693","52.5176913, 13.4419715",8534,2057
"52.4833784895778, 13.5239727130693","52.517699, 13.3970326",11318,2116
"52.4833784895778, 13.5239727130693","52.5303108, 13.3186121",18145,3643
"52.4833784895778, 13.5239727130693","52.5146378, 13.3905283",12299,2220
"52.4833784895778, 13.5239727130693","52.5145186, 13.487322",5980,2038
"52.4833784895778, 13.5239727130693","52.5170316, 13.4012274",11283,2117
"52.4833784895778, 13.5239727130693","52.5207714, 13.3889021",11699,1721
"52.4833784895778, 13.5239727130693","52.5027268, 13.4453492",7061,1446
"52.4833784895778, 13.5239727130693","52.5284267, 13.3720175",13497,2184
"52.4833784895778, 13.5239727130693","52.5209131, 13.3871461",11623,1642
"52.4833784895778, 13.5239727130693","52.5304903, 13.3791152",14094,2523
"52.4833784895778, 13.5239727130693","52.4864896, 13.4217418",12959,2592
"52.4833784895778, 13.5239727130693","52.5215057, 13.4069139",10120,1619
"52.4833784895778, 13.5239727130693","52.5174377, 13.3898033",12017,1969
"52.4833784895778, 13.5239727130693","52.5111669, 13.4430356",7303,1614
"52.4833784895778, 13.5239727130693","52.5076615, 13.454537",6992,1349
"52.4833784895778, 13.5239727130693","52.5121441, 13.3083771",18867,3177
"52.4833784895778, 13.5239727130693","52.5087884, 13.378434",13529,2549
"52.4833784895778, 13.5239727130693","52.5019061, 13.3308361",17227,2668
"52.4833784895778, 13.5239727130693","52.5088651, 13.2707514",23355,3582
"52.4833784895778, 13.5239727130693","52.5264743, 13.39691",11334,2134
"52.4833784895778, 13.5239727130693","52.5106807, 13.419484",9532,1786
"52.4833784895778, 13.5239727130693","52.4602228, 13.5056519",3872,1326
"52.4833784895778, 13.5239727130693","52.474199, 13.141735",40402,6158
"52.4833784895778, 13.5239727130693","52.5021802, 13.364582",17140,3267
"52.4833784895778, 13.5239727130693","52.5205791, 13.4089041",10014,1511
"52.4833784895778, 13.5239727130693","52.4986678, 13.3566505",18800,3423
"52.4833784895778, 13.5239727130693","52.520848, 13.4084747",10017,1513
"52.4833784895778, 13.5239727130693","52.49694, 13.4540533",7253,1912
"52.4833784895778, 13.5239727130693","52.4840199, 13.4053429",12668,3090
"52.4833784895778, 13.5239727130693","52.5049039, 13.4431471",7066,1433
"52.4833784895778, 13.5239727130693","52.524042, 13.402083",10689,1616
"52.4833784895778, 13.5239727130693","52.5071871, 13.390676",13344,2337
"52.4833784895778, 13.5239727130693","52.4583565, 13.2889441",24606,4533
"52.4833784895778, 13.5239727130693","52.5112074, 13.4169157",9259,1560
"52.4833784895778, 13.5239727130693","52.440493, 13.3911183",21031,3375
"52.5160481407897, 13.5342402918017","52.5075075, 13.3903737",13425,3267
"52.5160481407897, 13.5342402918017","52.5542753, 13.3785425",14524,3466
"52.5160481407897, 13.5342402918017","52.5063, 13.3840159",14620,3332
"52.5160481407897, 13.5342402918017","52.5206458, 13.2932877",20589,4347
"52.5160481407897, 13.5342402918017","52.5239216, 13.3888786",12069,2738
"52.5160481407897, 13.5342402918017","52.5168416, 13.3816742",14107,3188
"52.5160481407897, 13.5342402918017","52.5040556, 13.3379413",17339,3480
"52.5160481407897, 13.5342402918017","52.5090125, 13.3792937",13580,3031
"52.5160481407897, 13.5342402918017","52.4983661, 13.3605076",19604,4662
"52.5160481407897, 13.5342402918017","52.5478117, 13.3892456",14402,2911
"52.5160481407897, 13.5342402918017","52.5046782, 13.4490212",6829,1868
"52.5160481407897, 13.5342402918017","52.5136642, 13.4727613",7457,2346
"52.5160481407897, 13.5342402918017","52.5016098, 13.381181",14318,3091
"52.5160481407897, 13.5342402918017","52.5214137, 13.4034811",10728,2369
"52.5160481407897, 13.5342402918017","52.5176913, 13.4419715",9598,2632
"52.5160481407897, 13.5342402918017","52.517699, 13.3970326",12964,3074
"52.5160481407897, 13.5342402918017","52.5303108, 13.3186121",19660,3924
"52.5160481407897, 13.5342402918017","52.5146378, 13.3905283",13758,3261
"52.5160481407897, 13.5342402918017","52.5145186, 13.487322",7045,2613
"52.5160481407897, 13.5342402918017","52.5170316, 13.4012274",13071,3088
"52.5160481407897, 13.5342402918017","52.5207714, 13.3889021",11742,2471
"52.5160481407897, 13.5342402918017","52.5027268, 13.4453492",10548,2633
"52.5160481407897, 13.5342402918017","52.5284267, 13.3720175",13540,2934
"52.5160481407897, 13.5342402918017","52.5209131, 13.3871461",11666,2392
"52.5160481407897, 13.5342402918017","52.5304903, 13.3791152",14222,3447
"52.5160481407897, 13.5342402918017","52.4864896, 13.4217418",13668,3129
"52.5160481407897, 13.5342402918017","52.5215057, 13.4069139",10162,2369
"52.5160481407897, 13.5342402918017","52.5174377, 13.3898033",13535,3126
"52.5160481407897, 13.5342402918017","52.5111669, 13.4430356",10845,2786
"52.5160481407897, 13.5342402918017","52.5076615, 13.454537",7160,2104
"52.5160481407897, 13.5342402918017","52.5121441, 13.3083771",18910,4077
"52.5160481407897, 13.5342402918017","52.5087884, 13.378434",13572,2999
"52.5160481407897, 13.5342402918017","52.5019061, 13.3308361",17270,3418
"52.5160481407897, 13.5342402918017","52.5088651, 13.2707514",21910,4548
"52.5160481407897, 13.5342402918017","52.5264743, 13.39691",11377,2884
"52.5160481407897, 13.5342402918017","52.5106807, 13.419484",9575,2536
"52.5160481407897, 13.5342402918017","52.4602228, 13.5056519",10443,3000
"52.5160481407897, 13.5342402918017","52.474199, 13.141735",37335,6458
"52.5160481407897, 13.5342402918017","52.5021802, 13.364582",14829,3567
"52.5160481407897, 13.5342402918017","52.5205791, 13.4089041",10056,2261
"52.5160481407897, 13.5342402918017","52.4986678, 13.3566505",20013,4590
"52.5160481407897, 13.5342402918017","52.520848, 13.4084747",10059,2263
"52.5160481407897, 13.5342402918017","52.49694, 13.4540533",10261,2502
"52.5160481407897, 13.5342402918017","52.4840199, 13.4053429",15680,3545
"52.5160481407897, 13.5342402918017","52.5049039, 13.4431471",7232,2188
"52.5160481407897, 13.5342402918017","52.524042, 13.402083",10732,2366
"52.5160481407897, 13.5342402918017","52.5071871, 13.390676",13387,3237
"52.5160481407897, 13.5342402918017","52.4583565, 13.2889441",26565,4885
"52.5160481407897, 13.5342402918017","52.5112074, 13.4169157",9302,2310
"52.5160481407897, 13.5342402918017","52.440493, 13.3911183",21128,3830
"52.5232591845045, 13.5311640079478","52.5075075, 13.3903737",15718,3242
"52.5232591845045, 13.5311640079478","52.5542753, 13.3785425",16817,3441
"52.5232591845045, 13.5311640079478","52.5063, 13.3840159",16913,3307
"52.5232591845045, 13.5311640079478","52.5206458, 13.2932877",20822,4090
"52.5232591845045, 13.5311640079478","52.5239216, 13.3888786",14362,2713
"52.5232591845045, 13.5311640079478","52.5168416, 13.3816742",14537,3105
"52.5232591845045, 13.5311640079478","52.5040556, 13.3379413",19632,3455
"52.5232591845045, 13.5311640079478","52.5090125, 13.3792937",15873,3006
"52.5232591845045, 13.5311640079478","52.4983661, 13.3605076",16087,4144
"52.5232591845045, 13.5311640079478","52.5478117, 13.3892456",11404,2873
"52.5232591845045, 13.5311640079478","52.5046782, 13.4490212",7259,1785
"52.5232591845045, 13.5311640079478","52.5136642, 13.4727613",7887,2263
"52.5232591845045, 13.5311640079478","52.5016098, 13.381181",16611,3066
"52.5232591845045, 13.5311640079478","52.5214137, 13.4034811",13021,2344
"52.5232591845045, 13.5311640079478","52.5176913, 13.4419715",10028,2549
"52.5232591845045, 13.5311640079478","52.517699, 13.3970326",13394,2991
"52.5232591845045, 13.5311640079478","52.5303108, 13.3186121",16663,3886
"52.5232591845045, 13.5311640079478","52.5146378, 13.3905283",14188,3178
"52.5232591845045, 13.5311640079478","52.5145186, 13.487322",7475,2530
"52.5232591845045, 13.5311640079478","52.5170316, 13.4012274",13501,3005
"52.5232591845045, 13.5311640079478","52.5207714, 13.3889021",14035,2446
"52.5232591845045, 13.5311640079478","52.5027268, 13.4453492",10978,2550
"52.5232591845045, 13.5311640079478","52.5284267, 13.3720175",12568,3269
"52.5232591845045, 13.5311640079478","52.5209131, 13.3871461",13959,2367
"52.5232591845045, 13.5311640079478","52.5304903, 13.3791152",11611,3028
"52.5232591845045, 13.5311640079478","52.4864896, 13.4217418",14099,3046
"52.5232591845045, 13.5311640079478","52.5215057, 13.4069139",12456,2344
"52.5232591845045, 13.5311640079478","52.5174377, 13.3898033",14353,2694
"52.5232591845045, 13.5311640079478","52.5111669, 13.4430356",11275,2703
"52.5232591845045, 13.5311640079478","52.5076615, 13.454537",7590,2021
"52.5232591845045, 13.5311640079478","52.5121441, 13.3083771",21203,4052
"52.5232591845045, 13.5311640079478","52.5087884, 13.378434",15865,2974
"52.5232591845045, 13.5311640079478","52.5019061, 13.3308361",19563,3393
"52.5232591845045, 13.5311640079478","52.5088651, 13.2707514",24203,4523
"52.5232591845045, 13.5311640079478","52.5264743, 13.39691",13670,2859
"52.5232591845045, 13.5311640079478","52.5106807, 13.419484",11868,2511
"52.5232591845045, 13.5311640079478","52.4602228, 13.5056519",10874,2917
"52.5232591845045, 13.5311640079478","52.474199, 13.141735",39628,6433
"52.5232591845045, 13.5311640079478","52.5021802, 13.364582",16323,4129
"52.5232591845045, 13.5311640079478","52.5205791, 13.4089041",12350,2236
"52.5232591845045, 13.5311640079478","52.4986678, 13.3566505",16903,4337
"52.5232591845045, 13.5311640079478","52.520848, 13.4084747",12353,2238
"52.5232591845045, 13.5311640079478","52.49694, 13.4540533",10691,2419
"52.5232591845045, 13.5311640079478","52.4840199, 13.4053429",16110,3462
"52.5232591845045, 13.5311640079478","52.5049039, 13.4431471",7662,2105
"52.5232591845045, 13.5311640079478","52.524042, 13.402083",13025,2341
"52.5232591845045, 13.5311640079478","52.5071871, 13.390676",15680,3212
"52.5232591845045, 13.5311640079478","52.4583565, 13.2889441",26995,4802
"52.5232591845045, 13.5311640079478","52.5112074, 13.4169157",11595,2285
"52.5232591845045, 13.5311640079478","52.440493, 13.3911183",21558,3747
"52.5050190510038, 13.5147434769852","52.5075075, 13.3903737",10485,2276
"52.5050190510038, 13.5147434769852","52.5542753, 13.3785425",12131,2475
"52.5050190510038, 13.5147434769852","52.5063, 13.3840159",11935,2341
"52.5050190510038, 13.5147434769852","52.5206458, 13.2932877",20254,3137
"52.5050190510038, 13.5147434769852","52.5239216, 13.3888786",9887,2012
"52.5050190510038, 13.5147434769852","52.5168416, 13.3816742",9754,1502
"52.5050190510038, 13.5147434769852","52.5040556, 13.3379413",14755,3031
"52.5050190510038, 13.5147434769852","52.5090125, 13.3792937",10895,2040
"52.5050190510038, 13.5147434769852","52.4983661, 13.3605076",13307,2591
"52.5050190510038, 13.5147434769852","52.5478117, 13.3892456",10836,1920
"52.5050190510038, 13.5147434769852","52.5046782, 13.4490212",5276,1172
"52.5050190510038, 13.5147434769852","52.5136642, 13.4727613",3104,660
"52.5050190510038, 13.5147434769852","52.5016098, 13.381181",11633,2100
"52.5050190510038, 13.5147434769852","52.5214137, 13.4034811",8288,1550
"52.5050190510038, 13.5147434769852","52.5176913, 13.4419715",5245,946
"52.5050190510038, 13.5147434769852","52.517699, 13.3970326",8611,1388
"52.5050190510038, 13.5147434769852","52.5303108, 13.3186121",16094,2933
"52.5050190510038, 13.5147434769852","52.5146378, 13.3905283",9405,1575
"52.5050190510038, 13.5147434769852","52.5145186, 13.487322",2692,927
"52.5050190510038, 13.5147434769852","52.5170316, 13.4012274",8718,1402
"52.5050190510038, 13.5147434769852","52.5207714, 13.3889021",9560,1745
"52.5050190510038, 13.5147434769852","52.5027268, 13.4453492",5676,1505
"52.5050190510038, 13.5147434769852","52.5284267, 13.3720175",11580,2010
"52.5050190510038, 13.5147434769852","52.5209131, 13.3871461",9618,1771
"52.5050190510038, 13.5147434769852","52.5304903, 13.3791152",12087,2331
"52.5050190510038, 13.5147434769852","52.4864896, 13.4217418",12184,2501
"52.5050190510038, 13.5147434769852","52.5215057, 13.4069139",8207,1487
"52.5050190510038, 13.5147434769852","52.5174377, 13.3898033",9182,1440
"52.5050190510038, 13.5147434769852","52.5111669, 13.4430356",6091,1642
"52.5050190510038, 13.5147434769852","52.5076615, 13.454537",5607,1408
"52.5050190510038, 13.5147434769852","52.5121441, 13.3083771",17368,3086
"52.5050190510038, 13.5147434769852","52.5087884, 13.378434",11100,2181
"52.5050190510038, 13.5147434769852","52.5019061, 13.3308361",15856,2937
"52.5050190510038, 13.5147434769852","52.5088651, 13.2707514",20076,3576
"52.5050190510038, 13.5147434769852","52.5264743, 13.39691",11640,2356
"52.5050190510038, 13.5147434769852","52.5106807, 13.419484",8994,2101
"52.5050190510038, 13.5147434769852","52.4602228, 13.5056519",6852,2098
"52.5050190510038, 13.5147434769852","52.474199, 13.141735",35388,5527
"52.5050190510038, 13.5147434769852","52.5021802, 13.364582",12144,2576
"52.5050190510038, 13.5147434769852","52.5205791, 13.4089041",8084,1362
"52.5050190510038, 13.5147434769852","52.4986678, 13.3566505",14122,2784
"52.5050190510038, 13.5147434769852","52.520848, 13.4084747",8081,1360
"52.5050190510038, 13.5147434769852","52.49694, 13.4540533",6041,1602
"52.5050190510038, 13.5147434769852","52.4840199, 13.4053429",11460,2645
"52.5050190510038, 13.5147434769852","52.5049039, 13.4431471",5679,1492
"52.5050190510038, 13.5147434769852","52.524042, 13.402083",9299,1885
"52.5050190510038, 13.5147434769852","52.5071871, 13.390676",10447,2246
"52.5050190510038, 13.5147434769852","52.4583565, 13.2889441",23235,4442
"52.5050190510038, 13.5147434769852","52.5112074, 13.4169157",8829,1961
"52.5050190510038, 13.5147434769852","52.440493, 13.3911183",18133,3284
"52.5567167945714, 13.4321078431061","52.5075075, 13.3903737",8988,2832
"52.5567167945714, 13.4321078431061","52.5542753, 13.3785425",4965,1566
"52.5567167945714, 13.4321078431061","52.5063, 13.3840159",10091,2897
"52.5567167945714, 13.4321078431061","52.5206458, 13.2932877",14329,2955
"52.5567167945714, 13.4321078431061","52.5239216, 13.3888786",6632,2418
"52.5567167945714, 13.4321078431061","52.5168416, 13.3816742",8003,2356
"52.5567167945714, 13.4321078431061","52.5040556, 13.3379413",12474,3057
"52.5567167945714, 13.4321078431061","52.5090125, 13.3792937",8801,2641
"52.5567167945714, 13.4321078431061","52.4983661, 13.3605076",10964,3009
"52.5567167945714, 13.4321078431061","52.5478117, 13.3892456",4911,1738
"52.5567167945714, 13.4321078431061","52.5046782, 13.4490212",8531,2232
"52.5567167945714, 13.4321078431061","52.5136642, 13.4727613",7974,2207
"52.5567167945714, 13.4321078431061","52.5016098, 13.381181",9789,2656
"52.5567167945714, 13.4321078431061","52.5214137, 13.4034811",5261,1729
"52.5567167945714, 13.4321078431061","52.5176913, 13.4419715",7484,2384
"52.5567167945714, 13.4321078431061","52.517699, 13.3970326",6963,2225
"52.5567167945714, 13.4321078431061","52.5303108, 13.3186121",12330,2772
"52.5567167945714, 13.4321078431061","52.5146378, 13.3905283",7063,2533
"52.5567167945714, 13.4321078431061","52.5145186, 13.487322",7832,2366
"52.5567167945714, 13.4321078431061","52.5170316, 13.4012274",6377,2360
"52.5567167945714, 13.4321078431061","52.5207714, 13.3889021",6877,2048
"52.5567167945714, 13.4321078431061","52.5027268, 13.4453492",7821,2510
"52.5567167945714, 13.4321078431061","52.5284267, 13.3720175",7006,2152
"52.5567167945714, 13.4321078431061","52.5209131, 13.3871461",6801,1969
"52.5567167945714, 13.4321078431061","52.5304903, 13.3791152",6049,1911
"52.5567167945714, 13.4321078431061","52.4864896, 13.4217418",9746,2919
"52.5567167945714, 13.4321078431061","52.5215057, 13.4069139",4883,1426
"52.5567167945714, 13.4321078431061","52.5174377, 13.3898033",7349,2314
"52.5567167945714, 13.4321078431061","52.5111669, 13.4430356",10203,2966
"52.5567167945714, 13.4321078431061","52.5076615, 13.454537",9490,2521
"52.5567167945714, 13.4321078431061","52.5121441, 13.3083771",15025,3504
"52.5567167945714, 13.4321078431061","52.5087884, 13.378434",8757,2599
"52.5567167945714, 13.4321078431061","52.5019061, 13.3308361",12405,2995
"52.5567167945714, 13.4321078431061","52.5088651, 13.2707514",15962,3375
"52.5567167945714, 13.4321078431061","52.5264743, 13.39691",7004,2492
"52.5567167945714, 13.4321078431061","52.5106807, 13.419484",6556,2519
"52.5567167945714, 13.4321078431061","52.4602228, 13.5056519",15153,3476
"52.5567167945714, 13.4321078431061","52.474199, 13.141735",30879,5885
"52.5567167945714, 13.4321078431061","52.5021802, 13.364582",10761,3132
"52.5567167945714, 13.4321078431061","52.5205791, 13.4089041",4897,1417
"52.5567167945714, 13.4321078431061","52.4986678, 13.3566505",11779,3202
"52.5567167945714, 13.4321078431061","52.520848, 13.4084747",4900,1419
"52.5567167945714, 13.4321078431061","52.49694, 13.4540533",10351,2419
"52.5567167945714, 13.4321078431061","52.4840199, 13.4053429",17375,3630
"52.5567167945714, 13.4321078431061","52.5049039, 13.4431471",8943,2563
"52.5567167945714, 13.4321078431061","52.524042, 13.402083",5296,1747
"52.5567167945714, 13.4321078431061","52.5071871, 13.390676",8950,2802
"52.5567167945714, 13.4321078431061","52.4583565, 13.2889441",22342,4157
"52.5567167945714, 13.4321078431061","52.5112074, 13.4169157",6458,2105
"52.5567167945714, 13.4321078431061","52.440493, 13.3911183",16637,3840
"52.5550312754784, 13.4449400245295","52.5075075, 13.3903737",8496,3084
"52.5550312754784, 13.4449400245295","52.5542753, 13.3785425",5533,1868
"52.5550312754784, 13.4449400245295","52.5063, 13.3840159",13894,3001
"52.5550312754784, 13.4449400245295","52.5206458, 13.2932877",15830,3437
"52.5550312754784, 13.4449400245295","52.5239216, 13.3888786",10606,2430
"52.5550312754784, 13.4449400245295","52.5168416, 13.3816742",11806,2460
"52.5550312754784, 13.4449400245295","52.5040556, 13.3379413",12640,3811
"52.5550312754784, 13.4449400245295","52.5090125, 13.3792937",12854,2700
"52.5550312754784, 13.4449400245295","52.4983661, 13.3605076",15175,3251
"52.5550312754784, 13.4449400245295","52.5478117, 13.3892456",7061,1922
"52.5550312754784, 13.4449400245295","52.5046782, 13.4490212",9956,3004
"52.5550312754784, 13.4449400245295","52.5136642, 13.4727613",7636,2331
"52.5550312754784, 13.4449400245295","52.5016098, 13.381181",13592,2760
"52.5550312754784, 13.4449400245295","52.5214137, 13.4034811",6500,2218
"52.5550312754784, 13.4449400245295","52.5176913, 13.4419715",7755,2686
"52.5550312754784, 13.4449400245295","52.517699, 13.3970326",6677,2623
"52.5550312754784, 13.4449400245295","52.5303108, 13.3186121",13296,3012
"52.5550312754784, 13.4449400245295","52.5146378, 13.3905283",7622,2835
"52.5550312754784, 13.4449400245295","52.5145186, 13.487322",7495,2490
"52.5550312754784, 13.4449400245295","52.5170316, 13.4012274",6566,2562
"52.5550312754784, 13.4449400245295","52.5207714, 13.3889021",11187,2398
"52.5550312754784, 13.4449400245295","52.5027268, 13.4453492",10242,3195
"52.5550312754784, 13.4449400245295","52.5284267, 13.3720175",7574,2454
"52.5550312754784, 13.4449400245295","52.5209131, 13.3871461",11046,2275
"52.5550312754784, 13.4449400245295","52.5304903, 13.3791152",6617,2213
"52.5550312754784, 13.4449400245295","52.4864896, 13.4217418",17861,3761
"52.5550312754784, 13.4449400245295","52.5215057, 13.4069139",6003,2079
"52.5550312754784, 13.4449400245295","52.5174377, 13.3898033",11496,2652
"52.5550312754784, 13.4449400245295","52.5111669, 13.4430356",9865,3090
"52.5550312754784, 13.4449400245295","52.5076615, 13.454537",9152,2645
"52.5550312754784, 13.4449400245295","52.5121441, 13.3083771",19236,3746
"52.5550312754784, 13.4449400245295","52.5087884, 13.378434",12846,2668
"52.5550312754784, 13.4449400245295","52.5019061, 13.3308361",15357,3367
"52.5550312754784, 13.4449400245295","52.5088651, 13.2707514",21944,4236
"52.5550312754784, 13.4449400245295","52.5264743, 13.39691",10807,2596
"52.5550312754784, 13.4449400245295","52.5106807, 13.419484",11224,2897
"52.5550312754784, 13.4449400245295","52.4602228, 13.5056519",17080,3994
"52.5550312754784, 13.4449400245295","52.474199, 13.141735",32380,6367
"52.5550312754784, 13.4449400245295","52.5021802, 13.364582",14103,3236
"52.5550312754784, 13.4449400245295","52.5205791, 13.4089041",5622,2096
"52.5550312754784, 13.4449400245295","52.4986678, 13.3566505",15990,3444
"52.5550312754784, 13.4449400245295","52.520848, 13.4084747",5625,2098
"52.5550312754784, 13.4449400245295","52.49694, 13.4540533",9819,2961
"52.5550312754784, 13.4449400245295","52.4840199, 13.4053429",19432,4412
"52.5550312754784, 13.4449400245295","52.5049039, 13.4431471",10304,3278
"52.5550312754784, 13.4449400245295","52.524042, 13.402083",6597,2299
"52.5550312754784, 13.4449400245295","52.5071871, 13.390676",12508,3100
"52.5550312754784, 13.4449400245295","52.4583565, 13.2889441",22273,4999
"52.5550312754784, 13.4449400245295","52.5112074, 13.4169157",11013,2721
"52.5550312754784, 13.4449400245295","52.440493, 13.3911183",20513,3944
"52.5639191438784, 13.4290197235577","52.5075075, 13.3903737",10401,2926
"52.5639191438784, 13.4290197235577","52.5542753, 13.3785425",6200,1780
"52.5639191438784, 13.4290197235577","52.5063, 13.3840159",11819,2852
"52.5639191438784, 13.4290197235577","52.5206458, 13.2932877",15017,3489
"52.5639191438784, 13.4290197235577","52.5239216, 13.3888786",8531,2281
"52.5639191438784, 13.4290197235577","52.5168416, 13.3816742",9731,2311
"52.5639191438784, 13.4290197235577","52.5040556, 13.3379413",14793,3503
"52.5639191438784, 13.4290197235577","52.5090125, 13.3792937",10779,2551
"52.5639191438784, 13.4290197235577","52.4983661, 13.3605076",13100,3102
"52.5639191438784, 13.4290197235577","52.5478117, 13.3892456",4986,1773
"52.5639191438784, 13.4290197235577","52.5046782, 13.4490212",9219,2766
"52.5639191438784, 13.4290197235577","52.5136642, 13.4727613",7823,2244
"52.5639191438784, 13.4290197235577","52.5016098, 13.381181",11517,2611
"52.5639191438784, 13.4290197235577","52.5214137, 13.4034811",5949,2263
"52.5639191438784, 13.4290197235577","52.5176913, 13.4419715",8172,2918
"52.5639191438784, 13.4290197235577","52.517699, 13.3970326",6958,2880
"52.5639191438784, 13.4290197235577","52.5303108, 13.3186121",11233,2596
"52.5639191438784, 13.4290197235577","52.5146378, 13.3905283",10303,2764
"52.5639191438784, 13.4290197235577","52.5145186, 13.487322",9179,3128
"52.5639191438784, 13.4290197235577","52.5170316, 13.4012274",7065,2894
"52.5639191438784, 13.4290197235577","52.5207714, 13.3889021",9112,2249
"52.5639191438784, 13.4290197235577","52.5027268, 13.4453492",8509,3044
"52.5639191438784, 13.4290197235577","52.5284267, 13.3720175",8870,2912
"52.5639191438784, 13.4290197235577","52.5209131, 13.3871461",8971,2126
"52.5639191438784, 13.4290197235577","52.5304903, 13.3791152",7913,2671
"52.5639191438784, 13.4290197235577","52.4864896, 13.4217418",10434,3453
"52.5639191438784, 13.4290197235577","52.5215057, 13.4069139",5571,1960
"52.5639191438784, 13.4290197235577","52.5174377, 13.3898033",9421,2503
"52.5639191438784, 13.4290197235577","52.5111669, 13.4430356",8497,3261
"52.5639191438784, 13.4290197235577","52.5076615, 13.454537",10836,3283
"52.5639191438784, 13.4290197235577","52.5121441, 13.3083771",17161,3597
"52.5639191438784, 13.4290197235577","52.5087884, 13.378434",10771,2519
"52.5639191438784, 13.4290197235577","52.5019061, 13.3308361",13294,2951
"52.5639191438784, 13.4290197235577","52.5088651, 13.2707514",19869,4087
"52.5639191438784, 13.4290197235577","52.5264743, 13.39691",8732,2447
"52.5639191438784, 13.4290197235577","52.5106807, 13.419484",9149,2748
"52.5639191438784, 13.4290197235577","52.4602228, 13.5056519",16004,3858
"52.5639191438784, 13.4290197235577","52.474199, 13.141735",31567,6419
"52.5639191438784, 13.4290197235577","52.5021802, 13.364582",11933,3087
"52.5639191438784, 13.4290197235577","52.5205791, 13.4089041",5585,1951
"52.5639191438784, 13.4290197235577","52.4986678, 13.3566505",13915,3295
"52.5639191438784, 13.4290197235577","52.520848, 13.4084747",5588,1953
"52.5639191438784, 13.4290197235577","52.49694, 13.4540533",11039,3013
"52.5639191438784, 13.4290197235577","52.4840199, 13.4053429",17357,4263
"52.5639191438784, 13.4290197235577","52.5049039, 13.4431471",9631,3097
"52.5639191438784, 13.4290197235577","52.524042, 13.402083",5984,2075
"52.5639191438784, 13.4290197235577","52.5071871, 13.390676",10433,2951
"52.5639191438784, 13.4290197235577","52.4583565, 13.2889441",20210,4583
"52.5639191438784, 13.4290197235577","52.5112074, 13.4169157",8938,2572
"52.5639191438784, 13.4290197235577","52.440493, 13.3911183",18438,3795
"52.5439945963181, 13.4254525728374","52.5075075, 13.3903737",9594,2196
"52.5439945963181, 13.4254525728374","52.5542753, 13.3785425",4065,1195
"52.5439945963181, 13.4254525728374","52.5063, 13.3840159",10009,1961
"52.5439945963181, 13.4254525728374","52.5206458, 13.2932877",12523,1857
"52.5439945963181, 13.4254525728374","52.5239216, 13.3888786",6721,1390
"52.5439945963181, 13.4254525728374","52.5168416, 13.3816742",7921,1420
"52.5439945963181, 13.4254525728374","52.5040556, 13.3379413",17899,2562
"52.5439945963181, 13.4254525728374","52.5090125, 13.3792937",8969,1660
"52.5439945963181, 13.4254525728374","52.4983661, 13.3605076",10520,2355
"52.5439945963181, 13.4254525728374","52.5478117, 13.3892456",3105,640
"52.5439945963181, 13.4254525728374","52.5046782, 13.4490212",8143,1464
"52.5439945963181, 13.4254525728374","52.5136642, 13.4727613",5329,912
"52.5439945963181, 13.4254525728374","52.5016098, 13.381181",9707,1720
"52.5439945963181, 13.4254525728374","52.5214137, 13.4034811",3638,1379
"52.5439945963181, 13.4254525728374","52.517699, 13.3970326",5339,1875
"52.5439945963181, 13.4254525728374","52.5303108, 13.3186121",8363,1653
"52.5439945963181, 13.4254525728374","52.5146378, 13.3905283",8537,2100
"52.5439945963181, 13.4254525728374","52.5145186, 13.487322",6297,1732
"52.5439945963181, 13.4254525728374","52.5170316, 13.4012274",8961,2043
"52.5439945963181, 13.4254525728374","52.5207714, 13.3889021",7302,1358
"52.5439945963181, 13.4254525728374","52.5027268, 13.4453492",5831,2004
"52.5439945963181, 13.4254525728374","52.5284267, 13.3720175",5407,1891
"52.5439945963181, 13.4254525728374","52.5209131, 13.3871461",7161,1235
"52.5439945963181, 13.4254525728374","52.5304903, 13.3791152",4450,1650
"52.5439945963181, 13.4254525728374","52.4864896, 13.4217418",14329,2133
"52.5439945963181, 13.4254525728374","52.5215057, 13.4069139",3260,1076
"52.5439945963181, 13.4254525728374","52.5174377, 13.3898033",7611,1612
"52.5439945963181, 13.4254525728374","52.5111669, 13.4430356",5819,2221
"52.5439945963181, 13.4254525728374","52.5076615, 13.454537",5449,1934
"52.5439945963181, 13.4254525728374","52.5121441, 13.3083771",12290,2007
"52.5439945963181, 13.4254525728374","52.5087884, 13.378434",8961,1628
"52.5439945963181, 13.4254525728374","52.5019061, 13.3308361",10728,2027
"52.5439945963181, 13.4254525728374","52.5088651, 13.2707514",14156,2277
"52.5439945963181, 13.4254525728374","52.5264743, 13.39691",6922,1556
"52.5439945963181, 13.4254525728374","52.5106807, 13.419484",8297,2021
"52.5439945963181, 13.4254525728374","52.4602228, 13.5056519",13347,2738
"52.5439945963181, 13.4254525728374","52.474199, 13.141735",29073,4907
"52.5439945963181, 13.4254525728374","52.5021802, 13.364582",11091,2340
"52.5439945963181, 13.4254525728374","52.5205791, 13.4089041",3274,1067
"52.5439945963181, 13.4254525728374","52.4986678, 13.3566505",11335,2548
"52.5439945963181, 13.4254525728374","52.520848, 13.4084747",3277,1069
"52.5439945963181, 13.4254525728374","52.49694, 13.4540533",8545,1663
"52.5439945963181, 13.4254525728374","52.4840199, 13.4053429",15569,3054
"52.5439945963181, 13.4254525728374","52.5049039, 13.4431471",8548,1784
"52.5439945963181, 13.4254525728374","52.524042, 13.402083",3673,1397
"52.5439945963181, 13.4254525728374","52.5071871, 13.390676",9556,2166
"52.5439945963181, 13.4254525728374","52.4583565, 13.2889441",20536,3059
"52.5439945963181, 13.4254525728374","52.5112074, 13.4169157",8132,1881
"52.5439945963181, 13.4254525728374","52.440493, 13.3911183",19160,2526
"52.5384746246262, 13.4157117585894","52.5075075, 13.3903737",6261,1836
"52.5384746246262, 13.4157117585894","52.5542753, 13.3785425",4057,1902
"52.5384746246262, 13.4157117585894","52.5063, 13.3840159",7344,2218
"52.5384746246262, 13.4157117585894","52.5206458, 13.2932877",13065,2585
"52.5384746246262, 13.4157117585894","52.5239216, 13.3888786",3892,1709
"52.5384746246262, 13.4157117585894","52.5168416, 13.3816742",5253,1677
"52.5384746246262, 13.4157117585894","52.5040556, 13.3379413",10653,2413
"52.5384746246262, 13.4157117585894","52.5090125, 13.3792937",6797,1644
"52.5384746246262, 13.4157117585894","52.4983661, 13.3605076",8960,2012
"52.5384746246262, 13.4157117585894","52.5478117, 13.3892456",3030,1164
"52.5384746246262, 13.4157117585894","52.5046782, 13.4490212",5503,1945
"52.5384746246262, 13.4157117585894","52.5136642, 13.4727613",5888,1975
"52.5384746246262, 13.4157117585894","52.5016098, 13.381181",7854,2063
"52.5384746246262, 13.4157117585894","52.5214137, 13.4034811",2941,1171
"52.5384746246262, 13.4157117585894","52.5176913, 13.4419715",4152,1688
"52.5384746246262, 13.4157117585894","52.517699, 13.3970326",4390,1949
"52.5384746246262, 13.4157117585894","52.5303108, 13.3186121",8100,2979
"52.5384746246262, 13.4157117585894","52.5146378, 13.3905283",6163,1674
"52.5384746246262, 13.4157117585894","52.5145186, 13.487322",7064,2406
"52.5384746246262, 13.4157117585894","52.5170316, 13.4012274",3527,1669
"52.5384746246262, 13.4157117585894","52.5207714, 13.3889021",4634,1615
"52.5384746246262, 13.4157117585894","52.5027268, 13.4453492",5786,1891
"52.5384746246262, 13.4157117585894","52.5284267, 13.3720175",4266,1443
"52.5384746246262, 13.4157117585894","52.5209131, 13.3871461",4493,1492
"52.5384746246262, 13.4157117585894","52.5304903, 13.3791152",3309,1202
"52.5384746246262, 13.4157117585894","52.4864896, 13.4217418",8133,2129
"52.5384746246262, 13.4157117585894","52.5215057, 13.4069139",2524,1221
"52.5384746246262, 13.4157117585894","52.5174377, 13.3898033",6447,1939
"52.5384746246262, 13.4157117585894","52.5111669, 13.4430356",5773,2108
"52.5384746246262, 13.4157117585894","52.5076615, 13.454537",5403,1821
"52.5384746246262, 13.4157117585894","52.5121441, 13.3083771",13021,2507
"52.5384746246262, 13.4157117585894","52.5087884, 13.378434",6753,1602
"52.5384746246262, 13.4157117585894","52.5019061, 13.3308361",11666,2698
"52.5384746246262, 13.4157117585894","52.5088651, 13.2707514",15729,2997
"52.5384746246262, 13.4157117585894","52.5264743, 13.39691",3366,1517
"52.5384746246262, 13.4157117585894","52.5106807, 13.419484",5009,1658
"52.5384746246262, 13.4157117585894","52.4602228, 13.5056519",13848,3679
"52.5384746246262, 13.4157117585894","52.474199, 13.141735",28424,4894
"52.5384746246262, 13.4157117585894","52.5021802, 13.364582",9348,2325
"52.5384746246262, 13.4157117585894","52.5205791, 13.4089041",2538,1212
"52.5384746246262, 13.4157117585894","52.4986678, 13.3566505",9775,2205
"52.5384746246262, 13.4157117585894","52.520848, 13.4084747",2541,1214
"52.5384746246262, 13.4157117585894","52.49694, 13.4540533",6938,2867
"52.5384746246262, 13.4157117585894","52.4840199, 13.4053429",9545,3171
"52.5384746246262, 13.4157117585894","52.5049039, 13.4431471",6050,2088
"52.5384746246262, 13.4157117585894","52.524042, 13.402083",2659,946
"52.5384746246262, 13.4157117585894","52.5071871, 13.390676",6293,1861
"52.5384746246262, 13.4157117585894","52.4583565, 13.2889441",21078,3787
"52.5384746246262, 13.4157117585894","52.5112074, 13.4169157",4798,1482
"52.5384746246262, 13.4157117585894","52.440493, 13.3911183",13897,3311
"52.5367900430886, 13.428540116813","52.5075075, 13.3903737",7145,2382
"52.5367900430886, 13.428540116813","52.5542753, 13.3785425",4954,1981
"52.5367900430886, 13.428540116813","52.5063, 13.3840159",8241,2297
"52.5367900430886, 13.428540116813","52.5206458, 13.2932877",14347,2667
"52.5367900430886, 13.428540116813","52.5239216, 13.3888786",4789,1788
"52.5367900430886, 13.428540116813","52.5168416, 13.3816742",6150,1756
"52.5367900430886, 13.428540116813","52.5040556, 13.3379413",10108,2984
"52.5367900430886, 13.428540116813","52.5090125, 13.3792937",7198,1996
"52.5367900430886, 13.428540116813","52.4983661, 13.3605076",9860,2697
"52.5367900430886, 13.428540116813","52.5478117, 13.3892456",3927,1243
"52.5367900430886, 13.428540116813","52.5046782, 13.4490212",4708,1600
"52.5367900430886, 13.428540116813","52.5136642, 13.4727613",5117,1482
"52.5367900430886, 13.428540116813","52.5016098, 13.381181",7939,2056
"52.5367900430886, 13.428540116813","52.5214137, 13.4034811",3990,1319
"52.5367900430886, 13.428540116813","52.5176913, 13.4419715",3357,1343
"52.5367900430886, 13.428540116813","52.517699, 13.3970326",4167,1724
"52.5367900430886, 13.428540116813","52.5303108, 13.3186121",8997,3058
"52.5367900430886, 13.428540116813","52.5146378, 13.3905283",5404,2116
"52.5367900430886, 13.428540116813","52.5145186, 13.487322",6269,2061
"52.5367900430886, 13.428540116813","52.5170316, 13.4012274",4056,1663
"52.5367900430886, 13.428540116813","52.5207714, 13.3889021",5531,1694
"52.5367900430886, 13.428540116813","52.5027268, 13.4453492",4991,1546
"52.5367900430886, 13.428540116813","52.5284267, 13.3720175",5163,1522
"52.5367900430886, 13.428540116813","52.5209131, 13.3871461",5390,1571
"52.5367900430886, 13.428540116813","52.5304903, 13.3791152",4206,1281
"52.5367900430886, 13.428540116813","52.4864896, 13.4217418",7781,2322
"52.5367900430886, 13.428540116813","52.5215057, 13.4069139",3493,1180
"52.5367900430886, 13.428540116813","52.5174377, 13.3898033",8235,2034
"52.5367900430886, 13.428540116813","52.5111669, 13.4430356",4978,1763
"52.5367900430886, 13.428540116813","52.5076615, 13.454537",4608,1476
"52.5367900430886, 13.428540116813","52.5121441, 13.3083771",13921,3192
"52.5367900430886, 13.428540116813","52.5087884, 13.378434",7190,1964
"52.5367900430886, 13.428540116813","52.5019061, 13.3308361",10266,2813
"52.5367900430886, 13.428540116813","52.5088651, 13.2707514",16629,3682
"52.5367900430886, 13.428540116813","52.5264743, 13.39691",5151,1892
"52.5367900430886, 13.428540116813","52.5106807, 13.419484",4591,1922
"52.5367900430886, 13.428540116813","52.4602228, 13.5056519",13135,3308
"52.5367900430886, 13.428540116813","52.474199, 13.141735",29321,4973
"52.5367900430886, 13.428540116813","52.5021802, 13.364582",8918,2682
"52.5367900430886, 13.428540116813","52.5205791, 13.4089041",3112,1197
"52.5367900430886, 13.428540116813","52.4986678, 13.3566505",10675,2890
"52.5367900430886, 13.428540116813","52.520848, 13.4084747",3115,1199
"52.5367900430886, 13.428540116813","52.49694, 13.4540533",8333,2239
"52.5367900430886, 13.428540116813","52.4840199, 13.4053429",13787,3459
"52.5367900430886, 13.428540116813","52.5049039, 13.4431471",5255,1743
"52.5367900430886, 13.428540116813","52.524042, 13.402083",4087,1400
"52.5367900430886, 13.428540116813","52.5071871, 13.390676",7107,2352
"52.5367900430886, 13.428540116813","52.4583565, 13.2889441",22360,3869
"52.5367900430886, 13.428540116813","52.5112074, 13.4169157",4426,1782
"52.5367900430886, 13.428540116813","52.440493, 13.3911183",16395,3225
"52.5456784863542, 13.412622887485","52.5075075, 13.3903737",7017,1855
"52.5456784863542, 13.412622887485","52.5542753, 13.3785425",5332,1725
"52.5456784863542, 13.412622887485","52.5063, 13.3840159",7032,2191
"52.5456784863542, 13.412622887485","52.5206458, 13.2932877",11869,1998
"52.5456784863542, 13.412622887485","52.5239216, 13.3888786",3487,1714
"52.5456784863542, 13.412622887485","52.5168416, 13.3816742",5056,1894
"52.5456784863542, 13.412622887485","52.5040556, 13.3379413",11409,2432
"52.5456784863542, 13.412622887485","52.5090125, 13.3792937",7553,1663
"52.5456784863542, 13.412622887485","52.4983661, 13.3605076",9716,2031
"52.5456784863542, 13.412622887485","52.5478117, 13.3892456",2451,781
"52.5456784863542, 13.412622887485","52.5046782, 13.4490212",7142,1874
"52.5456784863542, 13.412622887485","52.5136642, 13.4727613",6519,1263
"52.5456784863542, 13.412622887485","52.5016098, 13.381181",6730,1950
"52.5456784863542, 13.412622887485","52.5214137, 13.4034811",3059,913
"52.5456784863542, 13.412622887485","52.5176913, 13.4419715",4900,1906
"52.5456784863542, 13.412622887485","52.517699, 13.3970326",4317,1777
"52.5456784863542, 13.412622887485","52.5303108, 13.3186121",7709,1794
"52.5456784863542, 13.412622887485","52.5146378, 13.3905283",6919,1693
"52.5456784863542, 13.412622887485","52.5145186, 13.487322",7487,2083
"52.5456784863542, 13.412622887485","52.5170316, 13.4012274",3645,1411
"52.5456784863542, 13.412622887485","52.5207714, 13.3889021",4154,1330
"52.5456784863542, 13.412622887485","52.5027268, 13.4453492",6534,2109
"52.5456784863542, 13.412622887485","52.5284267, 13.3720175",4472,1658
"52.5456784863542, 13.412622887485","52.5209131, 13.3871461",4078,1251
"52.5456784863542, 13.412622887485","52.5304903, 13.3791152",3515,1417
"52.5456784863542, 13.412622887485","52.4864896, 13.4217418",8250,2351
"52.5456784863542, 13.412622887485","52.5215057, 13.4069139",3283,1094
"52.5456784863542, 13.412622887485","52.5174377, 13.3898033",4472,1578
"52.5456784863542, 13.412622887485","52.5111669, 13.4430356",6521,2326
"52.5456784863542, 13.412622887485","52.5076615, 13.454537",6151,2039
"52.5456784863542, 13.412622887485","52.5121441, 13.3083771",13777,2526
"52.5456784863542, 13.412622887485","52.5087884, 13.378434",7509,1621
"52.5456784863542, 13.412622887485","52.5019061, 13.3308361",9682,2277
"52.5456784863542, 13.412622887485","52.5088651, 13.2707514",16485,3016
"52.5456784863542, 13.412622887485","52.5264743, 13.39691",3484,1259
"52.5456784863542, 13.412622887485","52.5106807, 13.419484",5060,1951
"52.5456784863542, 13.412622887485","52.4602228, 13.5056519",14537,3089
"52.5456784863542, 13.412622887485","52.474199, 13.141735",28419,5048
"52.5456784863542, 13.412622887485","52.5021802, 13.364582",10104,2344
"52.5456784863542, 13.412622887485","52.5205791, 13.4089041",3391,1208
"52.5456784863542, 13.412622887485","52.4986678, 13.3566505",10531,2224
"52.5456784863542, 13.412622887485","52.520848, 13.4084747",3388,1206
"52.5456784863542, 13.412622887485","52.49694, 13.4540533",9735,2020
"52.5456784863542, 13.412622887485","52.4840199, 13.4053429",15189,3240
"52.5456784863542, 13.412622887485","52.5049039, 13.4431471",7554,2205
"52.5456784863542, 13.412622887485","52.524042, 13.402083",2777,688
"52.5456784863542, 13.412622887485","52.5071871, 13.390676",7049,1880
"52.5456784863542, 13.412622887485","52.4583565, 13.2889441",19882,3200
"52.5456784863542, 13.412622887485","52.5112074, 13.4169157",4895,1811
"52.5456784863542, 13.412622887485","52.440493, 13.3911183",17796,3006
"52.5461395532278, 13.460856953145","52.5075075, 13.3903737",8687,2559
"52.5461395532278, 13.460856953145","52.5542753, 13.3785425",6617,1860
"52.5461395532278, 13.460856953145","52.5063, 13.3840159",13089,3011
"52.5461395532278, 13.460856953145","52.5206458, 13.2932877",15603,2907
"52.5461395532278, 13.460856953145","52.5239216, 13.3888786",7364,2271
"52.5461395532278, 13.460856953145","52.5168416, 13.3816742",7655,2414
"52.5461395532278, 13.460856953145","52.5040556, 13.3379413",12639,3401
"52.5461395532278, 13.460856953145","52.5090125, 13.3792937",8816,2593
"52.5461395532278, 13.460856953145","52.4983661, 13.3605076",10979,2961
"52.5461395532278, 13.460856953145","52.5478117, 13.3892456",6185,1690
"52.5461395532278, 13.460856953145","52.5046782, 13.4490212",7697,2444
"52.5461395532278, 13.460856953145","52.5136642, 13.4727613",5377,1771
"52.5461395532278, 13.460856953145","52.5016098, 13.381181",12787,2770
"52.5461395532278, 13.460856953145","52.5214137, 13.4034811",6273,1748
"52.5461395532278, 13.460856953145","52.5176913, 13.4419715",7812,2336
"52.5461395532278, 13.460856953145","52.517699, 13.3970326",6449,2153
"52.5461395532278, 13.460856953145","52.5303108, 13.3186121",11443,2703
"52.5461395532278, 13.460856953145","52.5146378, 13.3905283",7395,2485
"52.5461395532278, 13.460856953145","52.5145186, 13.487322",5236,1930
"52.5461395532278, 13.460856953145","52.5170316, 13.4012274",6338,2092
"52.5461395532278, 13.460856953145","52.5207714, 13.3889021",7476,2450
"52.5461395532278, 13.460856953145","52.5027268, 13.4453492",7320,2462
"52.5461395532278, 13.460856953145","52.5284267, 13.3720175",8658,2446
"52.5461395532278, 13.460856953145","52.5209131, 13.3871461",7400,2371
"52.5461395532278, 13.460856953145","52.5304903, 13.3791152",7701,2205
"52.5461395532278, 13.460856953145","52.4864896, 13.4217418",10064,2871
"52.5461395532278, 13.460856953145","52.5215057, 13.4069139",5775,1609
"52.5461395532278, 13.460856953145","52.5174377, 13.3898033",7303,2386
"52.5461395532278, 13.460856953145","52.5111669, 13.4430356",7606,2530
"52.5461395532278, 13.460856953145","52.5076615, 13.454537",6893,2085
"52.5461395532278, 13.460856953145","52.5121441, 13.3083771",15040,3456
"52.5461395532278, 13.460856953145","52.5087884, 13.378434",8772,2551
"52.5461395532278, 13.460856953145","52.5019061, 13.3308361",13807,3077
"52.5461395532278, 13.460856953145","52.5088651, 13.2707514",17236,3327
"52.5461395532278, 13.460856953145","52.5264743, 13.39691",7077,2398
"52.5461395532278, 13.460856953145","52.5106807, 13.419484",6874,2471
"52.5461395532278, 13.460856953145","52.4602228, 13.5056519",15214,4034
"52.5461395532278, 13.460856953145","52.474199, 13.141735",32153,5897
"52.5461395532278, 13.460856953145","52.5021802, 13.364582",11367,3274
"52.5461395532278, 13.460856953145","52.5205791, 13.4089041",5395,1626
"52.5461395532278, 13.460856953145","52.4986678, 13.3566505",11794,3214
"52.5461395532278, 13.460856953145","52.520848, 13.4084747",5398,1628
"52.5461395532278, 13.460856953145","52.49694, 13.4540533",9592,2671
"52.5461395532278, 13.460856953145","52.4840199, 13.4053429",16616,3642
"52.5461395532278, 13.460856953145","52.5049039, 13.4431471",8045,2718
"52.5461395532278, 13.460856953145","52.524042, 13.402083",6370,1829
"52.5461395532278, 13.460856953145","52.5071871, 13.390676",8720,2584
"52.5461395532278, 13.460856953145","52.4583565, 13.2889441",23616,4169
"52.5461395532278, 13.460856953145","52.5112074, 13.4169157",6709,2211
"52.5461395532278, 13.460856953145","52.440493, 13.3911183",20207,3534
"52.5516557186183, 13.4706041421204","52.5075075, 13.3903737",8892,2742
"52.5516557186183, 13.4706041421204","52.5542753, 13.3785425",7138,2006
"52.5516557186183, 13.4706041421204","52.5063, 13.3840159",10257,3363
"52.5516557186183, 13.4706041421204","52.5206458, 13.2932877",16226,3095
"52.5516557186183, 13.4706041421204","52.5239216, 13.3888786",7832,2627
"52.5516557186183, 13.4706041421204","52.5168416, 13.3816742",8368,2420
"52.5516557186183, 13.4706041421204","52.5040556, 13.3379413",13036,3469
"52.5516557186183, 13.4706041421204","52.5090125, 13.3792937",9558,2785
"52.5516557186183, 13.4706041421204","52.4983661, 13.3605076",11603,3149
"52.5516557186183, 13.4706041421204","52.5478117, 13.3892456",6808,1878
"52.5516557186183, 13.4706041421204","52.5046782, 13.4490212",8067,2455
"52.5516557186183, 13.4706041421204","52.5136642, 13.4727613",5747,1782
"52.5516557186183, 13.4706041421204","52.5016098, 13.381181",10675,3078
"52.5516557186183, 13.4706041421204","52.5214137, 13.4034811",6896,1876
"52.5516557186183, 13.4706041421204","52.5176913, 13.4419715",8151,2344
"52.5516557186183, 13.4706041421204","52.517699, 13.3970326",7073,2281
"52.5516557186183, 13.4706041421204","52.5303108, 13.3186121",12066,2891
"52.5516557186183, 13.4706041421204","52.5146378, 13.3905283",8018,2493
"52.5516557186183, 13.4706041421204","52.5145186, 13.487322",5605,1941
"52.5516557186183, 13.4706041421204","52.5170316, 13.4012274",6962,2220
"52.5516557186183, 13.4706041421204","52.5207714, 13.3889021",8099,2458
"52.5516557186183, 13.4706041421204","52.5027268, 13.4453492",8353,2646
"52.5516557186183, 13.4706041421204","52.5284267, 13.3720175",9282,2574
"52.5516557186183, 13.4706041421204","52.5209131, 13.3871461",8023,2559
"52.5516557186183, 13.4706041421204","52.5304903, 13.3791152",8326,2333
"52.5516557186183, 13.4706041421204","52.4864896, 13.4217418",10496,2699
"52.5516557186183, 13.4706041421204","52.5215057, 13.4069139",6399,1737
"52.5516557186183, 13.4706041421204","52.5174377, 13.3898033",7927,2574
"52.5516557186183, 13.4706041421204","52.5111669, 13.4430356",7976,2541
"52.5516557186183, 13.4706041421204","52.5076615, 13.454537",7263,2096
"52.5516557186183, 13.4706041421204","52.5121441, 13.3083771",15664,3644
"52.5516557186183, 13.4706041421204","52.5087884, 13.378434",9396,2739
"52.5516557186183, 13.4706041421204","52.5019061, 13.3308361",14910,3343
"52.5516557186183, 13.4706041421204","52.5088651, 13.2707514",17614,3490
"52.5516557186183, 13.4706041421204","52.5264743, 13.39691",7700,2526
"52.5516557186183, 13.4706041421204","52.5106807, 13.419484",7306,2299
"52.5516557186183, 13.4706041421204","52.4602228, 13.5056519",14199,3323
"52.5516557186183, 13.4706041421204","52.474199, 13.141735",32776,6025
"52.5516557186183, 13.4706041421204","52.5021802, 13.364582",13037,3614
"52.5516557186183, 13.4706041421204","52.5205791, 13.4089041",6018,1754
"52.5516557186183, 13.4706041421204","52.4986678, 13.3566505",12418,3342
"52.5516557186183, 13.4706041421204","52.520848, 13.4084747",6021,1756
"52.5516557186183, 13.4706041421204","52.49694, 13.4540533",10215,2559
"52.5516557186183, 13.4706041421204","52.4840199, 13.4053429",17239,3770
"52.5516557186183, 13.4706041421204","52.5049039, 13.4431471",8415,2729
"52.5516557186183, 13.4706041421204","52.524042, 13.402083",6993,1957
"52.5516557186183, 13.4706041421204","52.5071871, 13.390676",8925,2707
"52.5516557186183, 13.4706041421204","52.4583565, 13.2889441",24239,4297
"52.5516557186183, 13.4706041421204","52.5112074, 13.4169157",7141,2159
"52.5516557186183, 13.4706041421204","52.440493, 13.3911183",18277,3563
"52.58383764656, 13.4325890519711","52.5075075, 13.3903737",11607,2440
"52.58383764656, 13.4325890519711","52.5542753, 13.3785425",6759,2039
"52.58383764656, 13.4325890519711","52.5063, 13.3840159",12637,2505
"52.58383764656, 13.4325890519711","52.5206458, 13.2932877",15246,3301
"52.58383764656, 13.4325890519711","52.5239216, 13.3888786",9349,1934
"52.58383764656, 13.4325890519711","52.5168416, 13.3816742",10549,1964
"52.58383764656, 13.4325890519711","52.5040556, 13.3379413",15550,3195
"52.58383764656, 13.4325890519711","52.5090125, 13.3792937",11597,2204
"52.58383764656, 13.4325890519711","52.4983661, 13.3605076",13513,2956
"52.58383764656, 13.4325890519711","52.5478117, 13.3892456",5804,1426
"52.58383764656, 13.4325890519711","52.5046782, 13.4490212",15128,2788
"52.58383764656, 13.4325890519711","52.5136642, 13.4727613",12025,2122
"52.58383764656, 13.4325890519711","52.5016098, 13.381181",12335,2264
"52.58383764656, 13.4325890519711","52.5214137, 13.4034811",11147,2262
"52.58383764656, 13.4325890519711","52.5176913, 13.4419715",15202,3330
"52.58383764656, 13.4325890519711","52.517699, 13.3970326",10731,2553
"52.58383764656, 13.4325890519711","52.5303108, 13.3186121",11086,3097
"52.58383764656, 13.4325890519711","52.5146378, 13.3905283",10521,2407
"52.58383764656, 13.4325890519711","52.5145186, 13.487322",12993,2942
"52.58383764656, 13.4325890519711","52.5170316, 13.4012274",11589,2887
"52.58383764656, 13.4325890519711","52.5207714, 13.3889021",9930,1902
"52.58383764656, 13.4325890519711","52.5027268, 13.4453492",15528,3122
"52.58383764656, 13.4325890519711","52.5284267, 13.3720175",9885,2780
"52.58383764656, 13.4325890519711","52.5209131, 13.3871461",9789,1779
"52.58383764656, 13.4325890519711","52.5304903, 13.3791152",8792,2121
"52.58383764656, 13.4325890519711","52.4864896, 13.4217418",14181,3265
"52.58383764656, 13.4325890519711","52.5215057, 13.4069139",11904,2484
"52.58383764656, 13.4325890519711","52.5174377, 13.3898033",10239,2156
"52.58383764656, 13.4325890519711","52.5111669, 13.4430356",15783,3323
"52.58383764656, 13.4325890519711","52.5076615, 13.454537",15473,3058
"52.58383764656, 13.4325890519711","52.5121441, 13.3083771",18228,3850
"52.58383764656, 13.4325890519711","52.5087884, 13.378434",11589,2172
"52.58383764656, 13.4325890519711","52.5019061, 13.3308361",15463,3191
"52.58383764656, 13.4325890519711","52.5088651, 13.2707514",16634,3696
"52.58383764656, 13.4325890519711","52.5264743, 13.39691",9550,2100
"52.58383764656, 13.4325890519711","52.5106807, 13.419484",10991,2865
"52.58383764656, 13.4325890519711","52.4602228, 13.5056519",20043,4158
"52.58383764656, 13.4325890519711","52.474199, 13.141735",31796,6231
"52.58383764656, 13.4325890519711","52.5021802, 13.364582",12751,2740
"52.58383764656, 13.4325890519711","52.5205791, 13.4089041",11798,2376
"52.58383764656, 13.4325890519711","52.4986678, 13.3566505",13746,3128
"52.58383764656, 13.4325890519711","52.520848, 13.4084747",11801,2378
"52.58383764656, 13.4325890519711","52.49694, 13.4540533",15241,2879
"52.58383764656, 13.4325890519711","52.4840199, 13.4053429",18175,3916
"52.58383764656, 13.4325890519711","52.5049039, 13.4431471",15540,3119
"52.58383764656, 13.4325890519711","52.524042, 13.402083",9760,2273
"52.58383764656, 13.4325890519711","52.5071871, 13.390676",11569,2410
"52.58383764656, 13.4325890519711","52.4583565, 13.2889441",31293,4839
"52.58383764656, 13.4325890519711","52.5112074, 13.4169157",10826,2725
"52.58383764656, 13.4325890519711","52.440493, 13.3911183",19256,3448
"52.5528813829551, 13.4095333818263","52.5075075, 13.3903737",7134,1985
"52.5528813829551, 13.4095333818263","52.5542753, 13.3785425",2640,1014
"52.5528813829551, 13.4095333818263","52.5063, 13.3840159",9124,2237
"52.5528813829551, 13.4095333818263","52.5206458, 13.2932877",12045,2149
"52.5528813829551, 13.4095333818263","52.5239216, 13.3888786",5834,1666
"52.5528813829551, 13.4095333818263","52.5168416, 13.3816742",7033,1696
"52.5528813829551, 13.4095333818263","52.5040556, 13.3379413",11526,2562
"52.5528813829551, 13.4095333818263","52.5090125, 13.3792937",7670,1793
"52.5528813829551, 13.4095333818263","52.4983661, 13.3605076",9833,2161
"52.5528813829551, 13.4095333818263","52.5478117, 13.3892456",2627,932
"52.5528813829551, 13.4095333818263","52.5046782, 13.4490212",9470,1954
"52.5528813829551, 13.4095333818263","52.5136642, 13.4727613",6675,1414
"52.5528813829551, 13.4095333818263","52.5016098, 13.381181",8822,1996
"52.5528813829551, 13.4095333818263","52.5214137, 13.4034811",4535,1544
"52.5528813829551, 13.4095333818263","52.5176913, 13.4419715",6471,2136
"52.5528813829551, 13.4095333818263","52.517699, 13.3970326",7004,2078
"52.5528813829551, 13.4095333818263","52.5303108, 13.3186121",7885,1945
"52.5528813829551, 13.4095333818263","52.5146378, 13.3905283",7036,1823
"52.5528813829551, 13.4095333818263","52.5145186, 13.487322",10020,2723
"52.5528813829551, 13.4095333818263","52.5170316, 13.4012274",6004,1930
"52.5528813829551, 13.4095333818263","52.5207714, 13.3889021",6414,1634
"52.5528813829551, 13.4095333818263","52.5027268, 13.4453492",10256,2269
"52.5528813829551, 13.4095333818263","52.5284267, 13.3720175",6193,2077
"52.5528813829551, 13.4095333818263","52.5209131, 13.3871461",6273,1511
"52.5528813829551, 13.4095333818263","52.5304903, 13.3791152",5236,1836
"52.5528813829551, 13.4095333818263","52.4864896, 13.4217418",9727,2562
"52.5528813829551, 13.4095333818263","52.5215057, 13.4069139",4546,1468
"52.5528813829551, 13.4095333818263","52.5174377, 13.3898033",7320,2088
"52.5528813829551, 13.4095333818263","52.5111669, 13.4430356",12390,3323
"52.5528813829551, 13.4095333818263","52.5076615, 13.454537",11677,2878
"52.5528813829551, 13.4095333818263","52.5121441, 13.3083771",13894,2656
"52.5528813829551, 13.4095333818263","52.5087884, 13.378434",7626,1751
"52.5528813829551, 13.4095333818263","52.5019061, 13.3308361",10412,2291
"52.5528813829551, 13.4095333818263","52.5088651, 13.2707514",16602,3146
"52.5528813829551, 13.4095333818263","52.5264743, 13.39691",4960,1890
"52.5528813829551, 13.4095333818263","52.5106807, 13.419484",5882,1807
"52.5528813829551, 13.4095333818263","52.4602228, 13.5056519",14693,3240
"52.5528813829551, 13.4095333818263","52.474199, 13.141735",28595,5199
"52.5528813829551, 13.4095333818263","52.5021802, 13.364582",10221,2474
"52.5528813829551, 13.4095333818263","52.5205791, 13.4089041",4328,1344
"52.5528813829551, 13.4095333818263","52.4986678, 13.3566505",10648,2354
"52.5528813829551, 13.4095333818263","52.520848, 13.4084747",4331,1346
"52.5528813829551, 13.4095333818263","52.49694, 13.4540533",9891,2183
"52.5528813829551, 13.4095333818263","52.4840199, 13.4053429",16915,3394
"52.5528813829551, 13.4095333818263","52.5049039, 13.4431471",7475,2444
"52.5528813829551, 13.4095333818263","52.524042, 13.402083",4253,1319
"52.5528813829551, 13.4095333818263","52.5071871, 13.390676",7166,2010
"52.5528813829551, 13.4095333818263","52.4583565, 13.2889441",20058,3351
"52.5528813829551, 13.4095333818263","52.5112074, 13.4169157",5671,1631
"52.5528813829551, 13.4095333818263","52.440493, 13.3911183",20506,3034
"52.6437364132395, 13.2855854885439","52.5075075, 13.3903737",20154,3814
"52.6437364132395, 13.2855854885439","52.5542753, 13.3785425",14500,3268
"52.6437364132395, 13.2855854885439","52.5063, 13.3840159",21187,3729
"52.6437364132395, 13.2855854885439","52.5206458, 13.2932877",23794,4075
"52.6437364132395, 13.2855854885439","52.5239216, 13.3888786",17897,3158
"52.6437364132395, 13.2855854885439","52.5168416, 13.3816742",19097,3188
"52.6437364132395, 13.2855854885439","52.5040556, 13.3379413",24098,4509
"52.6437364132395, 13.2855854885439","52.5090125, 13.3792937",20145,3428
"52.6437364132395, 13.2855854885439","52.4983661, 13.3605076",22155,4330
"52.6437364132395, 13.2855854885439","52.5478117, 13.3892456",14352,2632
"52.6437364132395, 13.2855854885439","52.5046782, 13.4490212",23675,4552
"52.6437364132395, 13.2855854885439","52.5136642, 13.4727613",20591,3808
"52.6437364132395, 13.2855854885439","52.5016098, 13.381181",20885,3488
"52.6437364132395, 13.2855854885439","52.5214137, 13.4034811",18490,3510
"52.6437364132395, 13.2855854885439","52.5176913, 13.4419715",20499,4104
"52.6437364132395, 13.2855854885439","52.517699, 13.3970326",19278,3777
"52.6437364132395, 13.2855854885439","52.5303108, 13.3186121",19634,3871
"52.6437364132395, 13.2855854885439","52.5146378, 13.3905283",19068,3631
"52.6437364132395, 13.2855854885439","52.5145186, 13.487322",21559,4628
"52.6437364132395, 13.2855854885439","52.5170316, 13.4012274",19129,3965
"52.6437364132395, 13.2855854885439","52.5207714, 13.3889021",18477,3126
"52.6437364132395, 13.2855854885439","52.5027268, 13.4453492",21537,4418
"52.6437364132395, 13.2855854885439","52.5284267, 13.3720175",18432,4034
"52.6437364132395, 13.2855854885439","52.5209131, 13.3871461",18336,3003
"52.6437364132395, 13.2855854885439","52.5304903, 13.3791152",17339,3345
"52.6437364132395, 13.2855854885439","52.4864896, 13.4217418",22729,4039
"52.6437364132395, 13.2855854885439","52.5215057, 13.4069139",18871,3734
"52.6437364132395, 13.2855854885439","52.5174377, 13.3898033",18786,3380
"52.6437364132395, 13.2855854885439","52.5111669, 13.4430356",24330,5087
"52.6437364132395, 13.2855854885439","52.5076615, 13.454537",24020,4822
"52.6437364132395, 13.2855854885439","52.5121441, 13.3083771",26507,5224
"52.6437364132395, 13.2855854885439","52.5087884, 13.378434",20137,3396
"52.6437364132395, 13.2855854885439","52.5019061, 13.3308361",21999,4245
"52.6437364132395, 13.2855854885439","52.5088651, 13.2707514",25182,4470
"52.6437364132395, 13.2855854885439","52.5264743, 13.39691",18098,3324
"52.6437364132395, 13.2855854885439","52.5106807, 13.419484",19539,3639
"52.6437364132395, 13.2855854885439","52.4602228, 13.5056519",28359,5796
"52.6437364132395, 13.2855854885439","52.474199, 13.141735",32694,7717
"52.6437364132395, 13.2855854885439","52.5021802, 13.364582",21394,4114
"52.6437364132395, 13.2855854885439","52.5205791, 13.4089041",18269,3520
"52.6437364132395, 13.2855854885439","52.4986678, 13.3566505",22388,4502
"52.6437364132395, 13.2855854885439","52.520848, 13.4084747",18272,3522
"52.6437364132395, 13.2855854885439","52.49694, 13.4540533",23807,4559
"52.6437364132395, 13.2855854885439","52.4840199, 13.4053429",26378,5335
"52.6437364132395, 13.2855854885439","52.5049039, 13.4431471",21541,4412
"52.6437364132395, 13.2855854885439","52.524042, 13.402083",18308,3497
"52.6437364132395, 13.2855854885439","52.5071871, 13.390676",20116,3784
"52.6437364132395, 13.2855854885439","52.4583565, 13.2889441",30184,5367
"52.6437364132395, 13.2855854885439","52.5112074, 13.4169157",19374,3499
"52.6437364132395, 13.2855854885439","52.440493, 13.3911183",27803,4822
